Zeit;TE1;TM11;TM12;UBE1;TE2;TM21;TM22;UBE2;UCE;IC
0.575599;2555;2555;2555;429;2498;2500;2520;431;2877;0
1.101158;2555;2555;2545;429;2498;2500;2510;431;2883;0
1.61917;2525;2555;2545;428;2505;2500;2510;431;2880;0
2.120285;2545;2555;2545;429;2488;2500;2510;431;2877;0
2.619339;2545;2555;2545;429;2505;2500;2510;431;2880;0
3.118887;2555;2555;2535;428;2515;2500;2500;431;2877;0
3.619265;2535;2555;2545;429;2498;2500;2510;431;2877;0
4.119389;2545;2555;2545;429;2505;2500;2510;431;2877;0
4.619499;2555;2545;2545;429;2515;2500;2510;431;2877;0
5.119242;2525;2555;2545;429;2505;2500;2510;431;2880;0
5.619596;2555;2545;2545;429;2515;2500;2510;431;2880;0
6.120004;2525;2545;2545;429;2488;2500;2510;431;2883;0
6.619101;2525;2555;2545;429;2505;2500;2510;431;2877;0
7.119993;2525;2555;2545;429;2505;2500;2510;431;2880;0
7.619685;2535;2555;2545;429;2515;2500;2510;431;2880;0
8.119222;2535;2545;2545;429;2488;2500;2510;431;2880;0
8.618303;2525;2545;2535;429;2488;2500;2510;431;2880;0
9.118438;2555;2545;2535;429;2498;2500;2510;431;2877;0
9.618526;2525;2545;2545;430;2488;2500;2510;431;2877;0
10.119567;2535;2545;2535;429;2515;2500;2510;431;2880;0
10.619481;2545;2545;2535;429;2488;2500;2510;431;2880;0
11.119428;2555;2545;2545;429;2515;2500;2510;433;2880;0
11.618254;2555;2545;2545;429;2498;2510;2510;431;2883;0
12.118521;2555;2545;2545;430;2498;2500;2510;431;2880;0
12.618967;2555;2545;2545;430;2498;2510;2510;431;2877;0
13.118845;2545;2545;2535;429;2488;2510;2520;430;2883;0
13.619248;2545;2545;2545;429;2505;2510;2520;431;2880;0
14.11901;2525;2555;2535;429;2488;2500;2510;430;2880;0
14.618518;2555;2545;2545;429;2498;2510;2520;431;2880;0
15.118602;2545;2545;2545;429;2488;2510;2520;431;2877;0
15.619288;2555;2545;2545;429;2515;2510;2510;431;2883;0
16.119323;2535;2545;2535;429;2498;2510;2510;431;2880;0
16.61802;2555;2545;2545;428;2515;2510;2510;431;2877;0
17.118807;2555;2545;2555;430;2498;2510;2510;431;2877;0
17.618494;2555;2545;2545;430;2515;2510;2510;809;2068;1440
18.119057;2535;2545;2535;429;2498;2510;2510;805;2036;1440
18.619604;2525;2545;2535;429;2505;2510;2525;802;2017;1440
19.118519;2555;2545;2535;429;2515;2510;2510;800;2004;1440
19.61886;2535;2545;2535;429;2535;2510;2510;798;2001;1440
20.118282;2555;2545;2545;429;2535;2510;2510;796;1991;1440
20.618854;2555;2545;2535;429;2555;2510;2510;794;1982;1440
21.118625;2505;2520;2535;429;2565;2500;2510;794;1978;1440
21.619079;2525;2535;2535;429;2585;2500;2510;792;1972;1440
22.119429;2535;2545;2535;429;2632;2500;2520;791;1966;1440
22.618622;2535;2545;2535;430;2671;2510;2510;789;1962;1440
23.119376;2535;2545;2525;430;2671;2500;2520;788;1956;1440
23.618314;2535;2535;2535;430;2728;2500;2520;788;1956;1440
24.11892;2535;2545;2535;429;2748;2500;2520;787;1953;1440
24.618555;2535;2535;2535;430;2787;2510;2520;786;1946;1440
25.118064;2535;2535;2535;430;2807;2510;2525;785;1943;1440
25.618479;2535;2535;2525;430;2844;2510;2525;784;1943;1440
26.118248;2535;2535;2535;429;2864;2500;2535;783;1934;1440
26.619761;2535;2535;2535;429;2903;2510;2535;782;1918;1440
27.119317;2535;2535;2535;429;2921;2510;2535;782;1915;1440
27.618462;2515;2535;2535;430;2980;2520;2545;781;1911;1440
28.118598;2535;2535;2535;429;3017;2520;2555;780;1911;1440
28.619019;2525;2525;2535;429;3046;2525;2555;779;1908;1440
29.119184;2535;2535;2535;430;3096;2535;2565;780;1905;1440
29.618346;2535;2535;2525;429;3132;2555;2570;779;1905;1440
30.11898;2535;2535;2535;430;3132;2545;2570;779;1905;1440
30.61886;2535;2545;2545;429;3192;2555;2580;778;1899;1440
31.119017;2555;2545;2535;430;3228;2565;2590;777;1899;1440
31.619315;2535;2535;2535;430;3228;2570;2600;777;1899;1440
32.11881;2515;2535;2535;429;3287;2570;2605;777;1899;1440
32.618512;2535;2545;2535;430;3307;2580;2615;776;1892;1440
33.119122;2535;2545;2535;430;3344;2590;2625;776;1895;1440
33.618525;2535;2545;2535;429;3403;2600;2635;775;1892;1440
34.11881;2515;2535;2535;429;3423;2605;2645;774;1892;1440
34.618251;2535;2545;2525;430;3440;2605;2650;774;1889;1440
35.119282;2515;2535;2535;430;3440;2625;2650;774;1892;1440
35.619116;2535;2545;2535;430;3499;2625;2670;773;1889;1440
36.119233;2515;2535;2535;430;3535;2650;2690;773;1892;1440
36.6185;2535;2535;2525;430;3555;2645;2690;772;1889;1440
37.118645;2535;2555;2535;429;3594;2650;2705;773;1889;1440
37.618357;2535;2525;2525;430;3631;2660;2705;772;1886;1440
38.118813;2535;2535;2535;430;3651;2670;2725;771;1886;1440
38.61902;2535;2535;2535;430;3670;2680;2735;771;1883;1440
39.118761;2535;2535;2535;430;3690;2680;2745;770;1886;1440
39.619033;2545;2535;2535;429;3719;2690;2760;771;1879;1440
40.118847;2545;2535;2525;430;3736;2695;2760;771;1883;1440
40.618436;2505;2535;2525;430;3756;2705;2780;769;1879;1440
41.119062;2515;2535;2525;430;3825;2725;2790;770;1876;1440
41.618219;2535;2535;2525;430;3825;2735;2795;770;1876;1440
42.118052;2535;2535;2525;430;3861;2745;2815;769;1873;1440
42.619056;2535;2525;2525;429;3861;2750;2835;767;1876;1440
43.118533;2535;2535;2525;430;3900;2760;2835;769;1879;1440
43.618501;2535;2535;2545;429;3937;2770;2850;768;1873;1440
44.118953;2515;2535;2525;430;3957;2790;2860;768;1873;1440
44.618934;2515;2535;2535;430;3976;2795;2880;768;1873;1440
45.118198;2525;2535;2525;430;3966;2795;2890;767;1873;1440
45.618852;2535;2535;2525;430;4015;2805;2890;767;1870;1440
46.11908;2535;2535;2525;429;4035;2825;2915;767;1867;1440
46.61853;2535;2535;2525;430;4071;2835;2925;767;1870;1440
47.118812;2535;2535;2525;429;4071;2845;2945;767;1867;1440
47.617963;2515;2535;2525;430;4091;2850;2955;766;1873;1440
48.118632;2535;2535;2525;430;4130;2860;2945;766;1870;1440
48.618618;2515;2535;2525;430;4147;2880;2980;765;1870;1440
49.118893;2515;2545;2525;430;4166;2890;2980;765;1870;1440
49.619241;2535;2535;2525;430;4186;2905;3000;765;1867;1440
50.118959;2515;2535;2535;430;4186;2915;3010;765;1863;1440
50.618336;2515;2535;2525;430;4225;2935;3025;764;1870;1440
51.118559;2525;2535;2535;430;4232;2945;3035;764;1863;1440
51.618304;2535;2535;2525;430;4262;2955;3055;764;1860;1440
52.119483;2535;2535;2525;430;4262;2970;3065;762;1867;1440
52.618653;2515;2535;2535;430;4301;2980;3075;763;1860;1440
53.117274;2515;2525;2525;430;4320;2990;3090;764;1860;1440
53.618965;2525;2535;2525;430;4330;3000;3100;763;1860;1440
54.117355;2555;2535;2525;430;4357;3020;3120;763;1863;1440
54.618389;2535;2535;2525;430;4376;3025;3130;762;1860;1440
55.119131;2515;2535;2525;429;4376;3035;3140;762;1860;1440
55.618481;2535;2535;2525;429;4396;3045;3160;762;1860;1440
56.118001;2535;2535;2525;430;4396;3065;3170;762;1857;1440
56.619051;2555;2520;2525;430;4434;3085;3185;761;1860;1440
57.118675;2535;2535;2525;430;4451;3090;3195;761;1860;1440
57.619107;2525;2535;2525;430;4461;3110;3205;761;1857;1440
58.11816;2535;2535;2525;430;4471;3130;3215;761;1857;1440
58.618876;2515;2535;2525;430;4490;3140;3235;760;1857;1440
59.118865;2525;2535;2525;430;4500;3160;3245;761;1854;1440
59.618759;2525;2535;2525;430;4520;3175;3270;761;1854;1440
60.118926;2515;2535;2525;430;4546;3185;3265;760;1854;1440
60.619418;2535;2535;2525;430;4566;3175;3280;760;1857;1440
61.118497;2535;2545;2525;430;4566;3215;3290;759;1854;1440
61.619001;2515;2535;2525;430;4605;3225;3310;760;1851;1440
62.119873;2535;2545;2525;430;4605;3245;3320;759;1857;1440
62.618544;2535;2545;2525;430;4624;3255;3340;759;1851;1440
63.118354;2535;2545;2525;429;4624;3270;3350;759;1847;1440
63.619279;2525;2535;2525;430;4634;3280;3350;758;1847;1440
64.118174;2505;2535;2520;430;4651;3290;3370;759;1847;1440
64.618451;2535;2535;2525;430;4680;3300;3380;758;1851;1440
65.118679;2525;2535;2525;430;4670;3310;3370;758;1847;1440
65.618844;2515;2535;2525;430;4699;3300;3380;758;1854;1440
66.118733;2525;2545;2525;430;4690;3310;3400;758;1844;1440
66.618975;2535;2535;2525;430;4719;3310;3405;758;1847;1440
67.118807;2535;2545;2525;430;4738;3320;3405;758;1844;1440
67.618363;2505;2535;2525;430;4729;3330;3425;757;1844;1440
68.1185;2525;2535;2525;430;4746;3340;3435;757;1844;1440
68.618843;2535;2535;2525;430;4775;3360;3455;756;1847;1440
69.118854;2505;2535;2525;430;4784;3370;3465;757;1847;1440
69.618554;2505;2535;2525;430;4784;3390;3465;756;1847;1440
70.118435;2525;2535;2525;430;4784;3400;3485;756;1847;1440
70.618312;2535;2535;2525;430;4833;3405;3495;756;1847;1440
71.11859;2525;2535;2525;430;4823;3415;3505;756;1847;1440
71.619049;2515;2535;2525;430;4833;3435;3525;755;1844;1440
72.119358;2515;2545;2525;430;4850;3435;3535;755;1851;1440
72.618737;2515;2535;2525;430;4869;3455;3545;755;1841;1440
73.118502;2525;2535;2525;430;4879;3465;3555;755;1838;1440
73.618608;2515;2535;2525;430;4889;3485;3565;754;1841;1440
74.118634;2525;2535;2525;430;4918;3495;3565;754;1841;1440
74.619392;2515;2525;2525;430;4908;3505;3585;754;1841;1440
75.118533;2515;2545;2525;430;4928;3515;3595;754;1835;1440
75.619144;2515;2535;2525;430;4947;3535;3605;754;1835;1440
76.11845;2525;2535;2525;430;4954;3555;3625;754;1831;1440
76.618338;2535;2545;2525;430;4964;3565;3635;753;1838;1440
77.119414;2535;2535;2525;430;4983;3575;3645;753;1828;1440
77.618981;2515;2535;2525;429;4983;3585;3655;753;1835;1440
78.119137;2515;2535;2525;430;5003;3605;3665;753;1831;1440
78.61884;2515;2525;2525;430;5003;3615;3685;753;1835;1440
79.118408;2535;2535;2525;430;5022;3625;3695;753;1828;1440
79.618131;2515;2535;2525;430;5041;3635;3705;752;1828;1440
80.118662;2535;2535;2525;430;5041;3655;3705;753;1831;1440
80.618641;2515;2535;2525;430;5058;3665;3715;754;1828;1440
81.118469;2535;2535;2525;429;5058;3675;3735;752;1825;1440
81.61846;2515;2535;2525;430;5078;3685;3745;752;1825;1440
82.118175;2515;2555;2525;430;5078;3695;3755;752;1825;1440
82.618551;2535;2525;2525;430;5097;3715;3770;752;1825;1440
83.118619;2535;2535;2525;430;5117;3725;3790;752;1825;1440
83.618644;2515;2535;2525;430;5117;3735;3790;751;1825;1440
84.118259;2515;2545;2525;430;5117;3745;3810;751;1822;1440
84.618951;2535;2535;2525;431;5136;3745;3810;752;1825;1440
85.119021;2535;2535;2525;430;5153;3755;3830;751;1825;1440
85.619;2535;2535;2525;430;5153;3770;3840;751;1825;1440
86.118547;2535;2520;2525;430;5172;3770;3850;750;1831;1440
86.618833;2505;2535;2525;430;5163;3780;3860;750;1825;1440
87.118112;2505;2535;2525;430;5182;3770;3860;750;1822;1440
87.619203;2505;2535;2545;430;5182;3780;3870;750;1825;1440
88.118853;2505;2535;2525;430;5201;3790;3880;749;1825;1440
88.619498;2515;2535;2525;430;5211;3790;3895;750;1822;1440
89.118568;2515;2535;2525;430;5230;3800;3905;750;1822;1440
89.618006;2515;2535;2525;430;5230;3800;3915;750;1822;1440
90.117995;2515;2525;2525;430;5230;3810;3925;749;1825;1440
90.618665;2535;2535;2525;430;5250;3830;3935;749;1819;1440
91.118167;2515;2525;2525;430;5267;3830;3945;749;1819;1440
91.621089;2515;2535;2525;430;5267;3850;3955;749;1822;1440
92.11811;2505;2535;2525;430;5276;3850;3965;749;1819;1440
92.618476;2525;2535;2520;430;5276;3860;3980;748;1819;1440
93.118418;2535;2545;2525;430;5286;3870;3990;748;1819;1440
93.617738;2525;2535;2525;429;5296;3880;4000;749;1819;1440
94.11793;2525;2525;2525;430;5315;3905;4000;748;1819;1440
94.619771;2515;2535;2525;430;5325;3905;4020;748;1819;1440
95.118423;2525;2535;2525;430;5315;3915;4030;748;1815;1440
95.61848;2505;2535;2525;430;5315;3935;4030;748;1815;1440
96.119527;2525;2535;2525;430;5351;3945;4040;747;1815;1440
96.618125;2525;2535;2525;429;5351;3965;4055;747;1819;1440
97.118424;2505;2535;2525;430;5351;3980;4065;748;1815;1440
97.617968;2515;2535;2525;430;5380;3990;4075;747;1812;1440
98.117409;2515;2535;2525;430;5380;4000;4085;747;1815;1440
98.618335;2515;2535;2525;430;5400;4020;4095;747;1815;1440
99.118733;2525;2535;2525;430;5409;4030;4105;747;1812;1440
99.618774;2515;2525;2525;430;5419;4055;4120;747;1812;1440
100.118254;2525;2525;2525;429;5409;4055;4130;747;1812;1440
100.619319;2535;2535;2525;430;5438;4065;4140;746;1812;1440
101.118553;2515;2525;2525;430;5455;4065;4140;746;1819;1440
101.618595;2505;2535;2525;430;5445;4075;4150;746;1809;1440
102.120197;2515;2535;2525;430;5455;4085;4160;746;1812;1440
102.618526;2505;2535;2525;430;5465;4095;4175;746;1812;1440
103.118396;2505;2525;2525;430;5465;4105;4185;745;1815;1440
103.618621;2535;2535;2520;430;5494;4120;4185;745;1809;1440
104.117457;2505;2535;2525;430;5484;4130;4185;745;1812;1440
104.619391;2515;2535;2525;430;5513;4140;4205;745;1809;1440
105.118571;2515;2535;2525;430;5513;4150;4215;744;1809;1440
105.618677;2535;2525;2535;430;5532;4160;4215;745;1809;1440
106.118626;2525;2535;2525;430;5523;4160;4230;745;1812;1440
106.618787;2535;2510;2525;430;5532;4175;4240;744;1812;1440
107.118655;2535;2535;2525;430;5532;4175;4230;744;1809;1440
107.61939;2505;2535;2525;430;5542;4160;4250;744;1809;1440
108.118342;2515;2535;2525;430;5569;4175;4260;745;1809;1440
108.618471;2515;2525;2525;430;5569;4175;4275;744;1806;1440
109.118442;2535;2535;2525;430;5569;4175;4275;744;1809;1440
109.619671;2515;2525;2525;430;5588;4175;4285;744;1806;1440
110.118522;2515;2535;2525;430;5588;4185;4285;743;1812;1440
110.618604;2515;2535;2525;430;5607;4185;4295;743;1806;1440
111.118952;2505;2535;2525;430;5598;4185;4305;743;1806;1440
111.618907;2535;2535;2525;430;5607;4195;4320;743;1806;1440
112.118844;2515;2535;2525;430;5627;4195;4330;743;1812;1440
112.61879;2515;2535;2525;430;5627;4205;4340;743;1806;1440
113.119087;2515;2535;2525;430;5646;4215;4340;742;1806;1440
113.619194;2498;2535;2525;430;5646;4215;4340;742;1806;1440
114.119027;2515;2535;2525;430;5646;4215;4355;742;1809;1440
114.619624;2515;2535;2525;430;5663;4230;4365;742;1809;1440
115.119139;2535;2545;2525;430;5663;4230;4365;742;1809;1440
115.619146;2525;2525;2525;430;5673;4240;4375;742;1806;1440
116.119402;2515;2535;2520;430;5682;4250;4385;742;1809;1440
116.619358;2515;2535;2525;430;5701;4250;4385;742;1806;1440
117.118356;2535;2535;2525;430;5682;4260;4400;741;1806;1440
117.618206;2515;2525;2525;430;5721;4275;4410;741;1803;1440
118.118696;2535;2525;2525;430;5701;4305;4410;742;1803;1440
118.618666;2488;2535;2520;429;5711;4305;4420;741;1803;1440
119.119186;2515;2535;2520;430;5721;4305;4435;739;1806;1440
119.618942;2505;2535;2520;430;5730;4305;4445;741;1803;1440
120.118963;2515;2535;2520;430;5740;4305;4445;741;1809;1440
120.619093;2515;2535;2520;430;5757;4305;4455;741;1803;1440
121.118731;2515;2525;2525;430;5757;4305;4470;741;1806;1440
121.617945;2525;2535;2525;430;5767;4305;4480;741;1803;1440
122.119435;2515;2535;2525;430;5776;4305;4480;740;1803;1440
122.61925;2525;2525;2525;430;5767;4320;4490;740;1803;1440
123.118733;2515;2535;2525;430;5796;4330;4505;740;1799;1440
123.618968;2515;2520;2525;430;5796;4340;4505;740;1803;1440
124.11924;2515;2535;2525;430;5815;4355;4515;739;1799;1440
124.618769;2515;2525;2520;430;5815;4365;4515;739;1806;1440
125.119325;2515;2525;2520;430;5815;4365;4530;739;1806;1440
125.618526;2515;2535;2525;430;5815;4385;4540;739;1799;1440
126.119203;2535;2535;2520;430;5815;4400;4540;740;1799;1440
126.618751;2525;2535;2525;430;5825;4400;4550;740;1803;1440
127.118536;2515;2535;2525;430;5834;4400;4550;739;1803;1440
127.61968;2525;2535;2525;430;5844;4410;4565;739;1803;1440
128.119332;2515;2535;2525;430;5853;4410;4565;739;1799;1440
128.618759;2535;2535;2525;430;5853;4420;4575;739;1803;1440
129.117972;2535;2535;2520;430;5853;4420;4590;739;1796;1440
129.619307;2505;2535;2520;430;5861;4435;4590;738;1793;1440
130.118972;2515;2535;2525;430;5870;4435;4600;739;1799;1440
130.619038;2505;2535;2525;430;5880;4435;4610;738;1796;1440
131.118518;2515;2525;2525;430;5890;4435;4610;738;1796;1440
131.618759;2505;2525;2525;430;5899;4435;4610;738;1803;1440
132.119263;2515;2525;2520;430;5909;4445;4625;738;1799;1440
132.619447;2535;2535;2525;430;5928;4445;4635;738;1796;1440
133.118863;2505;2525;2525;431;5919;4435;4635;738;1803;1440
133.618577;2515;2525;2520;430;5928;4445;4650;737;1796;1440
134.118958;2490;2535;2520;430;5904;4445;4635;737;1799;1440
134.618446;2535;2535;2520;430;5947;4445;4660;737;1796;1440
135.11941;2505;2535;2520;430;5938;4455;4660;737;1799;1440
135.619364;2515;2535;2520;430;5964;4455;4660;738;1796;1440
136.119078;2515;2525;2520;430;5964;4470;4670;737;1796;1440
136.618835;2525;2525;2520;430;5974;4470;4670;737;1793;1440
137.118745;2515;2525;2520;430;5945;4480;4685;737;1796;1440
137.618533;2498;2525;2525;429;5964;4490;4695;737;1799;1440
138.119032;2515;2535;2525;430;5984;4505;4695;737;1793;1440
138.618487;2515;2525;2525;431;5984;4515;4710;736;1796;1440
139.119121;2515;2535;2520;430;5984;4515;4710;737;1799;1440
139.618863;2525;2535;2525;430;6013;4530;4710;737;1796;1440
140.118915;2515;2535;2520;430;6003;4540;4720;736;1796;1440
140.61904;2515;2525;2520;430;6003;4530;4735;736;1793;1440
141.118325;2535;2535;2525;430;6022;4540;4735;736;1790;1440
141.619146;2515;2535;2525;430;6022;4550;4735;736;1793;1440
142.119058;2505;2535;2520;430;6032;4550;4735;736;1796;1440
142.619303;2505;2535;2520;430;6032;4550;4745;736;1793;1440
143.117831;2515;2535;2520;430;6041;4550;4760;736;1796;1440
143.619019;2505;2525;2525;430;6049;4565;4760;736;1796;1440
144.118419;2505;2535;2510;430;6049;4565;4760;735;1793;1440
144.619315;2525;2535;2520;429;6049;4575;4770;735;1790;1440
145.119092;2515;2535;2525;430;6058;4590;4770;735;1793;1440
145.618126;2505;2525;2525;430;6049;4600;4785;735;1793;1440
146.118886;2505;2525;2520;430;6068;4590;4785;735;1790;1440
146.618914;2515;2525;2520;430;6078;4600;4795;735;1790;1440
147.11849;2515;2525;2520;430;6097;4610;4795;735;1793;1440
147.618876;2505;2525;2525;430;6087;4610;4810;735;1790;1440
148.117963;2505;2525;2525;430;6087;4610;4810;734;1790;1440
148.619062;2505;2520;2525;430;6107;4625;4820;734;1790;1440
149.119273;2525;2535;2525;430;6107;4625;4835;735;1793;1440
149.619338;2515;2525;2525;430;6116;4635;4835;735;1793;1440
150.119347;2505;2525;2525;430;6107;4650;4835;735;1793;1440
150.61853;2505;2525;2520;430;6107;4660;4835;734;1790;1440
151.119418;2525;2535;2520;430;6126;4660;4845;734;1787;1440
151.618547;2525;2535;2545;430;6126;4660;4845;734;1793;1440
152.117004;2505;2535;2525;430;6126;4660;4860;734;1793;1440
152.618265;2525;2525;2520;430;6145;4660;4860;734;1790;1440
153.11913;2505;2525;2520;430;6145;4660;4875;734;1793;1440
153.619112;2505;2525;2510;430;6145;4670;4875;734;1790;1440
154.119339;2525;2525;2520;430;6145;4670;4875;734;1790;1440
154.619317;2505;2525;2520;430;6162;4670;4900;734;1787;1440
155.118505;2525;2535;2520;430;6162;4670;4885;734;1790;1440
155.618949;2505;2525;2520;430;6162;4685;4885;733;1787;1440
156.119575;2505;2535;2520;430;6181;4685;4900;733;1790;1440
156.619037;2505;2535;2510;430;6181;4685;4900;734;1787;1440
157.119797;2525;2535;2520;430;6181;4685;4910;734;1787;1440
157.619258;2505;2525;2520;430;6181;4685;4910;733;1787;1440
158.120341;2505;2535;2520;430;6181;4695;4910;733;1790;1440
158.618272;2505;2525;2520;430;6200;4695;4910;733;1790;1440
159.119479;2525;2520;2520;430;6220;4695;4925;733;1787;1440
159.618062;2515;2525;2520;430;6229;4695;4925;733;1790;1440
160.119645;2515;2525;2510;430;6229;4695;4935;733;1783;1440
160.619518;2515;2525;2520;430;6229;4695;4935;733;1790;1440
161.119103;2505;2525;2520;430;6220;4695;4950;733;1787;1440
161.619421;2505;2525;2510;430;6239;4695;4950;732;1780;1440
162.119155;2505;2525;2520;430;6239;4695;4950;733;1790;1440
162.619159;2505;2525;2520;430;6239;4695;4965;732;1787;1440
163.119288;2495;2525;2520;430;6246;4695;4965;732;1790;1440
163.619207;2505;2525;2520;430;6239;4710;4975;732;1787;1440
164.119562;2525;2525;2520;430;6256;4710;4975;732;1787;1440
164.619255;2505;2525;2520;430;6256;4720;4975;732;1787;1440
165.119456;2525;2525;2520;430;6256;4720;4990;732;1787;1440
165.619156;2505;2525;2520;430;6275;4720;4990;732;1787;1440
166.11942;2515;2525;2520;430;6266;4735;5005;732;1790;1440
166.619658;2525;2525;2520;430;6275;4745;5005;731;1787;1440
167.119486;2525;2525;2520;430;6275;4735;5005;731;1783;1440
167.618553;2505;2525;2520;430;6294;4745;5015;732;1787;1440
168.119029;2495;2525;2520;430;6285;4745;5015;732;1790;1440
168.619394;2505;2535;2520;430;6294;4760;5030;731;1783;1440
169.119074;2525;2525;2535;430;6294;4760;5030;731;1783;1440
169.619552;2495;2535;2520;430;6304;4760;5030;731;1787;1440
170.119133;2505;2525;2520;430;6314;4760;5030;732;1787;1440
170.619449;2505;2525;2520;430;6314;4760;5045;731;1783;1440
171.119283;2505;2525;2520;430;6314;4760;5045;731;1787;1440
171.619426;2505;2525;2520;430;6333;4770;5045;731;1783;1440
172.118672;2525;2525;2520;430;6350;4760;5055;731;1780;1440
172.61922;2505;2525;2520;430;6333;4770;5055;729;1783;1440
173.118227;2515;2525;2520;430;6340;4785;5055;731;1783;1440
173.618499;2505;2525;2520;430;6333;4785;5070;730;1783;1440
174.119352;2505;2525;2520;430;6350;4785;5085;731;1787;1440
174.619355;2505;2525;2520;430;6350;4785;5070;731;1783;1440
175.119201;2505;2535;2520;430;6369;4795;5085;731;1783;1440
175.61904;2505;2525;2510;430;6369;4795;5085;731;1787;1440
176.117716;2505;2525;2520;430;6369;4795;5085;730;1783;1440
176.619609;2505;2535;2520;430;6369;4795;5085;730;1787;1440
177.119847;2525;2525;2520;430;6369;4795;5085;730;1787;1440
177.618844;2505;2525;2520;430;6388;4795;5070;730;1783;1440
178.118356;2505;2525;2520;430;6388;4795;5095;730;1780;1440
178.619152;2525;2525;2520;430;6388;4810;5110;730;1783;1440
179.119317;2525;2525;2535;430;6407;4810;5110;730;1780;1440
179.619099;2525;2525;2520;430;6407;4820;5110;730;1787;1440
180.119377;2488;2525;2525;430;6407;4835;5125;730;1787;1440
180.619622;2505;2525;2520;430;6407;4845;5125;730;1780;1440
181.119664;2505;2525;2520;430;6407;4860;5135;730;1783;1440
181.618968;2525;2525;2520;430;6407;4875;5135;730;1780;1440
182.119442;2525;2525;2520;430;6407;4885;5135;730;1783;1440
182.619443;2505;2525;2520;430;6427;4900;5150;730;1780;1440
183.119441;2525;2525;2520;430;6427;4910;5135;729;1783;1440
183.619279;2505;2525;2520;430;6427;4910;5150;729;1780;1440
184.118983;2525;2525;2520;430;6446;4925;5150;729;1780;1440
184.61912;2515;2535;2520;430;6456;4935;5150;729;1783;1440
185.119135;2505;2535;2520;430;6446;4935;5165;729;1783;1440
185.619144;2505;2525;2520;430;6463;4935;5165;729;1780;1440
186.119332;2525;2525;2520;430;6463;4935;5165;729;1783;1440
186.619524;2505;2535;2520;430;6463;4950;5165;729;1780;1440
187.119291;2525;2525;2520;430;6463;4965;5180;729;1780;1440
187.619065;2505;2525;2520;430;6463;4935;5180;729;1783;1440
188.119066;2535;2525;2520;430;6472;4965;5190;729;1783;1440
188.617204;2505;2535;2520;430;6482;4965;5190;729;1780;1440
189.118376;2525;2525;2520;430;6463;4965;5220;729;1783;1440
189.617638;2505;2535;2520;430;6463;4965;5205;729;1780;1440
190.119184;2525;2535;2520;430;6501;4975;5205;728;1780;1440
190.619441;2525;2535;2520;430;6482;4975;5205;728;1780;1440
191.119432;2505;2525;2520;430;6501;4975;5220;728;1780;1440
191.619389;2525;2535;2520;429;6482;4990;5220;728;1777;1440
192.119864;2505;2535;2520;430;6501;4990;5220;728;1780;1440
192.61933;2515;2535;2520;430;6472;4990;5220;728;1780;1440
193.11933;2525;2545;2520;430;6501;4990;5235;728;1777;1440
193.617497;2525;2535;2520;430;6501;5005;5220;728;1777;1440
194.118954;2505;2535;2535;430;6521;5005;5235;728;1777;1440
194.619017;2505;2535;2520;430;6521;4990;5250;728;1777;1440
195.118453;2505;2535;2520;430;6521;5015;5250;728;1783;1440
195.619244;2525;2525;2520;430;6521;5005;5250;728;1777;1440
196.11933;2505;2525;2520;430;6540;5015;5250;727;1780;1440
196.619207;2525;2525;2520;430;6540;5015;5250;728;1777;1440
197.119288;2525;2535;2520;430;6540;5015;5250;728;1777;1440
197.619434;2505;2535;2520;430;6540;5005;5250;727;1780;1440
198.119585;2505;2535;2520;430;6540;5015;5250;727;1783;1440
198.61967;2525;2525;2520;430;6540;5015;5260;728;1780;1440
199.119198;2525;2535;2520;430;6540;5015;5275;727;1777;1440
199.619456;2505;2535;2520;430;6557;5015;5275;727;1780;1440
200.119318;2505;2525;2525;430;6557;5015;5275;727;1774;1440
200.618977;2505;2525;2520;430;6557;5005;5275;727;1777;1440
201.11822;2505;2535;2520;430;6576;5005;5275;727;1777;1440
201.619653;2525;2525;2520;430;6576;5015;5275;727;1777;1440
202.119327;2505;2525;2520;430;6557;5015;5290;727;1777;1440
202.618476;2505;2535;2520;430;6557;5015;5290;727;1777;1440
203.119222;2505;2525;2520;430;6576;5015;5290;727;1777;1440
203.619374;2505;2535;2520;430;6595;5015;5305;727;1774;1440
204.120054;2505;2535;2520;430;6595;5005;5290;727;1780;1440
204.618577;2525;2535;2520;430;6576;5005;5305;727;1777;1440
205.119568;2525;2525;2520;430;6595;5005;5305;727;1780;1440
205.619119;2525;2525;2510;430;6595;5005;5305;727;1780;1440
206.119251;2525;2525;2510;430;6595;4990;5305;727;1777;1440
206.619707;2525;2525;2520;430;6595;5005;5320;727;1771;1440
207.119661;2505;2535;2520;430;6614;4990;5305;727;1774;1440
207.619477;2525;2525;2510;430;6595;4990;5320;726;1777;1440
208.119851;2525;2525;2520;429;6614;4990;5320;726;1774;1440
208.619458;2505;2525;2520;430;6614;5005;5320;726;1780;1440
209.119592;2525;2545;2520;429;6614;5005;5320;726;1780;1440
209.619601;2505;2535;2510;430;6614;5005;5330;726;1777;1440
210.119451;2505;2525;2520;430;6634;5005;5330;726;1777;1440
210.61852;2505;2525;2520;430;6614;5005;5360;726;1780;1440
211.119038;2505;2535;2520;430;6634;5005;5345;726;1774;1440
211.61921;2505;2525;2520;430;6634;5005;5345;726;1774;1440
212.119462;2525;2525;2520;430;6634;5005;5345;726;1774;1440
212.619516;2525;2525;2520;430;6634;5015;5345;726;1774;1440
213.119445;2525;2525;2510;430;6634;5015;5345;726;1777;1440
213.620001;2525;2525;2520;430;6634;5015;5360;726;1774;1440
214.119817;2525;2525;2520;430;6650;5015;5345;726;1771;1440
214.619802;2525;2525;2510;430;6634;5030;5360;726;1777;1440
215.118908;2525;2525;2520;430;6650;5030;5360;726;1774;1440
215.619402;2505;2525;2520;430;6650;5030;5360;728;1774;1440
216.118014;2505;2525;2520;429;6650;5045;5360;725;1774;1440
216.619496;2490;2535;2520;430;6636;5055;5375;726;1774;1440
217.11943;2525;2525;2520;430;6650;5045;5360;725;1774;1440
217.619381;2505;2525;2520;430;6650;5045;5375;726;1774;1440
218.119824;2525;2525;2520;430;6650;5045;5375;725;1774;1440
218.61964;2525;2525;2520;430;6670;5045;5375;726;1774;1440
219.118989;2525;2525;2520;430;6689;5055;5375;725;1777;1440
219.619486;2525;2525;2510;430;6670;5055;5390;725;1777;1440
220.119414;2525;2525;2510;430;6670;5055;5390;725;1774;1440
220.619361;2535;2535;2520;430;6679;5055;5390;725;1774;1440
221.119716;2545;2525;2510;430;6689;5055;5390;725;1774;1440
221.619578;2510;2525;2520;430;6675;5070;5390;725;1774;1440
222.11903;2525;2525;2520;430;6689;5070;5390;725;1777;1440
222.619443;2505;2525;2510;430;6689;5085;5390;725;1774;1440
223.119512;2525;2525;2510;430;6708;5085;5390;725;1777;1440
223.619366;2525;2525;2510;430;6689;5070;5390;725;1771;1440
224.119978;2505;2525;2510;430;6708;5070;5405;726;1771;1440
224.617276;2505;2525;2520;430;6708;5085;5390;725;1774;1440
225.119666;2545;2535;2520;430;6708;5085;5405;725;1780;1440
225.618959;2505;2525;2520;430;6727;5085;5420;724;1771;1440
226.119448;2525;2525;2510;430;6727;5070;5420;725;1771;1440
226.619806;2525;2525;2520;430;6727;5085;5405;727;1771;1440
227.11904;2505;2525;2520;430;6708;5085;5420;724;1774;1440
227.61911;2525;2525;2510;430;6727;5085;5420;725;1771;1440
228.118296;2505;2525;2520;430;6708;5085;5435;725;1777;1440
228.619676;2525;2525;2520;430;6727;5085;5435;725;1774;1440
229.119312;2525;2525;2520;430;6727;5085;5435;725;1771;1440
229.619644;2525;2535;2520;430;6727;5095;5435;725;1774;1440
230.120106;2525;2535;2520;430;6727;5110;5435;724;1774;1440
230.620202;2505;2525;2520;430;6747;5110;5435;725;1771;1440
231.119358;2505;2525;2520;430;6747;5135;5435;724;1771;1440
231.619295;2525;2535;2520;430;6747;5150;5435;725;1771;1440
232.119766;2525;2525;2520;430;6747;5165;5435;724;1771;1440
232.619446;2535;2525;2520;430;6756;5180;5450;725;1771;1440
233.119765;2525;2535;2520;430;6747;5190;5435;724;1774;1440
233.619349;2505;2535;2520;430;6727;5190;5450;724;1771;1440
234.119573;2525;2535;2520;430;6747;5205;5450;725;1774;1440
234.618816;2525;2535;2520;429;6747;5220;5450;724;1777;1440
235.119146;2505;2535;2520;430;6727;5220;5450;724;1774;1440
235.619184;2505;2535;2520;430;6747;5220;5450;726;1771;1440
236.119878;2525;2535;2520;430;6727;5220;5465;724;1774;1440
236.619019;2505;2535;2520;430;6747;5220;5465;724;1771;1440
237.118349;2525;2525;2520;430;6747;5220;5465;723;1767;1440
237.618316;2505;2535;2520;430;6763;5220;5465;724;1774;1440
238.119417;2535;2535;2520;430;6773;5235;5465;724;1774;1440
238.618382;2525;2535;2520;430;6763;5250;5480;724;1774;1440
239.119264;2505;2535;2510;430;6763;5250;5480;724;1767;1440
239.619;2505;2535;2520;430;6763;5260;5480;724;1771;1440
240.119514;2535;2535;2520;429;6773;5275;5480;724;1771;1440
240.619383;2525;2545;2520;429;6763;5275;5480;724;1771;1440
241.119935;2525;2535;2520;430;6783;5290;5495;724;1771;1440
241.618434;2525;2535;2520;430;6783;5320;5495;724;1777;1440
242.119522;2525;2545;2520;430;6763;5330;5495;724;1771;1440
242.619809;2525;2545;2520;430;6783;5330;5495;724;1771;1440
243.118932;2525;2545;2520;430;6783;5330;5510;724;1771;1440
243.618565;2525;2535;2525;430;6783;5330;5495;723;1771;1440
244.118489;2525;2545;2520;430;6783;5345;5495;724;1767;1440
244.619068;2525;2545;2520;430;6783;5360;5495;724;1774;1440
245.119061;2525;2545;2520;430;6783;5360;5510;723;1767;1440
245.617036;2525;2545;2525;430;6802;5375;5510;723;1774;1440
246.119977;2535;2545;2520;430;6812;5390;5510;723;1767;1440
246.619817;2505;2545;2520;430;6802;5390;5525;723;1771;1440
247.119407;2525;2545;2525;430;6802;5390;5525;723;1771;1440
247.619032;2525;2545;2525;430;6802;5420;5525;723;1774;1440
248.119794;2525;2535;2525;430;6802;5405;5525;723;1774;1440
248.616969;2525;2545;2520;430;6802;5405;5540;723;1767;1440
249.119474;2535;2545;2525;429;6831;5420;5540;723;1767;1440
249.619084;2525;2545;2525;429;6821;5420;5540;723;1767;1440
250.119553;2525;2545;2525;430;6821;5405;5555;723;1764;1440
250.619361;2525;2545;2525;430;6821;5405;5555;723;1774;1440
251.120457;2505;2545;2525;430;6821;5390;5540;723;1774;1440
251.619073;2525;2535;2525;429;6840;5390;5555;723;1771;1440
252.120166;2505;2545;2525;430;6821;5390;5555;723;1771;1440
252.618863;2525;2545;2525;431;6821;5375;5570;723;1771;1440
253.119532;2525;2545;2525;430;6821;5375;5570;722;1771;1440
253.619354;2545;2535;2525;430;6840;5375;5570;723;1771;1440
254.119471;2505;2545;2525;429;6840;5360;5570;723;1767;1440
254.619481;2525;2545;2525;429;6840;5360;5570;723;1771;1440
255.118624;2545;2545;2525;430;6840;5360;5585;723;1771;1440
255.619723;2525;2525;2525;430;6857;5345;5570;723;1767;1440
256.119641;2525;2545;2525;430;6840;5345;5570;723;1774;1440
256.619216;2525;2545;2525;430;6857;5330;5585;722;1774;1440
257.119361;2515;2535;2525;429;6867;5330;5585;723;1767;1440
257.619683;2525;2535;2525;429;6857;5330;5585;723;1771;1440
258.119342;2525;2545;2525;430;6857;5320;5585;722;1767;1440
258.618524;2525;2545;2525;430;6857;5330;5585;722;1774;1440
259.11942;2525;2535;2525;430;6857;5330;5585;722;1771;1440
259.620156;2525;2535;2525;430;6876;5330;5585;722;1771;1440
260.119375;2505;2535;2525;430;6857;5330;5585;722;1771;1440
260.619477;2525;2545;2525;430;6857;5330;5585;722;1767;1440
261.119728;2525;2535;2525;430;6857;5330;5585;722;1767;1440
261.619599;2525;2535;2525;430;6876;5330;5585;722;1767;1440
262.119834;2525;2545;2525;430;6876;5330;5585;722;1767;1440
262.619114;2525;2545;2525;430;6876;5330;5585;722;1761;1440
263.118984;2525;2545;2525;430;6876;5330;5585;722;1767;1440
263.619159;2545;2535;2525;430;6876;5345;5585;722;1764;1440
264.119437;2525;2535;2525;430;6876;5345;5585;722;1767;1440
264.619319;2525;2545;2525;429;6876;5345;5585;722;1771;1440
265.120065;2525;2535;2525;430;6876;5345;5585;722;1764;1440
265.618841;2525;2545;2525;430;6876;5345;5600;722;1771;1440
266.1195;2525;2545;2525;430;6876;5375;5600;722;1767;1440
266.617934;2525;2545;2525;430;6896;5360;5600;722;1767;1440
267.118905;2525;2545;2520;430;6896;5360;5600;722;1761;1440
267.619334;2525;2545;2525;430;6876;5360;5615;722;1764;1440
268.119247;2525;2545;2525;429;6896;5360;5615;721;1771;1440
268.619415;2525;2545;2525;429;6896;5360;5615;722;1771;1440
269.11898;2525;2545;2525;429;6896;5360;5615;722;1767;1440
269.619404;2525;2545;2525;430;6896;5375;5615;722;1771;1440
270.119523;2525;2545;2525;430;6896;5390;5630;722;1764;1440
270.619929;2525;2545;2525;430;6876;5390;5630;721;1767;1440
271.119562;2545;2545;2520;429;6896;5390;5630;722;1764;1440
271.619122;2525;2545;2525;429;6915;5405;5630;721;1771;1440
272.11934;2525;2545;2535;430;6915;5405;5630;722;1771;1440
272.619511;2525;2545;2525;429;6896;5405;5630;722;1767;1440
273.119593;2525;2545;2525;430;6915;5390;5630;721;1767;1440
273.619563;2545;2545;2525;429;6915;5420;5630;722;1771;1440
274.119306;2545;2545;2525;429;6915;5390;5630;722;1764;1440
274.619487;2525;2545;2525;429;6915;5405;5630;721;1764;1440
275.119248;2525;2545;2525;429;6915;5405;5630;721;1771;1440
275.619532;2525;2545;2525;430;6934;5390;5630;721;1764;1440
276.118644;2525;2545;2525;429;6915;5375;5645;721;1771;1440
276.619123;2525;2545;2525;430;6934;5375;5630;721;1771;1440
277.119512;2525;2545;2520;429;6934;5375;5645;721;1771;1440
277.61849;2525;2555;2525;429;6934;5360;5630;721;1764;1440
278.119586;2525;2545;2525;430;6934;5330;5645;721;1767;1440
278.616772;2545;2545;2525;430;6951;5290;5645;721;1764;1440
279.117577;2505;2545;2525;430;6934;5275;5645;721;1771;1440
279.618489;2525;2545;2525;429;6951;5290;5645;721;1767;1440
280.119635;2545;2545;2525;430;6951;5290;5645;721;1764;1440
280.616975;2525;2545;2535;429;6934;5305;5645;721;1764;1440
281.119675;2525;2545;2525;429;6934;5330;5645;721;1764;1440
281.619108;2525;2545;2525;429;6951;5330;5645;721;1767;1440
282.119596;2525;2545;2525;430;6951;5360;5645;721;1771;1440
282.617155;2545;2545;2535;430;6934;5345;5645;721;1764;1440
283.118309;2525;2545;2525;429;6951;5330;5660;721;1764;1440
283.61927;2545;2545;2525;429;6934;5345;5660;721;1764;1440
284.11817;2535;2545;2535;430;6961;5360;5675;721;1764;1440
284.618472;2545;2545;2525;431;6951;5345;5660;721;1771;1440
285.118357;2545;2545;2535;429;6934;5345;5675;721;1764;1440
285.618422;2545;2545;2525;429;6934;5345;5660;721;1764;1440
286.115903;2545;2545;2525;429;6951;5360;5660;721;1767;1440
286.619894;2535;2555;2535;429;6961;5330;5675;721;1767;1440
287.119373;2525;2545;2535;429;6951;5345;5675;721;1767;1440
287.616729;2545;2545;2535;429;6951;5330;5660;720;1767;1440
288.117569;2545;2545;2535;429;6951;5320;5660;721;1764;1440
288.619467;2545;2545;2535;429;6951;5320;5645;721;1764;1440
289.119267;2545;2555;2535;430;6951;5330;5645;721;1767;1440
289.619417;2525;2555;2535;429;6951;5320;5660;721;1764;1440
290.119474;2525;2565;2535;429;6970;5330;5660;722;1767;1440
290.61931;2525;2565;2535;430;6951;5320;5660;721;1767;1440
291.119519;2525;2545;2535;429;6970;5320;5660;721;1767;1440
291.619831;2525;2545;2535;430;6970;5305;5660;721;1764;1440
292.118932;2545;2545;2535;429;6970;5330;5660;721;1764;1440
292.618988;2545;2555;2535;429;6970;5330;5675;721;1764;1440
293.11922;2535;2545;2535;430;6980;5330;5660;720;1764;1440
293.61928;2545;2555;2535;430;6970;5345;5675;720;1764;1440
294.118523;2505;2545;2535;430;6970;5360;5660;720;1764;1440
294.61963;2545;2555;2525;430;6970;5375;5660;720;1764;1440
295.119268;2525;2555;2525;429;6951;5390;5660;720;1764;1440
295.619579;2525;2555;2535;429;6970;5405;5675;721;1767;1440
296.119451;2535;2525;2535;429;6961;5435;5675;722;1767;1440
296.619138;2525;2545;2535;429;6970;5450;5675;720;1764;1440
297.119506;2545;2555;2535;429;6951;5465;5675;720;1767;1440
297.618579;2545;2555;2535;429;6970;5480;5690;720;1767;1440
298.118762;2545;2555;2535;429;6951;5510;5690;720;1767;1440
298.61818;2545;2555;2535;429;6970;5525;5690;720;1767;1440
299.119409;2545;2545;2535;429;6970;5525;5705;720;1764;1440
299.61942;2545;2555;2535;429;6970;5540;5690;720;1764;1440
300.119212;2525;2555;2535;429;6989;5555;5705;720;1764;1440
300.619221;2555;2555;2535;429;6999;5555;5705;720;1767;1440
301.119409;2525;2555;2535;430;6970;5570;5705;720;1761;1440
301.619429;2545;2555;2535;430;6970;5570;5725;720;1764;1440
302.119664;2545;2565;2545;429;6970;5570;5725;720;1767;1440
302.618914;2545;2580;2535;429;6970;5585;5725;721;1764;1440
303.119451;2555;2565;2535;430;6999;5585;5725;720;1764;1440
303.619396;2545;2565;2535;429;6989;5600;5740;720;1767;1440
304.119094;2565;2565;2535;429;6989;5600;5740;720;1767;1440
304.619024;2525;2555;2535;429;6989;5600;5740;720;1764;1440
305.119346;2545;2555;2525;429;6970;5615;5740;720;1761;1440
305.616708;2555;2555;2535;429;7018;5600;5740;720;1771;1440
306.119344;2555;2555;2545;429;6999;5615;5740;720;1761;1440
306.619062;2555;2565;2545;429;6999;5630;5740;720;1761;1440
307.119065;2525;2555;2545;429;6989;5630;5740;720;1764;1440
307.619133;2575;2555;2535;429;6999;5630;5740;720;1761;1440
308.119077;2555;2565;2545;429;6999;5615;5740;720;1764;1440
308.617215;2535;2565;2545;429;7018;5615;5740;720;1764;1440
309.119179;2575;2565;2545;429;7018;5630;5755;720;1764;1440
309.619575;2555;2570;2545;429;7018;5645;5755;720;1761;1440
310.119743;2555;2565;2545;430;7018;5645;5755;720;1767;1440
310.618377;2555;2565;2545;429;7018;5645;5755;720;1764;1440
311.119128;2555;2565;2545;429;7018;5630;5770;720;1764;1440
311.619244;2555;2565;2545;429;7018;5630;5755;720;1761;1440
312.119186;2555;2565;2545;429;7018;5645;5755;720;1761;1440
312.618621;2535;2565;2545;430;7018;5645;5755;720;1764;1440
313.119973;2555;2565;2545;429;7018;5645;5770;720;1767;1440
313.618381;2555;2565;2545;429;7038;5660;5755;720;1761;1440
314.119277;2555;2565;2545;430;7018;5660;5770;720;1764;1440
314.619858;2555;2570;2555;429;7038;5660;5770;720;1764;1440
315.118758;2555;2565;2555;429;7038;5660;5770;720;1767;1440
315.619666;2555;2565;2545;429;7038;5645;5770;720;1761;1440
316.118832;2555;2565;2545;429;7038;5660;5770;720;1764;1440
316.619171;2555;2565;2545;429;7038;5660;5770;719;1761;1440
317.119288;2545;2565;2555;429;7028;5675;5770;720;1764;1440
317.619386;2555;2565;2545;429;7038;5675;5770;720;1767;1440
318.118573;2575;2565;2545;429;7038;5675;5770;719;1767;1440
318.619099;2555;2565;2555;429;7038;5675;5770;719;1764;1440
319.119367;2555;2570;2555;429;7038;5675;5785;720;1764;1440
319.619174;2555;2570;2545;429;7038;5675;5770;719;1761;1440
320.119621;2555;2570;2555;429;7038;5675;5770;720;1764;1440
320.618811;2555;2565;2555;429;7038;5675;5785;719;1764;1440
321.119226;2555;2565;2555;429;7038;5690;5785;720;1761;1440
321.619658;2535;2570;2555;429;7057;5675;5785;719;1767;1440
322.119349;2555;2570;2555;429;7038;5675;5805;720;1758;1440
322.61964;2535;2565;2555;429;7038;5675;5785;721;1761;1440
323.118863;2555;2565;2555;429;7038;5675;5805;719;1767;1440
323.61914;2555;2570;2555;429;7057;5675;5805;720;1761;1440
324.119474;2555;2570;2555;429;7057;5675;5805;719;1764;1440
324.618523;2555;2570;2545;429;7057;5675;5805;719;1761;1440
325.119464;2555;2570;2555;431;7057;5660;5805;721;1764;1440
325.618166;2555;2570;2555;429;7038;5660;5805;719;1761;1440
326.118629;2535;2570;2555;429;7038;5645;5805;719;1758;1440
326.6196;2555;2570;2555;429;7057;5645;5805;719;1761;1440
327.119527;2555;2570;2555;429;7057;5660;5805;719;1767;1440
327.618947;2555;2570;2555;429;7057;5645;5805;719;1764;1440
328.120004;2555;2580;2555;429;7057;5645;5805;719;1761;1440
328.619803;2555;2580;2555;429;7057;5645;5820;719;1761;1440
329.119148;2575;2570;2555;429;7057;5645;5820;719;1761;1440
329.620106;2555;2570;2555;429;7057;5645;5820;719;1761;1440
330.120166;2555;2580;2555;429;7057;5630;5820;719;1758;1440
330.618133;2555;2570;2545;429;7057;5630;5820;719;1761;1440
331.118602;2555;2570;2565;429;7074;5645;5835;719;1764;1440
331.618726;2555;2570;2555;429;7074;5645;5820;719;1764;1440
332.119426;2575;2570;2555;429;7074;5660;5820;719;1764;1440
332.619815;2535;2570;2555;429;7074;5660;5820;719;1761;1440
333.119036;2555;2580;2555;429;7074;5690;5820;719;1764;1440
333.619054;2555;2570;2555;429;7074;5690;5820;719;1764;1440
334.119352;2545;2570;2555;429;7064;5705;5820;719;1761;1440
334.618813;2535;2570;2555;429;7074;5725;5820;719;1764;1440
335.119915;2555;2570;2565;429;7093;5740;5820;719;1764;1440
335.619427;2575;2570;2555;429;7074;5725;5820;719;1758;1440
336.119424;2555;2570;2565;429;7074;5755;5820;719;1764;1440
336.619331;2535;2570;2555;429;7093;5755;5835;719;1764;1440
337.119261;2575;2570;2565;429;7074;5755;5835;718;1761;1440
337.618909;2565;2570;2555;429;7083;5770;5850;719;1758;1440
338.11981;2545;2580;2555;428;7083;5770;5835;719;1761;1440
338.619214;2555;2570;2565;429;7074;5785;5835;719;1761;1440
339.118775;2575;2570;2555;429;7093;5770;5850;719;1761;1440
339.61936;2545;2570;2565;429;7083;5770;5835;718;1761;1440
340.119279;2545;2580;2565;429;7083;5755;5850;718;1761;1440
340.619912;2555;2590;2565;429;7074;5740;5850;719;1761;1440
341.119076;2575;2580;2565;429;7093;5740;5850;718;1764;1440
341.619499;2555;2580;2565;429;7112;5725;5850;719;1764;1440
342.119372;2555;2580;2565;429;7112;5725;5850;719;1761;1440
342.618161;2555;2565;2555;428;7112;5725;5850;719;1758;1440
343.119265;2555;2570;2565;429;7093;5740;5850;719;1764;1440
343.619202;2575;2570;2565;429;7112;5740;5850;719;1758;1440
344.11976;2555;2580;2555;429;7112;5740;5850;718;1758;1440
344.618006;2555;2580;2565;429;7112;5755;5850;718;1761;1440
345.119216;2545;2580;2565;429;7102;5770;5850;718;1764;1440
345.619413;2555;2580;2565;429;7093;5755;5870;719;1758;1440
346.119265;2565;2580;2555;428;7102;5770;5870;718;1764;1440
346.61948;2575;2580;2565;429;7112;5770;5870;719;1761;1440
347.118265;2594;2590;2565;429;7112;5770;5870;719;1764;1440
347.619216;2575;2580;2565;428;7131;5770;5885;718;1761;1440
348.119173;2575;2580;2565;429;7131;5770;5850;718;1761;1440
348.619349;2555;2580;2565;429;7112;5785;5870;719;1761;1440
349.119555;2565;2580;2565;429;7122;5785;5870;718;1761;1440
349.619971;2575;2580;2565;429;7112;5785;5870;718;1758;1440
350.119518;2575;2580;2565;429;7131;5785;5870;718;1758;1440
350.619458;2555;2580;2565;429;7131;5785;5870;718;1764;1440
351.119322;2565;2580;2565;429;7122;5805;5870;718;1764;1440
351.619309;2575;2580;2565;429;7150;5805;5870;718;1761;1440
352.119049;2575;2590;2565;429;7131;5820;5870;718;1764;1440
352.618912;2555;2590;2570;429;7131;5820;5870;718;1761;1440
353.119546;2555;2580;2565;429;7131;5820;5870;718;1758;1440
353.6195;2555;2580;2570;429;7131;5835;5870;718;1761;1440
354.119108;2555;2580;2565;429;7131;5850;5870;718;1758;1440
354.619278;2575;2580;2565;428;7131;5850;5870;718;1761;1440
355.119096;2555;2580;2570;429;7131;5850;5885;718;1758;1440
355.619252;2555;2590;2570;429;7112;5835;5885;718;1761;1440
356.119677;2575;2580;2570;429;7150;5835;5885;718;1764;1440
356.619448;2575;2580;2570;429;7131;5835;5885;718;1761;1440
357.119367;2555;2580;2570;429;7150;5835;5885;719;1764;1440
357.619512;2555;2590;2570;429;7131;5820;5870;718;1761;1440
358.119946;2575;2590;2570;428;7150;5820;5885;718;1761;1440
358.61849;2575;2590;2570;428;7150;5820;5885;718;1755;1440
359.119061;2555;2590;2570;428;7150;5820;5870;718;1764;1440
359.619735;2555;2590;2590;429;7150;5805;5885;718;1764;1440
360.119494;2565;2590;2570;429;7141;5785;5885;718;1761;1440
360.619489;2575;2590;2565;429;7150;5770;5920;718;1758;1440
361.119651;2575;2590;2570;429;7167;5770;5870;718;1758;1440
361.619291;2575;2590;2570;429;7167;5755;5870;718;1758;1440
362.119616;2594;2600;2570;428;7167;5740;5870;718;1758;1440
362.619293;2575;2600;2565;428;7167;5725;5870;717;1761;1440
363.119125;2585;2590;2570;428;7160;5725;5870;718;1761;1440
363.619108;2575;2590;2570;428;7148;5725;5870;718;1761;1440
364.117467;2575;2590;2570;428;7167;5725;5870;718;1758;1440
364.619415;2565;2590;2570;429;7158;5705;5870;718;1764;1440
365.118933;2575;2590;2580;429;7167;5725;5885;718;1761;1440
365.61719;2575;2590;2570;427;7167;5705;5885;718;1758;1440
366.119156;2575;2590;2570;429;7167;5690;5885;718;1761;1440
366.619198;2575;2590;2580;428;7167;5675;5885;718;1764;1440
367.119773;2575;2600;2580;429;7167;5660;5885;718;1761;1440
367.618723;2575;2590;2570;428;7167;5645;5885;718;1758;1440
368.11929;2575;2590;2570;428;7167;5615;5885;717;1764;1440
368.616862;2575;2590;2570;428;7187;5600;5885;718;1758;1440
369.119195;2594;2590;2570;429;7167;5585;5885;717;1764;1440
369.619623;2575;2590;2570;428;7187;5585;5870;717;1758;1440
370.119245;2575;2590;2570;429;7167;5585;5870;717;1761;1440
370.619036;2575;2590;2580;429;7187;5585;5885;718;1761;1440
371.118404;2575;2590;2570;429;7187;5585;5885;718;1761;1440
371.618974;2575;2590;2570;428;7167;5585;5885;718;1758;1440
372.119007;2575;2580;2570;429;7167;5585;5885;718;1761;1440
372.619633;2575;2580;2570;429;7187;5570;5885;717;1761;1440
373.119216;2575;2590;2570;428;7187;5570;5885;718;1758;1440
373.618858;2575;2590;2570;428;7167;5555;5885;718;1761;1440
374.119577;2575;2590;2570;428;7167;5555;5885;718;1761;1440
374.619529;2575;2590;2570;428;7187;5555;5870;717;1758;1440
375.11937;2575;2590;2570;429;7167;5570;5850;717;1761;1440
375.619597;2575;2590;2565;429;7187;5555;5870;717;1758;1440
376.119664;2575;2590;2570;429;7167;5570;5870;718;1761;1440
376.619118;2594;2590;2570;429;7167;5570;5870;717;1764;1440
377.119436;2575;2590;2570;428;7167;5585;5885;718;1758;1440
377.619183;2575;2590;2570;428;7187;5585;5870;720;1758;1440
378.119553;2575;2590;2570;429;7167;5585;5885;718;1761;1440
378.618809;2575;2590;2570;428;7187;5585;5885;718;1761;1440
379.118122;2575;2590;2570;429;7187;5585;5885;717;1758;1440
379.619505;2575;2590;2570;428;7167;5585;5885;717;1764;1440
380.119505;2575;2590;2570;428;7187;5600;5885;717;1761;1440
380.61858;2575;2590;2570;428;7187;5600;5885;717;1761;1440
381.119409;2575;2580;2570;428;7187;5600;5885;718;1761;1440
381.619143;2575;2590;2570;428;7187;5600;5885;718;1758;1440
382.11835;2575;2590;2570;428;7187;5615;5870;717;1761;1440
382.619118;2575;2590;2570;428;7187;5630;5885;717;1761;1440
383.11957;2575;2590;2570;428;7187;5600;5870;717;1758;1440
383.619834;2575;2590;2570;428;7187;5585;5850;717;1761;1440
384.119391;2565;2590;2565;428;7158;5540;5850;717;1758;1440
384.619454;2575;2590;2570;428;7187;5525;5820;718;1761;1440
385.119415;2594;2590;2570;429;7187;5510;5835;717;1758;1440
385.618922;2575;2590;2570;428;7167;5510;5835;717;1758;1440
386.118803;2575;2590;2570;428;7167;5510;5850;718;1758;1440
386.617288;2575;2600;2565;429;7187;5510;5850;719;1758;1440
387.119216;2575;2590;2570;428;7187;5510;5850;718;1758;1440
387.619113;2575;2590;2570;428;7187;5525;5850;717;1764;1440
388.118925;2575;2590;2570;428;7187;5540;5850;717;1758;1440
388.619882;2575;2590;2570;428;7187;5540;5850;717;1758;1440
389.118428;2575;2590;2570;428;7187;5555;5850;718;1764;1440
389.618451;2565;2590;2570;428;7177;5585;5870;717;1758;1440
390.119423;2575;2590;2570;428;7187;5615;5850;719;1761;1440
390.619868;2585;2590;2570;428;7177;5630;5870;717;1755;1440
391.120114;2575;2600;2570;428;7187;5630;5885;717;1758;1440
391.619301;2575;2600;2570;428;7187;5645;5885;718;1761;1440
392.119431;2594;2600;2570;428;7167;5660;5885;718;1761;1440
392.619201;2575;2600;2580;427;7187;5675;5885;717;1758;1440
393.119399;2575;2600;2570;428;7187;5705;5885;717;1764;1440
393.617724;2575;2600;2580;429;7187;5705;5885;718;1761;1440
394.119921;2575;2600;2580;429;7187;5725;5900;717;1764;1440
394.619012;2575;2600;2580;428;7187;5725;5900;718;1761;1440
395.118884;2594;2600;2570;428;7187;5725;5900;717;1758;1440
395.619148;2594;2600;2580;428;7187;5740;5900;717;1758;1440
396.119481;2594;2600;2570;428;7187;5740;5900;717;1755;1440
396.618736;2594;2590;2580;428;7187;5755;5900;717;1755;1440
397.119216;2594;2600;2580;428;7206;5770;5900;718;1758;1440
397.619388;2594;2600;2570;428;7187;5770;5900;719;1758;1440
398.119083;2594;2605;2580;428;7206;5785;5920;716;1755;1440
398.619352;2575;2600;2580;428;7187;5820;5920;717;1758;1440
399.119518;2594;2600;2580;428;7206;5785;5920;717;1761;1440
399.619073;2594;2605;2580;429;7206;5805;5920;717;1758;1440
400.119095;2594;2600;2580;428;7187;5805;5920;717;1758;1440
400.619499;2575;2600;2580;428;7206;5805;5920;717;1761;1440
401.119572;2575;2600;2580;428;7187;5785;5920;717;1758;1440
401.618583;2594;2600;2580;428;7206;5785;5920;717;1758;1440
402.119435;2594;2605;2580;428;7206;5770;5920;717;1758;1440
402.618927;2575;2600;2580;428;7206;5755;5935;717;1758;1440
403.119649;2594;2605;2580;428;7206;5740;5935;717;1758;1440
403.618752;2594;2600;2580;428;7206;5740;5920;717;1758;1440
404.118794;2594;2600;2580;428;7206;5725;5920;717;1761;1440
404.619444;2594;2605;2580;428;7206;5725;5935;717;1761;1440
405.11928;2594;2600;2580;428;7206;5725;5935;716;1761;1440
405.619362;2594;2605;2590;428;7206;5740;5935;717;1758;1440
406.11946;2594;2605;2580;428;7206;5740;5935;717;1758;1440
406.620057;2575;2600;2590;428;7206;5755;5935;717;1758;1440
407.119468;2575;2605;2580;428;7206;5770;5935;717;1758;1440
407.618307;2594;2605;2580;428;7206;5770;5935;717;1758;1440
408.11942;2575;2605;2590;428;7206;5770;5935;717;1755;1440
408.620165;2594;2605;2590;428;7206;5755;5935;716;1761;1440
409.119769;2575;2605;2590;428;7206;5755;5935;717;1758;1440
409.619417;2604;2605;2590;428;7215;5755;5935;717;1755;1440
410.119055;2594;2605;2580;428;7206;5755;5935;717;1761;1440
410.618098;2594;2605;2590;428;7206;5755;5935;717;1758;1440
411.116332;2594;2600;2590;428;7206;5770;5950;717;1761;1440
411.619055;2594;2600;2590;428;7187;5770;5950;717;1755;1440
412.119942;2594;2605;2590;427;7206;5785;5950;717;1764;1440
412.619936;2594;2600;2590;428;7206;5770;5950;716;1761;1440
413.119495;2575;2600;2590;428;7187;5770;5920;717;1755;1440
413.619676;2594;2605;2590;428;7187;5770;5950;717;1761;1440
414.118841;2575;2600;2590;428;7187;5770;5950;717;1761;1440
414.619557;2594;2605;2590;428;7187;5770;5935;717;1758;1440
415.119212;2594;2600;2590;428;7187;5770;5950;717;1758;1440
415.619327;2594;2600;2580;428;7187;5755;5950;717;1758;1440
416.117912;2604;2605;2590;428;7196;5755;5950;717;1761;1440
416.619161;2575;2605;2590;428;7167;5740;5950;717;1758;1440
417.119223;2594;2605;2590;428;7187;5755;5950;717;1758;1440
417.619356;2594;2605;2590;428;7187;5755;5935;717;1761;1440
418.119986;2575;2605;2590;428;7187;5755;5950;717;1761;1440
418.619366;2594;2605;2590;428;7187;5755;5950;717;1758;1440
419.119093;2612;2605;2590;428;7187;5770;5935;716;1761;1440
419.619432;2594;2605;2590;428;7206;5770;5935;717;1758;1440
420.119026;2594;2605;2590;428;7206;5770;5935;717;1758;1440
420.61895;2594;2605;2590;428;7187;5755;5950;717;1761;1440
421.118502;2612;2605;2590;428;7187;5755;5935;717;1755;1440
421.619273;2594;2605;2590;428;7187;5770;5950;717;1758;1440
422.118736;2594;2605;2590;428;7187;5755;5950;717;1758;1440
422.618563;2594;2605;2590;428;7206;5770;5950;717;1761;1440
423.118491;2594;2605;2590;429;7187;5770;5950;717;1758;1440
423.619097;2604;2605;2590;428;7215;5770;5950;717;1758;1440
424.119277;2594;2605;2590;427;7187;5770;5950;717;1758;1440
424.619136;2594;2615;2590;428;7187;5785;5950;717;1758;1440
425.118833;2585;2605;2590;428;7215;5785;5950;717;1758;1440
425.617498;2594;2605;2590;428;7206;5805;5935;717;1758;1440
426.119217;2612;2605;2590;428;7187;5785;5950;717;1758;1440
426.619091;2604;2605;2590;428;7196;5805;5950;717;1761;1440
427.117141;2604;2605;2590;428;7215;5820;5935;716;1758;1440
427.618684;2594;2605;2590;428;7206;5820;5935;717;1758;1440
428.119139;2604;2605;2590;428;7215;5835;5950;717;1761;1440
428.616638;2604;2605;2590;428;7215;5835;5950;717;1758;1440
429.11795;2612;2615;2590;428;7187;5835;5970;717;1758;1440
429.619507;2612;2615;2590;428;7187;5835;5950;717;1761;1440
430.118883;2612;2605;2590;428;7206;5850;5970;717;1758;1440
430.619151;2594;2615;2590;428;7206;5870;5970;717;1758;1440
431.119416;2612;2615;2590;428;7206;5870;5970;716;1758;1440
431.618599;2612;2615;2590;427;7206;5870;5970;717;1758;1440
432.119143;2604;2615;2600;428;7215;5870;5950;716;1758;1440
432.619576;2594;2635;2590;427;7206;5870;5950;716;1761;1440
433.119508;2604;2615;2600;428;7215;5870;5950;716;1758;1440
433.61855;2594;2615;2590;428;7225;5870;5950;717;1758;1440
434.118634;2594;2615;2590;427;7206;5870;5970;717;1761;1440
434.619319;2612;2615;2600;428;7206;5850;5950;716;1758;1440
435.119488;2594;2615;2600;428;7225;5885;5950;717;1758;1440
435.619627;2604;2615;2600;428;7235;5885;5970;717;1758;1440
436.119744;2594;2615;2600;428;7225;5900;5970;717;1751;1440
436.619396;2612;2615;2590;428;7225;5885;5970;717;1761;1440
437.119188;2594;2615;2590;428;7225;5885;5970;716;1755;1440
437.619102;2612;2615;2600;428;7244;5870;6000;717;1755;1440
438.119466;2604;2615;2600;427;7235;5870;5970;716;1761;1440
438.618451;2594;2615;2600;428;7225;5870;5970;716;1758;1440
439.119416;2612;2615;2600;428;7225;5870;5970;716;1761;1440
439.619375;2612;2615;2600;428;7225;5870;5970;717;1761;1440
440.119443;2575;2625;2590;428;7206;5885;5970;716;1758;1440
440.618076;2594;2635;2600;427;7225;5885;5970;716;1761;1440
441.119588;2575;2625;2600;427;7225;5885;5985;716;1758;1440
441.619144;2612;2625;2590;427;7225;5870;5985;717;1755;1440
442.118519;2594;2625;2600;428;7225;5885;5970;716;1758;1440
442.618249;2594;2625;2600;428;7225;5870;5985;716;1758;1440
443.119259;2594;2605;2600;428;7244;5870;5985;718;1761;1440
443.619027;2594;2615;2600;427;7225;5850;5985;717;1758;1440
444.117795;2594;2625;2600;428;7225;5850;5985;716;1761;1440
444.618418;2594;2625;2600;428;7225;5850;5985;716;1755;1440
445.119313;2612;2615;2600;427;7225;5850;5985;717;1755;1440
445.618262;2604;2615;2600;428;7235;5870;5985;716;1755;1440
446.118474;2612;2615;2600;428;7225;5885;6000;716;1755;1440
446.618845;2612;2605;2600;427;7244;5885;5985;717;1755;1440
447.118479;2594;2625;2600;428;7244;5900;5985;716;1761;1440
447.618686;2622;2625;2600;428;7254;5900;5985;716;1755;1440
448.118083;2604;2615;2605;428;7235;5900;5985;717;1755;1440
448.618862;2612;2625;2600;427;7225;5900;5985;716;1758;1440
449.118367;2612;2625;2600;428;7225;5920;5985;717;1758;1440
449.618987;2622;2625;2600;428;7254;5920;5985;716;1758;1440
450.118184;2594;2625;2605;427;7244;5920;6020;716;1761;1440
450.619023;2612;2625;2600;428;7225;5935;5985;717;1755;1440
451.118578;2612;2615;2605;428;7244;5935;5985;716;1758;1440
451.619036;2612;2625;2605;428;7225;5935;5985;716;1761;1440
452.119479;2594;2625;2605;428;7244;5935;5985;717;1758;1440
452.618574;2612;2625;2600;427;7244;5920;5985;716;1755;1440
453.118414;2622;2625;2605;428;7254;5920;5985;717;1761;1440
453.61891;2604;2625;2605;428;7254;5920;5970;716;1761;1440
454.11896;2594;2625;2605;428;7244;5920;5970;716;1758;1440
454.61884;2604;2625;2605;427;7254;5935;5985;717;1758;1440
455.118552;2641;2625;2605;427;7254;5920;5970;716;1758;1440
455.618999;2622;2625;2605;428;7254;5935;5985;716;1761;1440
456.118585;2612;2625;2605;428;7244;5935;5970;716;1758;1440
456.618389;2622;2625;2605;428;7254;5950;5970;716;1761;1440
457.118402;2612;2625;2605;428;7261;5935;5970;716;1755;1440
457.619167;2604;2625;2605;427;7271;5935;5970;716;1758;1440
458.118415;2594;2625;2605;427;7261;5935;5970;716;1758;1440
458.618889;2612;2625;2605;428;7244;5935;5970;716;1761;1440
459.11837;2612;2625;2605;428;7261;5950;5970;716;1755;1440
459.618877;2594;2625;2605;428;7244;5950;5985;717;1755;1440
460.11852;2594;2635;2605;427;7244;5950;5970;716;1758;1440
460.618562;2622;2625;2605;427;7271;5950;5985;716;1758;1440
461.119039;2622;2625;2605;427;7254;5950;5970;716;1758;1440
461.618565;2612;2625;2605;428;7244;5950;5985;717;1755;1440
462.118429;2594;2625;2600;428;7261;5970;5970;716;1761;1440
462.618219;2604;2625;2605;427;7254;5970;5950;716;1758;1440
463.118344;2604;2625;2605;428;7271;5970;5985;717;1761;1440
463.618275;2612;2625;2605;427;7261;5970;5970;716;1758;1440
464.118795;2612;2635;2605;427;7261;5970;5985;716;1758;1440
464.618104;2594;2635;2605;428;7261;5970;5985;716;1761;1440
465.118362;2612;2625;2605;428;7261;5970;5985;716;1755;1440
465.617932;2612;2625;2605;427;7261;5970;5985;716;1758;1440
466.117556;2604;2635;2605;427;7254;5970;5985;716;1758;1440
466.618574;2622;2635;2605;427;7271;5950;6000;716;1755;1440
467.118947;2612;2635;2605;427;7261;5950;5985;718;1758;1440
467.619254;2604;2625;2605;427;7271;5950;5985;716;1758;1440
468.118936;2612;2635;2615;427;7280;5950;5985;716;1758;1440
468.618381;2612;2635;2605;428;7261;5950;6000;716;1758;1440
469.118464;2602;2625;2605;428;7251;5950;6000;716;1761;1440
469.61846;2612;2625;2605;427;7261;5950;6000;716;1761;1440
470.118721;2612;2635;2615;429;7261;5935;6000;716;1761;1440
470.61863;2612;2625;2605;427;7244;5935;5985;716;1758;1440
471.118533;2594;2625;2615;427;7261;5920;6000;717;1758;1440
471.618989;2632;2635;2605;427;7261;5920;6000;716;1758;1440
472.118247;2594;2625;2615;427;7244;5920;6000;716;1755;1440
472.618066;2612;2625;2605;427;7261;5920;6000;716;1755;1440
473.118595;2594;2635;2605;427;7261;5935;6000;716;1758;1440
473.61867;2612;2625;2605;427;7244;5920;6000;716;1761;1440
474.118556;2612;2635;2615;427;7261;5935;6000;716;1758;1440
474.61897;2612;2635;2605;427;7244;5935;6000;716;1758;1440
475.118956;2612;2625;2615;427;7261;5920;6000;716;1755;1440
475.618195;2612;2625;2615;427;7261;5920;6000;716;1758;1440
476.118761;2612;2635;2605;427;7244;5935;6000;716;1755;1440
476.618062;2632;2635;2615;428;7261;5950;6000;716;1758;1440
477.118187;2612;2635;2615;427;7261;5950;6000;716;1755;1440
477.618986;2612;2635;2615;428;7261;5950;6000;716;1758;1440
478.118429;2612;2625;2615;427;7261;5950;6000;716;1755;1440
478.617924;2622;2635;2615;427;7271;5970;6000;716;1758;1440
479.118615;2612;2625;2615;428;7261;5970;6000;716;1751;1440
479.618598;2612;2635;2615;428;7261;5970;6000;715;1755;1440
480.118253;2622;2635;2615;427;7271;5950;6000;716;1758;1440
480.618827;2612;2635;2615;427;7261;5950;5970;716;1755;1440
481.118429;2632;2635;2615;428;7261;5935;5985;716;1755;1440
481.618996;2612;2635;2615;427;7280;5935;5985;716;1755;1440
482.118814;2612;2635;2615;427;7261;5935;5985;716;1755;1440
482.618778;2602;2635;2615;427;7251;5935;5970;716;1755;1440
483.119087;2594;2635;2615;427;7280;5935;5985;716;1758;1440
483.618562;2612;2635;2615;427;7261;5950;5970;716;1755;1440
484.118513;2612;2645;2615;427;7261;5935;5985;716;1758;1440
484.617667;2594;2635;2615;427;7261;5950;5985;716;1758;1440
485.118599;2612;2645;2615;427;7261;5935;5985;716;1758;1440
485.617622;2594;2645;2615;427;7280;5950;6000;716;1758;1440
486.118828;2594;2635;2615;427;7261;5950;6000;716;1758;1440
486.618528;2612;2645;2615;427;7261;5950;5985;716;1758;1440
487.118286;2612;2635;2615;427;7280;5935;6000;716;1755;1440
487.618739;2632;2635;2625;427;7280;5920;6000;716;1755;1440
488.11706;2612;2635;2615;427;7280;5935;6000;716;1758;1440
488.616974;2612;2635;2625;427;7261;5920;6000;716;1758;1440
489.118517;2594;2635;2625;427;7280;5900;6000;716;1758;1440
489.618268;2612;2645;2615;427;7280;5900;6000;716;1755;1440
490.118272;2612;2645;2615;427;7280;5885;6000;716;1758;1440
490.618629;2612;2635;2615;427;7280;5885;6000;716;1755;1440
491.118036;2612;2635;2615;427;7261;5870;6020;716;1758;1440
491.618149;2612;2635;2615;427;7261;5850;6020;716;1758;1440
492.118542;2612;2635;2615;427;7261;5835;6000;716;1755;1440
492.618254;2612;2645;2615;427;7280;5850;6000;715;1761;1440
493.117714;2594;2635;2615;427;7261;5850;6000;716;1755;1440
493.618452;2612;2645;2615;427;7261;5870;6000;716;1755;1440
494.118262;2612;2645;2615;427;7261;5885;5985;716;1758;1440
494.618361;2632;2645;2615;427;7280;5900;6000;716;1761;1440
495.117917;2632;2660;2615;427;7261;5900;6000;715;1758;1440
495.619061;2612;2645;2625;427;7261;5900;6000;716;1755;1440
496.119032;2612;2635;2615;427;7261;5900;6000;716;1755;1440
496.618847;2612;2645;2615;427;7261;5900;6000;716;1755;1440
497.118974;2612;2635;2615;427;7280;5900;6020;716;1758;1440
497.618326;2612;2645;2615;427;7261;5900;6020;716;1761;1440
498.119003;2612;2645;2615;427;7261;5900;6000;715;1758;1440
498.617787;2612;2645;2615;427;7280;5885;6000;716;1755;1440
499.118629;2622;2625;2615;427;7271;5900;6020;715;1758;1440
499.61855;2632;2645;2615;427;7261;5920;6020;715;1761;1440
500.118381;2632;2645;2625;427;7261;5920;6000;716;1758;1440
500.618538;2622;2645;2615;427;7290;5935;6000;716;1755;1440
501.118423;2622;2645;2625;427;7271;5935;5985;716;1755;1440
501.618949;2632;2645;2625;427;7280;5950;6000;716;1755;1440
502.118415;2612;2645;2615;427;7280;5950;6000;716;1755;1440
502.618342;2641;2645;2615;426;7271;5950;6000;716;1755;1440
503.118667;2612;2645;2615;427;7280;5970;6000;716;1764;1440
503.61824;2612;2645;2615;427;7261;5970;6000;716;1758;1440
504.117958;2622;2645;2615;427;7290;5970;6020;716;1758;1440
504.618923;2612;2645;2615;427;7280;5985;6000;716;1758;1440
505.118656;2612;2645;2635;427;7280;5985;6000;716;1751;1440
505.618231;2612;2645;2625;427;7280;6000;6000;716;1751;1440
506.118037;2632;2645;2615;427;7299;5985;6000;716;1755;1440
506.618435;2622;2645;2625;427;7290;6000;6000;716;1755;1440
507.119121;2612;2650;2625;427;7280;6000;6000;716;1755;1440
507.618203;2632;2650;2625;427;7299;6000;6000;715;1755;1440
508.1191;2622;2645;2625;427;7290;6000;6000;716;1755;1440
508.618498;2641;2645;2625;427;7309;6000;6020;716;1755;1440
509.118371;2632;2645;2615;427;7280;6035;6020;716;1758;1440
509.617943;2622;2645;2625;427;7309;6000;6020;716;1755;1440
510.117769;2612;2650;2615;427;7280;6020;6020;715;1755;1440
510.618374;2632;2645;2635;427;7299;6020;6020;716;1748;1440
511.118108;2622;2650;2625;428;7309;6020;6020;716;1755;1440
511.618409;2612;2650;2625;427;7299;6020;6020;716;1761;1440
512.1181;2641;2645;2625;427;7290;6020;6020;716;1755;1440
512.618719;2641;2650;2625;427;7309;6020;6020;716;1761;1440
513.118786;2592;2645;2625;427;7261;6020;6020;716;1761;1440
513.61893;2612;2645;2625;427;7280;6020;6020;716;1758;1440
514.11901;2612;2650;2625;427;7299;6020;6035;715;1755;1440
514.618903;2632;2650;2625;427;7280;6020;6020;715;1758;1440
515.11845;2641;2650;2625;427;7290;6020;6035;716;1755;1440
515.618058;2632;2645;2625;427;7280;6020;6035;716;1755;1440
516.118405;2622;2645;2625;427;7290;6020;6020;715;1758;1440
516.619097;2632;2650;2625;427;7280;6020;6035;716;1755;1440
517.118351;2612;2650;2625;427;7280;6020;6035;715;1761;1440
517.619166;2632;2645;2625;427;7299;6020;6035;716;1758;1440
518.118405;2632;2645;2625;427;7299;6020;6035;716;1755;1440
518.618511;2612;2650;2625;427;7299;6000;6035;716;1751;1440
519.119025;2632;2650;2625;427;7280;6000;6035;716;1755;1440
519.618135;2632;2645;2625;426;7299;5985;6035;716;1755;1440
520.118407;2651;2650;2625;427;7299;5985;6035;715;1758;1440
520.618892;2612;2650;2625;426;7280;5985;6000;716;1755;1440
521.118205;2612;2650;2625;427;7280;5970;6035;716;1755;1440
521.618488;2632;2650;2625;427;7280;5970;6020;716;1758;1440
522.118065;2632;2645;2615;427;7280;5970;6035;716;1761;1440
522.617812;2612;2645;2625;428;7299;5970;6020;716;1758;1440
523.118071;2632;2650;2625;427;7299;5950;6035;716;1758;1440
523.617838;2632;2650;2625;427;7280;6000;6020;715;1755;1440
524.118835;2622;2650;2625;427;7271;5970;6020;715;1758;1440
524.617723;2622;2650;2625;427;7290;5970;6035;715;1761;1440
525.118224;2632;2645;2625;427;7280;5950;6035;715;1755;1440
525.618278;2641;2650;2625;425;7290;5970;6035;716;1755;1440
526.118352;2632;2650;2625;427;7280;5970;6035;716;1758;1440
526.618617;2622;2645;2625;427;7309;5950;6035;715;1758;1440
527.118013;2641;2645;2625;427;7309;5970;6035;717;1755;1440
527.618838;2641;2645;2625;426;7309;5970;6035;715;1755;1440
528.119103;2612;2645;2625;427;7299;6020;6035;715;1758;1440
528.618739;2651;2645;2625;426;7299;5950;6035;715;1758;1440
529.118619;2641;2650;2625;427;7328;5950;6035;715;1758;1440
529.618086;2622;2650;2625;427;7309;5935;6035;715;1758;1440
530.118496;2641;2650;2625;427;7290;5935;6035;716;1758;1440
530.618429;2641;2650;2625;427;7309;5920;6035;716;1751;1440
531.118462;2641;2650;2625;427;7309;5920;6035;715;1758;1440
531.618338;2641;2660;2635;426;7290;5900;6020;715;1758;1440
532.118339;2612;2650;2635;427;7299;5885;6035;714;1758;1440
532.618091;2622;2650;2635;425;7309;5885;6035;715;1755;1440
533.117245;2641;2650;2635;427;7309;5885;6035;715;1758;1440
533.619185;2622;2650;2635;427;7309;5885;6035;715;1755;1440
534.118779;2641;2650;2625;426;7309;5885;6035;715;1767;1440
534.617884;2641;2650;2635;427;7309;5870;6035;715;1755;1440
535.118381;2641;2650;2615;427;7290;5850;6035;715;1758;1440
535.617909;2641;2650;2635;426;7309;5850;6035;715;1751;1440
536.118888;2641;2650;2635;426;7290;5870;6035;715;1758;1440
536.618494;2641;2645;2635;427;7309;5885;6035;715;1751;1440
537.118361;2622;2650;2635;427;7309;5885;6035;715;1755;1440
537.618853;2641;2645;2635;426;7309;5885;6035;717;1758;1440
538.118758;2641;2660;2635;427;7309;5900;6020;715;1755;1440
538.618003;2632;2650;2635;426;7319;5900;6035;715;1758;1440
539.118342;2641;2650;2635;427;7309;5900;6020;715;1755;1440
539.617998;2641;2650;2635;427;7290;5920;6020;715;1758;1440
540.11831;2641;2650;2625;427;7309;5920;6020;715;1758;1440
540.619322;2641;2650;2635;427;7328;5920;6055;715;1755;1440
541.118759;2641;2650;2635;426;7309;5935;6035;715;1758;1440
541.618771;2641;2650;2635;427;7309;5935;6020;715;1755;1440
542.118744;2632;2650;2615;427;7299;5935;6020;715;1751;1440
542.618566;2641;2650;2625;427;7309;5950;6035;715;1755;1440
543.117792;2661;2650;2635;427;7309;5935;6020;715;1755;1440
543.618125;2641;2660;2635;427;7328;5950;6020;715;1755;1440
544.118364;2632;2650;2635;427;7319;5950;6035;718;1755;1440
544.618402;2661;2660;2635;426;7309;5950;6055;715;1758;1440
545.118564;2641;2660;2635;427;7309;5935;6035;715;1751;1440
545.61836;2641;2650;2635;427;7328;5950;6020;715;1755;1440
546.118396;2651;2660;2635;427;7338;5935;6035;715;1755;1440
546.618574;2612;2660;2635;427;7319;5950;6020;715;1755;1440
547.118065;2641;2660;2635;426;7328;5950;6020;715;1755;1440
547.618618;2641;2650;2635;426;7328;5950;6020;715;1755;1440
548.118879;2632;2660;2635;427;7319;5970;6020;715;1755;1440
548.616544;2641;2660;2635;426;7348;5970;6035;715;1755;1440
549.118108;2661;2660;2635;427;7309;5985;6035;715;1755;1440
549.618035;2661;2660;2635;426;7328;5970;6035;716;1755;1440
550.11882;2641;2660;2635;426;7328;5985;6035;715;1758;1440
550.618494;2641;2650;2635;427;7328;5970;6035;715;1755;1440
551.116507;2632;2660;2635;426;7319;5950;6035;715;1758;1440
551.618063;2641;2650;2635;426;7328;5935;6035;715;1758;1440
552.118891;2661;2650;2645;426;7328;5935;6035;716;1755;1440
552.618086;2641;2650;2645;426;7328;5920;6035;715;1758;1440
553.118546;2641;2660;2635;428;7328;5920;6035;715;1755;1440
553.616557;2632;2660;2635;426;7319;5920;6035;715;1758;1440
554.120198;2641;2660;2635;427;7309;5920;6035;715;1755;1440
554.618746;2661;2650;2635;426;7309;5920;6035;717;1751;1440
555.118643;2622;2660;2635;426;7309;5920;6035;715;1755;1440
555.618547;2641;2660;2645;426;7328;5920;6035;715;1751;1440
556.118602;2641;2660;2645;427;7328;5935;6035;715;1755;1440
556.618375;2661;2660;2635;427;7309;5935;6035;715;1755;1440
557.118036;2641;2660;2635;426;7328;5935;6035;715;1751;1440
557.616843;2641;2660;2645;426;7328;5935;6035;715;1755;1440
558.118337;2641;2660;2645;426;7309;5950;6035;715;1751;1440
558.618888;2661;2660;2645;426;7309;5950;6035;715;1758;1440
559.11844;2641;2660;2645;426;7328;5950;6035;715;1758;1440
559.619028;2661;2660;2645;426;7309;5950;6035;715;1761;1440
560.119492;2661;2660;2645;426;7309;5950;6035;715;1755;1440
560.618432;2641;2660;2645;426;7328;5935;6035;715;1755;1440
561.117946;2661;2660;2645;426;7328;5970;6035;715;1751;1440
561.618441;2641;2660;2645;427;7309;5985;6035;715;1758;1440
562.118439;2641;2660;2635;426;7309;5985;6035;715;1755;1440
562.617661;2641;2660;2645;426;7328;5985;6020;715;1755;1440
563.118561;2612;2660;2645;426;7280;6000;6000;715;1755;1440
563.618662;2641;2660;2645;426;7328;5985;6020;715;1755;1440
564.118345;2661;2660;2645;426;7328;5985;6035;715;1755;1440
564.619423;2632;2660;2645;426;7299;6000;6035;715;1755;1440
565.118758;2641;2660;2645;427;7328;6000;6020;714;1755;1440
565.616868;2671;2660;2645;426;7319;6000;6035;715;1755;1440
566.118255;2641;2660;2645;427;7328;6000;6020;715;1755;1440
566.618018;2641;2670;2645;426;7348;6000;6035;715;1751;1440
567.118368;2641;2660;2645;426;7328;6000;6020;715;1755;1440
567.618949;2661;2660;2645;427;7328;6020;6035;715;1755;1440
568.118173;2641;2660;2645;426;7328;6020;6020;715;1758;1440
568.618252;2641;2670;2645;427;7328;6035;6035;715;1755;1440
569.117176;2661;2660;2645;426;7328;6020;6035;716;1755;1440
569.618432;2661;2660;2645;426;7328;6020;6035;716;1751;1440
570.118417;2632;2660;2645;426;7319;6035;6035;715;1755;1440
570.618526;2661;2660;2645;426;7328;6020;6055;715;1755;1440
571.118331;2641;2670;2645;427;7328;6035;6035;715;1751;1440
571.618752;2641;2660;2645;426;7328;6035;6055;716;1755;1440
572.117889;2661;2660;2635;426;7328;6035;6035;715;1751;1440
572.618376;2641;2660;2645;426;7328;6055;6070;716;1755;1440
573.118294;2651;2660;2645;426;7319;6035;6035;715;1755;1440
573.618819;2632;2670;2645;426;7319;6035;6035;714;1755;1440
574.11796;2651;2670;2645;426;7299;6035;6055;715;1758;1440
574.618643;2641;2660;2645;426;7328;6035;6035;715;1755;1440
575.118843;2661;2650;2645;427;7309;6055;6035;716;1751;1440
575.618974;2622;2660;2645;427;7328;6055;6035;715;1755;1440
576.118831;2661;2660;2645;427;7328;6055;6035;715;1755;1440
576.618493;2641;2660;2645;426;7348;6055;6055;715;1755;1440
577.118362;2641;2670;2645;426;7328;6055;6035;716;1755;1440
577.618634;2661;2660;2645;426;7348;6055;6055;715;1755;1440
578.117794;2641;2670;2645;426;7328;6055;6055;716;1755;1440
578.619658;2661;2660;2645;426;7328;6055;6035;715;1751;1440
579.118728;2661;2670;2645;427;7328;6055;6055;715;1755;1440
579.618102;2641;2670;2645;426;7328;6055;6035;715;1755;1440
580.11895;2661;2670;2645;426;7328;6055;6055;715;1755;1440
580.618757;2661;2660;2645;426;7328;6035;6035;715;1755;1440
581.118443;2651;2660;2645;426;7357;6055;6055;715;1755;1440
581.618096;2641;2660;2645;426;7348;6055;6055;715;1755;1440
582.116011;2661;2660;2645;426;7328;6035;6035;715;1758;1440
582.618036;2661;2660;2645;427;7328;6035;6055;715;1758;1440
583.117906;2661;2660;2650;426;7328;6035;6020;715;1755;1440
583.615967;2661;2660;2645;426;7328;6020;6055;715;1758;1440
584.117428;2641;2670;2645;426;7348;6000;6055;715;1751;1440
584.617755;2632;2660;2645;426;7319;6020;6055;716;1758;1440
585.118487;2632;2660;2650;426;7319;6000;6055;715;1755;1440
585.617786;2641;2660;2645;426;7328;6000;6055;715;1758;1440
586.118208;2661;2660;2645;425;7328;6000;6055;715;1758;1440
586.617761;2661;2660;2645;426;7328;5985;6070;715;1755;1440
587.118513;2641;2670;2645;426;7328;6000;6055;715;1758;1440
587.618285;2661;2660;2645;427;7328;6000;6070;715;1758;1440
588.118445;2661;2670;2645;426;7328;6000;6070;715;1758;1440
588.618426;2661;2660;2645;427;7328;6000;6070;715;1755;1440
589.118875;2641;2660;2645;426;7328;6020;6070;715;1751;1440
589.619077;2681;2670;2650;425;7328;6020;6070;715;1751;1440
590.118456;2661;2660;2650;426;7328;6035;6055;715;1755;1440
590.616418;2632;2660;2645;426;7319;6020;6070;715;1751;1440
591.118646;2661;2660;2645;426;7328;6035;6070;715;1755;1440
591.618084;2661;2670;2645;427;7348;6035;6070;715;1758;1440
592.118973;2641;2670;2645;426;7328;6035;6070;715;1758;1440
592.619017;2661;2670;2645;426;7348;6020;6070;715;1755;1440
593.118437;2661;2660;2645;426;7328;6020;6070;714;1755;1440
593.617388;2641;2660;2645;426;7328;6020;6055;715;1755;1440
594.118124;2661;2670;2645;425;7328;6000;6070;715;1755;1440
594.618809;2651;2660;2645;426;7319;5985;6070;715;1758;1440
595.118213;2661;2660;2645;426;7328;5985;6055;715;1755;1440
595.618525;2651;2660;2645;427;7338;5970;6070;715;1751;1440
596.117448;2641;2660;2645;426;7328;5970;6055;715;1755;1440
596.619198;2641;2660;2645;426;7328;5950;6070;714;1755;1440
597.118119;2661;2660;2645;426;7348;5935;6055;715;1751;1440
597.618518;2641;2660;2645;426;7348;5935;6070;715;1751;1440
598.117304;2632;2660;2645;426;7338;5920;6055;714;1755;1440
598.618201;2661;2660;2645;426;7348;5900;6070;715;1758;1440
599.118828;2651;2660;2645;426;7319;5900;6070;714;1755;1440
599.618782;2651;2660;2645;426;7338;5870;6070;714;1758;1440
600.118231;2632;2660;2645;426;7338;5885;6055;715;1764;1440
600.618156;2661;2660;2645;426;7348;5870;6070;715;1780;1440
601.118437;2632;2660;2635;426;7338;5850;6055;262;2877;0
601.618761;2661;2660;2635;426;7348;5835;6070;269;2880;0
602.118455;2661;2660;2645;426;7309;5835;6070;273;2880;0
602.618482;2651;2660;2635;426;7319;5835;6055;276;2877;0
603.118591;2651;2660;2645;426;7299;5850;6055;280;2880;0
603.618451;2661;2660;2635;426;7290;5850;6055;282;2877;0
604.118513;2632;2660;2635;426;7280;5870;6035;284;2880;0
604.61846;2641;2660;2645;426;7271;5870;6055;287;2877;0
605.118798;2641;2660;2645;426;7254;5870;6035;289;2877;0
605.617945;2661;2660;2645;426;7254;5835;6035;291;2874;0
606.118279;2641;2660;2645;426;7215;5805;6035;292;2880;0
606.61871;2661;2670;2645;426;7196;5770;6035;294;2874;0
607.118817;2641;2660;2645;425;7177;5755;6020;295;2883;0
607.618406;2661;2660;2635;426;7141;5725;6020;297;2880;0
608.119663;2651;2660;2645;426;7112;5705;6035;298;2880;0
608.618479;2651;2660;2635;426;7093;5675;6035;299;2880;0
609.118506;2661;2660;2645;426;7083;5690;6020;301;2877;0
609.618451;2671;2660;2645;426;7038;5675;6020;302;2883;0
610.119175;2641;2660;2635;426;7028;5675;6020;303;2880;0
610.618421;2651;2650;2635;426;6980;5675;6000;304;2877;0
611.118189;2661;2660;2635;426;6970;5660;6000;305;2877;0
611.618765;2661;2650;2645;426;6953;5660;5985;305;2880;0
612.118214;2661;2650;2645;426;6915;5660;5985;307;2877;0
612.618379;2632;2660;2645;426;6867;5660;5985;307;2883;0
613.119222;2661;2660;2645;426;6860;5660;5985;308;2877;0
613.618723;2661;2660;2645;426;6840;5660;5970;309;2877;0
614.117107;2661;2660;2645;426;6821;5675;5970;310;2880;0
614.618767;2661;2660;2645;426;6783;5660;5970;311;2877;0
615.118467;2641;2660;2645;426;6727;5660;5950;312;2880;0
615.618891;2651;2660;2635;426;6718;5645;5935;313;2883;0
616.118567;2661;2650;2645;426;6689;5645;5935;313;2877;0
616.618479;2651;2660;2645;426;6660;5645;5935;314;2874;0
617.11832;2661;2660;2615;426;6634;5645;5935;314;2877;0
617.61841;2651;2660;2645;426;6586;5630;5920;315;2880;0
618.118937;2651;2660;2635;426;6566;5630;5900;315;2880;0
618.618709;2632;2660;2645;426;6549;5630;5900;316;2880;0
619.11714;2671;2660;2645;426;6530;5645;5885;317;2877;0
619.618782;2661;2660;2635;426;6501;5660;5885;317;2880;0
620.118065;2661;2660;2645;426;6482;5660;5870;319;2883;0
620.618049;2661;2660;2645;426;6465;5660;5870;320;2877;0
621.118753;2661;2660;2635;426;6446;5675;5870;319;2880;0
621.618378;2651;2660;2645;426;6379;5675;5850;320;2883;0
622.118989;2651;2660;2635;426;6379;5660;5850;321;2883;0
622.618003;2661;2660;2635;426;6369;5645;5835;321;2880;0
623.117906;2651;2660;2635;426;6323;5645;5835;322;2877;0
623.617968;2651;2660;2645;426;6304;5645;5805;322;2880;0
624.118088;2661;2660;2650;426;6294;5630;5805;323;2880;0
624.618505;2632;2670;2635;426;6266;5630;5785;323;2880;0
625.118718;2651;2660;2635;426;6229;5630;5785;324;2883;0
625.618523;2651;2660;2635;426;6229;5615;5770;324;2880;0
626.118485;2651;2670;2635;426;6210;5600;5770;325;2880;0
626.618046;2632;2660;2635;426;6191;5585;5755;325;2883;0
627.118452;2651;2650;2635;426;6172;5570;5755;326;2877;0
627.618961;2661;2660;2635;426;6145;5570;5740;326;2880;0
628.119815;2651;2670;2635;426;6116;5570;5725;327;2877;0
628.618336;2651;2670;2635;426;6097;5585;5705;327;2877;0
629.118768;2641;2660;2635;426;6087;5570;5705;329;2880;0
629.619483;2671;2660;2635;426;6058;5585;5675;328;2883;0
630.119463;2632;2670;2650;426;6041;5570;5675;329;2883;0
630.618816;2671;2660;2635;426;6041;5570;5660;329;2877;0
631.119458;2651;2670;2635;426;5984;5570;5645;329;2877;0
631.61844;2671;2670;2635;426;5984;5570;5645;330;2880;0
632.119209;2661;2670;2635;426;5974;5570;5630;330;2880;0
632.616563;2651;2670;2645;426;5964;5540;5615;331;2880;0
633.118816;2671;2670;2635;426;5947;5555;5615;332;2880;0
633.619011;2651;2670;2635;426;5928;5540;5615;332;2883;0
634.118946;2651;2670;2635;426;5909;5525;5600;332;2880;0
634.618485;2661;2660;2635;426;5899;5510;5585;332;2877;0
635.119089;2641;2670;2645;426;5880;5480;5585;333;2877;0
635.61912;2651;2670;2635;426;5853;5480;5570;334;2877;0
636.119402;2651;2670;2645;426;5815;5465;5555;334;2880;0
636.618769;2661;2670;2645;426;5825;5435;5555;334;2877;0
637.116513;2651;2660;2635;426;5796;5435;5510;334;2877;0
637.617277;2661;2670;2635;426;5805;5405;5540;335;2883;0
638.119155;2651;2670;2645;427;5776;5390;5510;335;2880;0
638.620428;2661;2670;2645;426;5767;5390;5510;336;2877;0
639.11708;2661;2670;2645;426;5750;5360;5495;336;2880;0
639.619184;2661;2670;2645;426;5750;5345;5480;336;2880;0
640.119526;2661;2670;2645;426;5730;5320;5480;338;2880;0
640.618658;2641;2660;2645;426;5711;5320;5480;338;2880;0
641.11691;2661;2670;2645;426;5692;5320;5450;338;2874;0
641.618245;2661;2670;2645;426;5692;5305;5450;338;2880;0
642.118413;2661;2660;2645;426;5673;5290;5435;339;2877;0
642.618466;2661;2670;2645;426;5656;5290;5420;339;2877;0
643.119383;2661;2670;2645;426;5636;5275;5420;340;2880;0
643.619722;2661;2670;2650;426;5617;5275;5405;339;2883;0
644.119651;2661;2670;2645;426;5617;5275;5390;340;2877;0
644.616307;2651;2670;2645;426;5569;5260;5375;341;2883;0
645.118995;2661;2670;2645;425;5578;5275;5360;341;2877;0
645.619576;2661;2670;2645;426;5561;5260;5345;341;2880;0
646.117104;2661;2670;2645;426;5561;5260;5345;342;2880;0
646.619268;2661;2670;2650;426;5542;5260;5330;342;2880;0
647.118253;2661;2680;2645;426;5542;5260;5330;342;2877;0
647.618997;2661;2670;2645;426;5523;5250;5320;343;2880;0
648.119211;2641;2670;2650;426;5503;5235;5290;342;2877;0
648.619184;2651;2670;2650;426;5494;5205;5290;343;2880;0
649.119441;2671;2680;2645;426;5474;5205;5290;343;2880;0
649.619459;2681;2670;2645;426;5465;5190;5275;344;2877;0
650.118397;2661;2670;2645;426;5465;5180;5260;344;2880;0
650.618783;2661;2670;2645;426;5448;5165;5260;345;2883;0
651.118978;2661;2670;2645;426;5429;5135;5250;345;2877;0
651.617582;2681;2670;2650;425;5429;5150;5250;345;2880;0
652.119745;2661;2670;2645;426;5409;5150;5235;346;2877;0
652.619257;2651;2670;2650;426;5380;5150;5220;346;2877;0
653.118827;2651;2670;2645;426;5380;5150;5220;346;2883;0
653.617089;2651;2660;2645;426;5361;5135;5205;346;2877;0
654.118042;2651;2670;2650;426;5361;5135;5190;347;2877;0
654.619012;2661;2670;2650;426;5371;5135;5190;348;2877;0
655.118425;2661;2660;2650;426;5354;5135;5180;348;2877;0
655.618453;2661;2660;2645;426;5334;5125;5165;348;2877;0
656.118653;2661;2670;2645;426;5315;5095;5150;348;2877;0
656.61905;2681;2670;2650;425;5315;5095;5135;348;2883;0
657.118457;2671;2670;2650;426;5286;5095;5135;349;2883;0
657.619082;2661;2670;2650;426;5276;5085;5125;349;2880;0
658.117011;2661;2670;2650;426;5296;5070;5110;349;2880;0
658.619154;2681;2670;2650;426;5259;5055;5110;350;2880;0
659.118489;2661;2670;2650;426;5259;5055;5085;350;2877;0
659.617508;2681;2670;2650;426;5259;5045;5085;351;2880;0
660.11998;2661;2670;2650;426;5240;5030;5085;351;2877;0
660.619124;2661;2670;2650;426;5221;5015;5070;351;2880;0
661.119561;2632;2670;2645;426;5211;5015;5070;351;2880;0
661.618399;2661;2670;2650;426;5201;5005;5045;351;2883;0
662.118998;2671;2670;2650;426;5172;4990;5045;352;2877;0
662.619395;2661;2670;2645;425;5182;4990;5045;352;2883;0
663.11677;2641;2670;2650;426;5163;4975;5030;353;2880;0
663.619549;2641;2670;2645;426;5163;4965;5015;353;2877;0
664.117624;2671;2670;2645;426;5136;4965;5005;353;2880;0
664.619008;2661;2660;2645;426;5146;4950;5005;353;2880;0
665.119158;2671;2660;2650;426;5136;4950;4990;354;2883;0
665.616735;2681;2660;2645;426;5126;4935;4975;354;2880;0
666.118561;2681;2670;2650;426;5126;4935;4975;354;2883;0
666.619534;2651;2670;2645;426;5097;4935;4965;354;2877;0
667.119019;2661;2670;2645;425;5107;4925;4965;355;2880;0
667.617821;2681;2660;2650;426;5087;4910;4950;355;2877;0
668.119139;2671;2670;2645;425;5097;4910;4935;356;2883;0
668.618924;2661;2670;2650;426;5068;4885;4935;355;2880;0
669.118558;2681;2670;2650;425;5051;4875;4925;356;2883;0
669.619273;2651;2660;2650;426;5022;4845;4925;356;2880;0
670.119468;2641;2660;2650;426;5012;4820;4910;356;2883;0
670.618949;2661;2660;2645;426;5032;4810;4900;357;2880;0
671.119739;2661;2670;2650;424;5012;4795;4885;357;2880;0
671.619067;2651;2670;2650;426;5003;4785;4885;358;2877;0
672.119018;2681;2660;2650;426;4993;4785;4875;358;2880;0
672.619379;2681;2680;2645;426;4974;4760;4860;358;2877;0
673.118923;2661;2670;2650;426;4974;4745;4860;358;2883;0
673.618441;2651;2670;2650;426;4964;4720;4845;359;2883;0
674.119128;2651;2670;2650;426;4947;4720;4835;358;2883;0
674.618428;2651;2670;2650;426;4928;4710;4820;359;2880;0
675.119439;2671;2670;2650;426;4928;4695;4835;359;2877;0
675.618146;2661;2660;2650;426;4918;4670;4810;360;2880;0
676.120139;2661;2660;2650;426;4918;4650;4795;359;2877;0
676.617455;2681;2670;2660;426;4918;4650;4795;360;2877;0
677.119113;2681;2670;2650;426;4918;4625;4795;360;2883;0
677.619383;2661;2660;2650;426;4898;4610;4785;361;2883;0
678.119369;2661;2660;2650;426;4879;4600;4770;361;2877;0
678.618766;2661;2680;2650;425;4879;4590;4760;362;2883;0
679.119406;2661;2660;2650;426;4860;4590;4760;361;2880;0
679.618476;2651;2660;2650;426;4869;4590;4745;361;2880;0
680.119379;2681;2660;2650;426;4843;4575;4735;362;2880;0
680.619557;2661;2660;2645;426;4843;4565;4735;362;2883;0
681.118364;2651;2670;2645;426;4850;4565;4710;363;2877;0
681.618415;2661;2670;2650;426;4823;4565;4710;362;2883;0
682.119819;2651;2670;2650;426;4814;4550;4695;362;2880;0
682.619066;2661;2670;2650;426;4823;4550;4695;363;2874;0
683.119349;2661;2670;2650;426;4804;4550;4685;363;2877;0
683.619413;2661;2670;2650;426;4804;4550;4685;366;2880;0
684.118837;2661;2670;2650;426;4804;4550;4670;364;2877;0
684.619347;2651;2670;2650;426;4775;4550;4660;364;2883;0
685.119599;2661;2670;2645;426;4765;4540;4660;364;2880;0
685.617581;2661;2670;2650;426;4765;4540;4660;365;2877;0
686.11925;2661;2670;2650;426;4765;4540;4650;364;2880;0
686.619237;2681;2670;2650;428;4748;4530;4635;365;2883;0
687.119618;2661;2660;2650;426;4765;4515;4635;365;2877;0
687.618566;2651;2670;2650;426;4719;4515;4625;366;2880;0
688.119793;2661;2670;2650;426;4729;4505;4625;365;2880;0
688.616651;2681;2660;2650;426;4729;4505;4625;366;2883;0
689.117389;2651;2670;2650;426;4699;4490;4600;366;2880;0
689.618936;2661;2670;2650;426;4709;4490;4600;366;2880;0
690.117255;2681;2670;2645;426;4690;4470;4600;367;2877;0
690.617073;2681;2670;2650;426;4670;4480;4590;367;2877;0
691.119092;2651;2670;2650;426;4680;4470;4590;367;2877;0
691.617305;2661;2670;2650;426;4670;4470;4565;367;2874;0
692.117855;2661;2670;2645;426;4670;4480;4575;368;2877;0
692.619477;2661;2670;2650;426;4653;4470;4565;368;2877;0
693.119187;2661;2670;2650;426;4653;4480;4550;368;2883;0
693.619274;2661;2670;2650;426;4634;4470;4550;368;2883;0
694.119286;2681;2670;2650;426;4634;4470;4540;369;2883;0
694.618331;2681;2660;2650;426;4634;4470;4530;369;2880;0
695.118865;2681;2660;2650;426;4614;4455;4515;368;2880;0
695.619363;2681;2670;2645;426;4614;4455;4505;369;2880;0
696.118379;2651;2670;2645;426;4605;4445;4490;369;2877;0
696.619654;2661;2670;2650;426;4595;4445;4480;369;2883;0
697.118866;2661;2670;2645;426;4595;4435;4470;370;2880;0
697.619414;2641;2680;2650;426;4595;4435;4480;369;2880;0
698.119455;2651;2670;2645;425;4546;4435;4455;370;2883;0
698.61875;2651;2650;2650;426;4546;4420;4455;372;2877;0
699.119329;2661;2670;2645;426;4576;4420;4455;370;2877;0
699.617861;2681;2670;2645;426;4556;4410;4445;371;2880;0
700.119415;2661;2670;2645;426;4556;4400;4445;370;2877;0
700.619277;2661;2680;2645;425;4556;4400;4435;371;2877;0
701.119121;2661;2680;2645;426;4539;4400;4435;371;2883;0
701.619143;2641;2670;2645;426;4500;4385;4420;372;2880;0
702.119149;2671;2670;2645;426;4529;4375;4410;372;2883;0
702.619464;2651;2680;2645;426;4490;4385;4410;372;2877;0
703.116855;2661;2680;2645;426;4500;4375;4400;372;2880;0
703.619874;2661;2670;2645;426;4520;4365;4400;373;2880;0
704.119603;2651;2680;2645;425;4490;4355;4385;373;2877;0
704.619419;2661;2670;2645;426;4500;4355;4385;373;2880;0
705.119338;2661;2670;2645;425;4481;4355;4375;373;2877;0
705.619356;2651;2670;2645;426;4490;4340;4365;374;2877;0
706.119137;2661;2670;2645;425;4461;4330;4365;374;2880;0
706.618894;2661;2670;2645;426;4461;4320;4355;373;2880;0
707.118913;2661;2680;2645;426;4461;4320;4340;374;2880;0
707.618952;2661;2670;2645;426;4444;4305;4340;374;2883;0
708.119402;2632;2680;2645;426;4415;4305;4340;374;2883;0
708.619231;2671;2680;2645;426;4434;4295;4330;375;2877;0
709.11937;2671;2670;2645;426;4415;4295;4295;375;2880;0
709.619403;2661;2670;2645;426;4425;4285;4305;375;2877;0
710.119051;2661;2670;2645;426;4425;4275;4305;376;2877;0
710.619713;2661;2670;2645;426;4425;4275;4305;375;2883;0
711.119358;2651;2670;2645;426;4396;4275;4305;376;2883;0
711.619177;2661;2670;2650;426;4386;4260;4295;376;2877;0
712.11885;2651;2670;2645;426;4376;4250;4285;376;2877;0
712.619094;2661;2670;2645;426;4386;4240;4285;376;2874;0
713.118259;2651;2670;2645;426;4376;4230;4285;376;2883;0
713.619396;2661;2670;2645;426;4366;4230;4275;377;2880;0
714.119153;2651;2660;2645;426;4357;4215;4260;377;2877;0
714.619082;2641;2660;2645;426;4366;4205;4260;376;2880;0
715.119039;2661;2660;2650;426;4366;4205;4250;377;2880;0
715.617451;2661;2670;2635;426;4349;4205;4250;378;2877;0
716.119105;2661;2660;2650;426;4330;4205;4230;377;2877;0
716.619225;2661;2660;2650;425;4330;4205;4230;378;2880;0
717.119014;2681;2670;2650;426;4330;4195;4230;378;2883;0
717.618541;2681;2670;2645;426;4330;4195;4230;378;2880;0
718.118127;2661;2670;2650;426;4310;4195;4215;378;2880;0
718.619491;2651;2660;2645;426;4301;4195;4205;378;2880;0
719.117888;2661;2660;2645;426;4310;4185;4205;378;2883;0
719.617561;2651;2670;2650;426;4281;4185;4195;379;2883;0
720.119054;2661;2670;2650;426;4291;4175;4195;379;2877;0
720.618443;2651;2660;2650;426;4281;4160;4185;379;2880;0
721.118945;2681;2660;2650;426;4271;4160;4185;379;2883;0
721.618113;2671;2660;2645;426;4262;4175;4185;380;2877;0
722.119005;2661;2660;2645;426;4252;4175;4175;379;2877;0
722.61672;2651;2660;2650;426;4262;4160;4175;380;2877;0
723.118442;2681;2660;2645;426;4252;4160;4160;380;2877;0
723.617103;2661;2660;2650;426;4235;4150;4160;380;2883;0
724.118316;2661;2660;2650;426;4252;4150;4160;380;2880;0
724.619219;2661;2660;2645;426;4235;4150;4150;381;2883;0
725.116889;2651;2660;2645;426;4205;4140;4140;381;2880;0
725.617328;2641;2660;2645;426;4235;4140;4140;381;2880;0
726.117677;2661;2660;2650;426;4215;4130;4130;381;2877;0
726.617272;2671;2660;2650;426;4186;4130;4130;381;2880;0
727.117574;2661;2660;2645;426;4196;4120;4105;381;2880;0
727.618822;2661;2670;2645;426;4196;4120;4105;382;2877;0
728.1192;2661;2660;2645;427;4196;4095;4105;382;2883;0
728.618499;2651;2660;2650;426;4186;4085;4105;382;2883;0
729.119107;2661;2660;2650;426;4176;4075;4095;381;2877;0
729.619111;2681;2660;2650;426;4176;4065;4095;382;2880;0
730.118623;2661;2660;2650;426;4157;4055;4085;382;2877;0
730.617296;2651;2660;2645;426;4166;4040;4085;382;2880;0
731.119088;2641;2670;2650;426;4157;4040;4075;382;2877;0
731.619133;2651;2650;2650;426;4130;4030;4075;383;2880;0
732.1195;2651;2660;2650;425;4130;4030;4075;383;2877;0
732.619735;2681;2660;2645;426;4157;4030;4065;384;2880;0
733.119738;2651;2660;2650;426;4110;4020;4065;383;2877;0
733.618813;2661;2660;2650;426;4140;4020;4065;382;2877;0
734.11945;2651;2660;2645;426;4130;4020;4055;384;2883;0
734.618404;2651;2660;2650;427;4110;4010;4055;384;2877;0
735.119243;2681;2660;2645;426;4120;4010;4040;384;2880;0
735.618643;2661;2660;2645;425;4101;4010;4030;384;2880;0
736.119481;2651;2660;2650;426;4091;4000;4030;384;2880;0
736.618618;2661;2660;2650;426;4120;4000;4020;384;2880;0
737.118475;2651;2660;2645;426;4091;3990;4020;384;2877;0
737.618836;2661;2645;2650;426;4081;3990;4010;385;2883;0
738.118454;2651;2660;2645;426;4071;3965;4000;385;2880;0
738.619187;2651;2660;2645;426;4071;3980;4000;385;2877;0
739.118347;2651;2660;2645;426;4052;3965;3990;385;2880;0
739.619097;2651;2660;2645;426;4052;3955;3990;385;2883;0
740.119236;2651;2660;2635;425;4052;3945;3990;385;2880;0
740.618955;2651;2660;2645;426;4052;3935;3980;385;2883;0
741.116426;2651;2660;2645;426;4052;3935;3980;385;2880;0
741.616221;2651;2650;2645;426;4052;3905;3965;386;2877;0
742.119408;2651;2660;2650;427;4035;3925;3965;386;2880;0
742.619589;2651;2660;2645;426;4015;3915;3965;386;2880;0
743.117789;2651;2660;2645;426;4015;3915;3955;386;2877;0
743.619101;2671;2660;2645;426;3996;3895;3945;386;2883;0
744.119037;2671;2650;2645;426;4015;3880;3945;386;2880;0
744.618415;2632;2650;2645;426;3976;3870;3935;387;2880;0
745.118348;2661;2650;2645;426;4005;3860;3935;387;2883;0
745.617578;2651;2650;2635;426;3996;3870;3935;387;2880;0
746.120378;2651;2650;2645;426;3996;3860;3925;387;2880;0
746.618378;2661;2650;2645;426;3986;3850;3925;387;2883;0
747.119793;2641;2645;2645;426;3986;3850;3925;387;2877;0
747.619126;2671;2650;2645;426;3976;3850;3905;387;2880;0
748.118547;2651;2650;2625;426;3957;3850;3915;388;2880;0
748.619343;2641;2650;2635;426;3966;3850;3905;388;2880;0
749.11916;2661;2660;2645;426;3966;3850;3905;388;2877;0
749.618679;2632;2650;2645;426;3957;3850;3895;388;2877;0
750.118558;2651;2650;2645;426;3957;3830;3895;388;2877;0
750.619236;2651;2660;2645;426;3937;3830;3880;389;2877;0
751.119016;2661;2650;2645;426;3947;3830;3880;389;2877;0
751.618094;2651;2650;2645;426;3937;3830;3880;389;2883;0
752.11954;2641;2650;2645;426;3930;3830;3870;389;2880;0
752.619467;2671;2650;2645;426;3920;3830;3870;389;2880;0
753.118955;2661;2650;2645;426;3947;3820;3870;389;2883;0
753.619572;2641;2650;2645;426;3930;3820;3860;389;2880;0
754.119414;2651;2650;2645;426;3920;3820;3860;389;2877;0
754.618781;2632;2650;2645;426;3900;3820;3850;390;2880;0
755.119598;2632;2650;2645;427;3881;3820;3840;390;2880;0
755.619547;2632;2650;2645;426;3881;3820;3840;390;2880;0
756.119095;2671;2650;2645;426;3900;3820;3830;390;2880;0
756.619418;2641;2650;2645;426;3891;3810;3830;390;2877;0
757.118935;2661;2650;2645;426;3891;3800;3830;390;2877;0
757.61913;2661;2650;2645;426;3871;3800;3830;390;2880;0
758.119004;2651;2660;2645;426;3881;3790;3820;390;2883;0
758.618793;2671;2660;2645;428;3861;3780;3820;391;2880;0
759.119033;2661;2650;2645;426;3851;3770;3820;391;2877;0
759.619522;2641;2650;2645;426;3832;3770;3810;391;2877;0
760.118613;2651;2660;2645;426;3861;3780;3810;391;2877;0
760.619285;2651;2650;2645;426;3861;3770;3800;391;2883;0
761.118983;2661;2650;2645;426;3851;3780;3800;391;2877;0
761.619618;2671;2660;2645;426;3861;3770;3800;392;2877;0
762.119124;2641;2650;2645;426;3851;3770;3800;392;2880;0
762.618823;2661;2650;2645;426;3851;3770;3790;392;2877;0
763.119149;2641;2660;2645;426;3834;3770;3780;392;2877;0
763.61796;2661;2660;2645;426;3851;3755;3780;392;2880;0
764.119807;2661;2660;2645;426;3851;3745;3780;392;2880;0
764.61908;2661;2650;2645;426;3834;3745;3770;392;2880;0
765.119363;2661;2650;2645;426;3815;3735;3770;393;2877;0
765.617811;2641;2660;2645;426;3834;3735;3755;392;2880;0
766.119226;2661;2670;2645;426;3815;3735;3755;392;2880;0
766.619453;2661;2650;2645;426;3795;3735;3755;393;2880;0
767.119567;2641;2650;2645;426;3815;3725;3745;393;2877;0
767.618625;2641;2660;2645;426;3795;3725;3735;393;2883;0
768.119166;2651;2660;2645;426;3805;3715;3735;393;2877;0
768.619769;2641;2660;2635;426;3795;3725;3725;393;2877;0
769.119145;2641;2650;2645;427;3776;3715;3725;393;2877;0
769.619054;2641;2650;2645;426;3795;3705;3725;394;2883;0
770.119228;2651;2650;2645;426;3766;3705;3715;394;2883;0
770.618629;2641;2660;2645;427;3795;3705;3715;393;2880;0
771.119194;2661;2650;2635;426;3776;3695;3705;394;2877;0
771.616498;2661;2650;2635;426;3776;3695;3705;394;2880;0
772.118463;2632;2650;2635;426;3746;3685;3705;394;2883;0
772.618273;2661;2660;2635;426;3776;3675;3695;393;2877;0
773.117245;2632;2650;2645;426;3746;3665;3695;395;2880;0
773.618415;2641;2650;2645;426;3739;3665;3685;394;2877;0
774.118395;2612;2680;2635;426;3746;3655;3685;395;2877;0
774.618829;2661;2650;2635;427;3739;3645;3675;394;2880;0
775.119536;2661;2660;2645;427;3756;3635;3675;395;2880;0
775.619723;2641;2660;2645;426;3739;3625;3665;395;2883;0
776.120913;2641;2650;2635;426;3739;3615;3665;395;2877;0
776.618976;2632;2650;2635;426;3709;3605;3665;395;2880;0
777.119932;2651;2650;2635;427;3729;3605;3655;395;2880;0
777.618325;2661;2650;2635;426;3739;3605;3645;395;2877;0
778.11628;2661;2650;2635;426;3719;3595;3645;395;2883;0
778.618433;2651;2650;2635;427;3709;3605;3645;396;2877;0
779.119134;2632;2650;2635;427;3690;3595;3635;396;2880;0
779.618918;2651;2650;2635;426;3690;3595;3635;396;2877;0
780.117912;2641;2650;2635;426;3680;3595;3635;396;2880;0
780.618788;2612;2645;2635;426;3709;3585;3635;397;2877;0
781.119136;2632;2650;2635;427;3670;3595;3625;396;2877;0
781.618435;2641;2650;2645;426;3700;3605;3625;396;2880;0
782.119173;2641;2650;2635;426;3680;3585;3625;397;2880;0
782.618311;2641;2650;2635;426;3680;3585;3625;397;2883;0
783.117317;2632;2650;2645;427;3670;3585;3615;397;2880;0
783.620355;2632;2645;2635;426;3670;3575;3615;397;2877;0
784.119658;2641;2650;2635;426;3660;3575;3605;396;2880;0
784.619553;2641;2650;2635;426;3660;3575;3605;398;2883;0
785.119625;2632;2645;2625;426;3651;3575;3605;397;2880;0
785.619097;2632;2650;2635;426;3651;3575;3595;398;2877;0
786.118456;2641;2650;2635;426;3641;3565;3595;397;2880;0
786.619066;2632;2650;2635;427;3651;3565;3585;397;2880;0
787.11931;2661;2650;2635;426;3641;3555;3585;398;2880;0
787.61928;2651;2645;2635;426;3631;3565;3575;397;2880;0
788.119807;2641;2650;2635;426;3660;3555;3575;398;2877;0
788.618631;2632;2625;2635;426;3614;3555;3565;397;2877;0
789.119538;2661;2650;2635;426;3641;3555;3575;398;2877;0
789.619463;2651;2645;2635;426;3631;3545;3565;399;2883;0
790.11872;2651;2645;2635;426;3631;3545;3575;398;2883;0
790.618589;2632;2650;2635;426;3614;3545;3565;399;2877;0
791.118071;2661;2650;2635;427;3624;3545;3555;399;2880;0
791.618535;2641;2650;2635;426;3624;3535;3555;398;2877;0
792.119171;2641;2645;2645;426;3624;3535;3545;399;2880;0
792.619332;2641;2650;2645;427;3604;3535;3555;399;2880;0
793.119645;2641;2650;2645;426;3604;3535;3545;399;2877;0
793.619261;2651;2650;2635;426;3614;3535;3545;398;2877;0
794.119454;2641;2650;2645;427;3604;3525;3545;399;2877;0
794.61927;2661;2650;2645;426;3604;3525;3545;399;2880;0
795.119132;2622;2645;2635;426;3585;3515;3535;399;2877;0
795.619631;2641;2650;2645;426;3585;3505;3535;399;2880;0
796.118984;2651;2645;2645;428;3575;3505;3525;400;2877;0
796.619107;2641;2650;2635;426;3585;3515;3525;400;2877;0
797.119392;2641;2645;2635;425;3585;3505;3525;400;2877;0
797.617671;2681;2650;2645;426;3585;3495;3505;400;2880;0
798.117496;2641;2650;2625;426;3585;3495;3515;400;2880;0
798.619258;2641;2645;2635;426;3565;3495;3505;400;2880;0
799.119375;2632;2650;2635;426;3535;3485;3505;400;2880;0
799.619969;2641;2645;2635;426;3565;3485;3495;400;2883;0
800.118834;2632;2650;2635;426;3535;3475;3495;401;2880;0
800.619378;2612;2645;2635;427;3555;3475;3485;400;2877;0
801.119089;2632;2645;2635;426;3535;3465;3495;401;2880;0
801.617511;2632;2645;2635;426;3535;3465;3485;401;2877;0
802.119377;2641;2650;2625;425;3545;3465;3475;401;2877;0
802.618648;2632;2645;2625;426;3535;3455;3475;401;2877;0
803.119046;2641;2650;2625;427;3528;3455;3475;401;2880;0
803.617155;2661;2645;2635;426;3528;3445;3465;401;2883;0
804.118908;2651;2645;2635;426;3535;3445;3465;401;2880;0
804.618989;2632;2645;2635;427;3518;3445;3465;400;2883;0
805.118922;2632;2645;2625;426;3518;3445;3455;401;2880;0
805.619192;2612;2645;2625;426;3499;3435;3455;402;2877;0
806.119304;2632;2645;2625;426;3518;3435;3445;401;2880;0
806.618454;2661;2645;2635;426;3509;3435;3445;402;2877;0
807.119299;2632;2645;2625;426;3499;3425;3445;402;2877;0
807.618667;2632;2645;2635;427;3499;3425;3445;402;2877;0
808.119334;2641;2645;2635;426;3509;3425;3435;401;2877;0
808.619123;2632;2645;2625;427;3479;3415;3445;403;2883;0
809.119347;2632;2645;2625;427;3499;3425;3435;402;2877;0
809.619062;2641;2635;2635;426;3489;3415;3435;403;2880;0
810.119623;2632;2645;2635;427;3479;3415;3425;402;2877;0
810.619042;2632;2635;2635;426;3479;3415;3435;403;2883;0
811.119587;2622;2645;2635;427;3489;3405;3425;403;2880;0
811.617743;2651;2635;2635;426;3459;3405;3415;403;2877;0
812.119029;2612;2645;2635;427;3459;3405;3415;402;2880;0
812.619102;2632;2645;2635;427;3459;3400;3415;403;2877;0
813.118876;2632;2645;2635;426;3459;3400;3415;403;2883;0
813.618204;2612;2645;2635;427;3459;3400;3405;403;2880;0
814.119347;2632;2645;2635;426;3459;3380;3405;403;2877;0
814.618883;2632;2635;2635;427;3459;3390;3405;404;2877;0
815.119198;2632;2645;2625;426;3440;3390;3400;403;2883;0
815.61909;2632;2635;2635;426;3440;3390;3405;404;2880;0
816.118123;2632;2635;2635;426;3440;3380;3390;404;2877;0
816.619243;2632;2645;2635;426;3440;3400;3390;403;2883;0
817.119302;2651;2635;2635;427;3423;3380;3390;403;2880;0
817.617787;2632;2645;2635;427;3440;3380;3380;406;2877;0
818.119588;2632;2635;2625;427;3440;3370;3380;404;2877;0
818.619085;2612;2645;2625;426;3423;3370;3380;404;2883;0
819.118415;2632;2645;2625;426;3440;3370;3380;404;2880;0
819.617983;2632;2645;2635;427;3403;3370;3370;405;2880;0
820.120009;2632;2645;2625;426;3423;3360;3380;404;2883;0
820.618676;2612;2645;2625;427;3423;3360;3370;404;2880;0
821.119645;2632;2645;2625;427;3403;3360;3370;404;2883;0
821.619335;2632;2635;2625;426;3423;3360;3370;404;2883;0
822.11642;2632;2645;2625;426;3403;3350;3370;405;2880;0
822.617934;2632;2645;2615;427;3403;3350;3360;404;2880;0
823.116106;2632;2645;2625;426;3423;3340;3360;405;2877;0
823.618686;2632;2635;2625;427;3423;3340;3360;405;2880;0
824.118333;2632;2645;2625;427;3423;3340;3350;405;2877;0
824.618482;2632;2635;2625;426;3403;3330;3350;405;2883;0
825.119;2632;2645;2625;426;3383;3330;3350;405;2880;0
825.616631;2632;2635;2625;426;3403;3320;3340;405;2880;0
826.118568;2632;2635;2625;427;3383;3330;3340;405;2883;0
826.618884;2632;2635;2635;426;3383;3310;3340;405;2880;0
827.118352;2632;2635;2625;426;3383;3310;3330;405;2883;0
827.619501;2632;2635;2625;426;3364;3330;3330;405;2877;0
828.119241;2632;2635;2625;427;3364;3310;3330;405;2877;0
828.619475;2632;2635;2625;426;3383;3300;3330;406;2880;0
829.118991;2622;2635;2625;427;3393;3310;3330;406;2880;0
829.618954;2641;2645;2625;427;3373;3300;3320;405;2880;0
830.11854;2612;2635;2625;426;3344;3300;3320;406;2874;0
830.619117;2632;2635;2615;427;3364;3300;3300;406;2877;0
831.118649;2632;2635;2625;427;3344;3300;3310;406;2883;0
831.618466;2612;2635;2625;428;3344;3290;3310;406;2880;0
832.119173;2612;2625;2625;427;3344;3290;3310;406;2880;0
832.618496;2632;2635;2625;426;3344;3280;3310;406;2880;0
833.117553;2632;2625;2625;427;3344;3280;3310;407;2883;0
833.618948;2632;2635;2615;427;3344;3280;3300;406;2883;0
834.11702;2612;2635;2625;427;3324;3280;3300;407;2880;0
834.618515;2632;2635;2625;427;3344;3280;3300;407;2880;0
835.117606;2632;2635;2625;426;3324;3280;3300;406;2877;0
835.619564;2632;2635;2625;427;3324;3270;3290;406;2880;0
836.121167;2632;2625;2625;427;3307;3280;3290;407;2877;0
836.619854;2632;2625;2625;427;3307;3270;3290;407;2880;0
837.117848;2632;2635;2625;427;3324;3265;3290;407;2880;0
837.619537;2612;2635;2625;428;3324;3265;3290;407;2883;0
838.11957;2632;2635;2625;427;3307;3270;3280;407;2880;0
838.619411;2632;2635;2625;427;3324;3270;3280;407;2880;0
839.119879;2641;2635;2625;427;3334;3270;3280;407;2880;0
839.619147;2641;2635;2625;427;3297;3265;3280;407;2877;0
840.120069;2641;2635;2625;427;3317;3265;3270;407;2883;0
840.619612;2612;2635;2625;426;3307;3265;3270;407;2883;0
841.118422;2641;2635;2625;426;3297;3265;3270;407;2880;0
841.618908;2632;2635;2625;427;3307;3265;3265;408;2877;0
842.11979;2641;2635;2625;427;3297;3265;3265;408;2877;0
842.619228;2612;2635;2625;427;3287;3265;3265;408;2880;0
843.11686;2641;2645;2625;427;3278;3265;3265;409;2880;0
843.619467;2641;2635;2625;427;3297;3255;3265;408;2877;0
844.119343;2612;2635;2625;426;3287;3255;3265;408;2880;0
844.619512;2632;2635;2635;426;3268;3255;3265;408;2877;0
845.119397;2632;2635;2625;427;3287;3255;3255;408;2877;0
845.619465;2641;2635;2625;427;3278;3255;3255;407;2880;0
846.117563;2612;2635;2625;427;3268;3245;3245;408;2880;0
846.619656;2632;2635;2635;427;3268;3245;3255;408;2883;0
847.119343;2622;2635;2625;427;3278;3245;3245;408;2880;0
847.619082;2641;2635;2625;426;3278;3245;3245;408;2877;0
848.119836;2632;2635;2635;427;3268;3245;3245;409;2880;0
848.619575;2612;2635;2615;427;3268;3235;3245;409;2877;0
849.119119;2641;2635;2625;427;3258;3235;3235;408;2883;0
849.619013;2641;2635;2635;427;3258;3235;3235;408;2880;0
850.119185;2622;2635;2625;427;3278;3225;3235;409;2880;0
850.619415;2641;2635;2625;427;3278;3225;3235;408;2880;0
851.119455;2622;2635;2625;427;3258;3215;3225;409;2883;0
851.617867;2632;2645;2635;427;3228;3215;3225;409;2880;0
852.118821;2641;2635;2625;427;3258;3215;3225;410;2877;0
852.618791;2622;2645;2635;427;3258;3215;3225;409;2880;0
853.119036;2641;2635;2625;427;3258;3205;3215;409;2877;0
853.617654;2641;2635;2625;427;3238;3215;3215;409;2880;0
854.118936;2622;2615;2625;427;3258;3215;3215;409;2880;0
854.618951;2641;2635;2625;426;3238;3205;3215;409;2880;0
855.119403;2641;2635;2625;427;3238;3205;3215;409;2877;0
855.618111;2622;2635;2625;427;3238;3205;3215;409;2883;0
856.119499;2641;2635;2625;427;3238;3205;3215;410;2883;0
856.619213;2622;2635;2625;427;3238;3195;3205;410;2877;0
857.118367;2632;2635;2625;427;3228;3205;3205;410;2880;0
857.618172;2632;2635;2625;427;3228;3195;3205;409;2880;0
858.118378;2612;2635;2625;427;3228;3185;3205;410;2874;0
858.619062;2622;2635;2625;427;3221;3185;3205;410;2877;0
859.118087;2622;2635;2635;427;3221;3185;3195;410;2877;0
859.619216;2622;2635;2625;427;3201;3175;3195;410;2880;0
860.116269;2622;2635;2625;427;3221;3175;3175;410;2877;0
860.618501;2632;2635;2635;427;3211;3170;3185;410;2883;0
861.119784;2641;2625;2625;427;3201;3170;3185;410;2877;0
861.619819;2622;2635;2615;427;3201;3170;3185;410;2886;0
862.119563;2622;2625;2625;427;3201;3170;3185;411;2880;0
862.619731;2622;2635;2625;427;3201;3160;3175;410;2883;0
863.12008;2622;2635;2625;427;3221;3170;3175;411;2877;0
863.617746;2622;2635;2615;427;3201;3160;3175;410;2883;0
864.118636;2622;2635;2625;427;3221;3160;3175;410;2880;0
864.619045;2641;2625;2625;427;3201;3175;3175;411;2880;0
865.119431;2622;2635;2625;427;3201;3160;3175;411;2877;0
865.619398;2622;2625;2625;427;3201;3150;3175;411;2880;0
866.120094;2612;2635;2625;426;3172;3150;3175;410;2880;0
866.618988;2622;2635;2625;426;3201;3150;3170;411;2877;0
867.119357;2622;2635;2625;426;3201;3150;3170;410;2880;0
867.619462;2651;2635;2625;427;3192;3160;3170;410;2880;0
868.119115;2612;2635;2625;427;3152;3160;3160;411;2883;0
868.619178;2632;2635;2615;427;3172;3150;3170;411;2877;0
869.119349;2651;2625;2625;427;3192;3150;3160;411;2877;0
869.619476;2641;2625;2625;426;3182;3140;3150;411;2877;0
870.11989;2622;2635;2615;427;3182;3130;3160;411;2883;0
870.618981;2641;2625;2625;427;3182;3130;3150;411;2877;0
871.119669;2641;2625;2615;428;3182;3130;3150;411;2880;0
871.618831;2641;2625;2615;427;3162;3130;3150;412;2877;0
872.119485;2622;2625;2615;427;3162;3130;3150;411;2880;0
872.619207;2604;2625;2615;427;3162;3130;3150;412;2880;0
873.118476;2622;2625;2615;426;3162;3120;3140;412;2877;0
873.618839;2622;2625;2615;427;3182;3110;3140;412;2880;0
874.116846;2622;2625;2615;427;3162;3110;3140;412;2880;0
874.619003;2641;2625;2615;427;3162;3100;3130;412;2877;0
875.119216;2641;2625;2615;427;3162;3100;3140;412;2880;0
875.61849;2641;2625;2615;427;3162;3090;3130;412;2880;0
876.119471;2622;2625;2605;427;3162;3100;3130;412;2880;0
876.619214;2622;2625;2615;427;3142;3085;3130;412;2880;0
877.119387;2622;2625;2615;427;3162;3085;3120;412;2883;0
877.61947;2622;2625;2615;427;3125;3085;3120;412;2883;0
878.119432;2622;2625;2615;427;3142;3085;3120;412;2877;0
878.618301;2622;2625;2615;427;3162;3085;3120;412;2877;0
879.119386;2612;2615;2605;427;3152;3075;3120;412;2874;0
879.618806;2641;2615;2615;428;3142;3075;3110;412;2880;0
880.118817;2622;2625;2615;427;3142;3065;3110;412;2877;0
880.619149;2622;2615;2615;427;3142;3065;3110;412;2880;0
881.119795;2612;2615;2615;427;3132;3065;3110;413;2877;0
881.617138;2612;2615;2615;427;3132;3055;3100;412;2874;0
882.119498;2612;2615;2615;427;3115;3055;3110;413;2880;0
882.619256;2622;2615;2605;427;3125;3055;3100;413;2877;0
883.119373;2622;2615;2615;427;3125;3045;3100;413;2880;0
883.619034;2641;2615;2615;427;3125;3045;3090;413;2877;0
884.11893;2632;2605;2615;427;3115;3035;3090;413;2877;0
884.619624;2604;2615;2605;427;3125;3035;3090;413;2880;0
885.120019;2622;2605;2605;427;3105;3035;3090;413;2883;0
885.619536;2612;2605;2615;427;3096;3025;3090;413;2880;0
886.119631;2612;2605;2615;427;3115;3025;3085;413;2877;0
886.619559;2622;2605;2605;428;3125;3025;3085;413;2880;0
887.119141;2632;2615;2605;427;3135;3020;3075;413;2877;0
887.619114;2594;2615;2605;427;3115;3020;3085;413;2880;0
888.119837;2612;2605;2605;427;3115;3020;3075;413;2880;0
888.619238;2622;2615;2605;427;3105;3020;3085;413;2877;0
889.119595;2612;2605;2605;427;3115;3020;3075;413;2880;0
889.619459;2604;2605;2590;427;3105;3010;3065;413;2880;0
890.119819;2604;2605;2605;427;3105;3010;3075;414;2880;0
890.619535;2622;2605;2605;427;3105;3010;3065;413;2880;0
891.119316;2622;2605;2605;427;3105;3010;3075;414;2877;0
891.619406;2604;2615;2605;427;3105;3010;3065;413;2880;0
892.119173;2622;2605;2605;427;3105;3010;3065;413;2880;0
892.619164;2604;2605;2605;427;3105;3000;3065;414;2880;0
893.117492;2612;2605;2605;427;3096;3000;3055;413;2877;0
893.619365;2594;2615;2600;427;3076;3000;3055;414;2877;0
894.119014;2594;2605;2605;427;3076;3000;3065;413;2880;0
894.618915;2622;2605;2600;427;3105;3000;3055;413;2877;0
895.119877;2594;2605;2600;428;3096;3000;3055;414;2877;0
895.619964;2612;2605;2605;427;3076;3000;3055;414;2874;0
896.118733;2632;2605;2600;427;3076;3000;3045;414;2877;0
896.619018;2594;2605;2605;427;3096;3010;3045;414;2880;0
897.119442;2604;2615;2600;427;3066;3000;3055;414;2877;0
897.619508;2622;2615;2605;428;3086;3010;3055;415;2883;0
898.118846;2622;2605;2600;427;3066;3000;3045;414;2883;0
898.61925;2604;2605;2605;427;3066;2990;3045;414;2877;0
899.118025;2594;2605;2600;427;3076;3000;3035;415;2877;0
899.619411;2604;2605;2605;428;3066;3000;3045;415;2877;0
900.11835;2594;2605;2600;427;3056;3000;3035;414;2877;0
900.619435;2622;2605;2600;427;3066;3000;3035;414;2877;0
901.118349;2594;2605;2605;428;3056;2990;3045;415;2880;0
901.619539;2604;2605;2600;427;3066;2990;3045;415;2880;0
902.119155;2612;2605;2600;427;3056;2990;3035;414;2880;0
902.618963;2641;2605;2600;427;3066;2990;3035;415;2877;0
903.119404;2604;2605;2600;428;3046;2990;3035;415;2880;0
903.619197;2594;2605;2600;427;3036;2980;3025;415;2883;0
904.119553;2612;2605;2600;427;3056;2990;3035;415;2877;0
904.619532;2622;2605;2600;427;3046;2980;3035;415;2880;0
905.119326;2594;2605;2600;427;3036;2990;3020;415;2877;0
905.619664;2604;2605;2600;427;3046;2980;3025;415;2880;0
906.117366;2612;2605;2600;427;3036;2980;3020;415;2880;0
906.619566;2594;2600;2600;427;3036;2980;3020;415;2883;0
907.1194;2612;2605;2600;428;3036;2980;3025;415;2877;0
907.618892;2612;2605;2600;428;3036;2990;3020;415;2877;0
908.120155;2594;2605;2600;427;3036;2980;3020;415;2877;0
908.619212;2612;2600;2600;428;3017;2990;3020;415;2880;0
909.118875;2604;2605;2600;427;3046;2990;3020;415;2880;0
909.61906;2612;2605;2600;427;3036;2980;3020;416;2877;0
910.119186;2604;2600;2600;427;3027;2990;3020;415;2877;0
910.618931;2612;2605;2600;428;3017;2980;3010;415;2883;0
911.118805;2594;2605;2600;427;3017;2980;3010;415;2880;0
911.618857;2594;2600;2590;427;3017;2980;3010;416;2880;0
912.118921;2594;2605;2600;427;3017;2980;3010;416;2877;0
912.619411;2604;2605;2600;427;3027;2980;3010;415;2877;0
913.1198;2622;2605;2600;427;3027;2980;3010;415;2877;0
913.618108;2604;2605;2600;427;3027;2980;3000;415;2877;0
914.119605;2594;2605;2600;427;3017;2970;3000;416;2880;0
914.619681;2594;2605;2600;427;3017;2980;3000;416;2877;0
915.11982;2622;2605;2600;428;3009;2980;3000;416;2880;0
915.619116;2604;2605;2600;427;3027;2970;3000;416;2877;0
916.11927;2604;2605;2600;427;3027;2970;3000;416;2880;0
916.619431;2594;2605;2600;428;2999;2970;2990;415;2877;0
917.118656;2604;2605;2600;427;3027;2970;2990;416;2874;0
917.618756;2604;2605;2600;428;3009;2970;2990;417;2877;0
918.118759;2604;2605;2600;428;3009;2970;2990;417;2877;0
918.619359;2604;2605;2600;427;3009;2980;2990;416;2880;0
919.1198;2594;2605;2590;428;3017;2970;2990;416;2877;0
919.619118;2604;2605;2600;428;3009;2970;2990;417;2877;0
920.118641;2604;2605;2590;427;3027;2970;2980;416;2880;0
920.619619;2604;2605;2590;428;3009;2960;2990;417;2880;0
921.119131;2604;2605;2600;428;3009;2960;2980;417;2877;0
921.619422;2604;2605;2600;427;3009;2960;2980;417;2880;0
922.119149;2604;2605;2600;428;3009;2960;2980;416;2883;0
922.618153;2594;2605;2600;427;2999;2960;2980;416;2880;0
923.117746;2604;2605;2600;428;2990;2960;2970;417;2880;0
923.618475;2604;2615;2600;428;2990;2960;2980;417;2877;0
924.11882;2604;2605;2600;428;2990;2960;2970;417;2880;0
924.618195;2604;2605;2600;427;2990;2960;2980;417;2880;0
925.1184;2604;2605;2600;427;3009;2955;2970;417;2883;0
925.618513;2604;2605;2600;428;2990;2955;2970;416;2877;0
926.118615;2585;2600;2600;428;2990;2955;2970;419;2877;0
926.619021;2604;2605;2600;427;2990;2945;2970;417;2877;0
927.119149;2622;2605;2600;428;2990;2945;2970;417;2880;0
927.618909;2604;2605;2600;428;2970;2935;2960;417;2880;0
928.118652;2604;2615;2600;427;2990;2935;2960;417;2880;0
928.618894;2604;2605;2600;427;2990;2935;2955;417;2880;0
929.118791;2604;2605;2600;428;2970;2925;2960;417;2883;0
929.618931;2604;2605;2600;428;2970;2935;2960;417;2877;0
930.11836;2594;2605;2600;427;2980;2925;2955;417;2877;0
930.618521;2604;2605;2600;427;2990;2935;2955;417;2883;0
931.11819;2585;2605;2600;428;2950;2935;2955;418;2877;0
931.618467;2604;2605;2600;428;2990;2935;2955;417;2877;0
932.118379;2594;2605;2590;427;2960;2915;2955;417;2877;0
932.618668;2604;2600;2590;428;2990;2935;2955;418;2880;0
933.118462;2604;2605;2600;427;2970;2935;2955;418;2877;0
933.618525;2604;2605;2600;427;2990;2935;2945;417;2877;0
934.11865;2622;2605;2600;429;2970;2935;2955;417;2883;0
934.618878;2604;2605;2600;428;2970;2935;2945;418;2880;0
935.119183;2604;2605;2600;428;2970;2935;2945;418;2877;0
935.618616;2594;2600;2600;428;2940;2935;2925;417;2880;0
936.118578;2622;2600;2605;428;2970;2935;2945;418;2883;0
936.6181;2594;2605;2590;428;2960;2925;2945;418;2880;0
937.11887;2604;2605;2600;428;2990;2925;2945;418;2880;0
937.6184;2604;2600;2600;428;2970;2925;2945;418;2877;0
938.119367;2585;2600;2600;428;2950;2925;2935;418;2877;0
938.618474;2604;2600;2600;427;2950;2915;2945;418;2883;0
939.118482;2604;2605;2600;428;2970;2915;2935;418;2883;0
939.619162;2604;2600;2590;428;2970;2925;2945;418;2883;0
940.119485;2604;2600;2600;428;2970;2925;2935;418;2880;0
940.618108;2585;2600;2600;428;2950;2905;2935;418;2877;0
941.118937;2604;2600;2590;428;2970;2915;2935;418;2880;0
941.619184;2604;2600;2600;427;2970;2925;2935;418;2877;0
942.118984;2604;2600;2600;428;2950;2915;2935;418;2877;0
942.618376;2604;2605;2590;428;2950;2915;2935;417;2877;0
943.118504;2604;2600;2590;428;2970;2915;2925;418;2877;0
943.619251;2585;2600;2600;428;2930;2915;2925;418;2880;0
944.119149;2604;2600;2590;428;2950;2915;2935;418;2874;0
944.619001;2585;2600;2590;428;2950;2915;2925;418;2877;0
945.119064;2604;2600;2600;427;2930;2915;2925;419;2880;0
945.61903;2604;2600;2590;427;2950;2915;2925;418;2880;0
946.118861;2604;2600;2600;428;2930;2915;2925;418;2880;0
946.618784;2604;2600;2600;428;2950;2915;2925;419;2877;0
947.118387;2594;2600;2590;428;2921;2905;2925;418;2877;0
947.617075;2585;2605;2600;428;2930;2905;2915;419;2877;0
948.118361;2604;2605;2600;428;2950;2905;2915;419;2880;0
948.618311;2604;2600;2600;428;2930;2905;2915;419;2883;0
949.118714;2604;2600;2600;428;2930;2905;2915;419;2880;0
949.619183;2604;2600;2590;428;2930;2905;2915;419;2883;0
950.118158;2594;2605;2600;427;2921;2900;2915;419;2883;0
950.619186;2604;2600;2600;427;2930;2900;2905;419;2880;0
951.118591;2604;2600;2600;428;2930;2900;2915;418;2877;0
951.61891;2585;2605;2600;428;2930;2900;2905;419;2880;0
952.118744;2604;2600;2600;428;2930;2900;2905;419;2877;0
952.619052;2604;2600;2600;428;2913;2890;2905;419;2874;0
953.118782;2604;2600;2600;426;2930;2890;2915;419;2880;0
953.618566;2585;2600;2590;427;2930;2890;2905;419;2880;0
954.118524;2604;2600;2600;428;2913;2890;2915;419;2877;0
954.618902;2604;2600;2600;428;2913;2900;2905;420;2880;0
955.118177;2604;2600;2590;428;2913;2890;2905;419;2883;0
955.618599;2585;2605;2600;428;2913;2890;2900;419;2877;0
956.119348;2604;2600;2600;428;2913;2890;2900;419;2880;0
956.618835;2585;2600;2600;428;2913;2890;2900;419;2880;0
957.118515;2585;2600;2600;428;2913;2890;2900;419;2877;0
957.618501;2604;2600;2600;428;2913;2890;2900;419;2877;0
958.118898;2604;2600;2590;428;2913;2880;2900;419;2877;0
958.618637;2604;2605;2590;428;2913;2880;2900;420;2877;0
959.118449;2604;2600;2590;427;2913;2880;2900;419;2883;0
959.618827;2604;2600;2600;428;2913;2880;2900;419;2883;0
960.118789;2604;2600;2590;428;2930;2880;2900;419;2877;0
960.618358;2604;2600;2600;428;2913;2880;2890;419;2877;0
961.118426;2604;2600;2600;428;2913;2880;2900;419;2880;0
961.618462;2604;2600;2600;428;2913;2870;2890;420;2880;0
962.11923;2604;2590;2590;428;2913;2880;2890;420;2877;0
962.61945;2585;2600;2590;428;2893;2870;2900;419;2880;0
963.118731;2604;2600;2590;428;2913;2870;2890;420;2880;0
963.619151;2622;2600;2600;428;2893;2860;2890;419;2880;0
964.119238;2604;2600;2590;428;2893;2880;2880;420;2883;0
964.619383;2604;2600;2590;428;2893;2870;2890;419;2877;0
965.119377;2585;2590;2590;428;2913;2870;2880;420;2877;0
965.618517;2604;2600;2590;427;2893;2860;2880;420;2883;0
966.11857;2585;2600;2590;427;2893;2870;2880;422;2880;0
966.618515;2585;2600;2590;428;2893;2870;2880;420;2880;0
967.118845;2585;2600;2590;428;2893;2860;2880;420;2880;0
967.618533;2585;2600;2590;428;2893;2860;2880;420;2880;0
968.117808;2604;2590;2590;428;2893;2870;2880;420;2877;0
968.618459;2585;2590;2590;428;2893;2860;2880;420;2877;0
969.118451;2604;2600;2590;428;2893;2860;2880;420;2880;0
969.61843;2585;2590;2590;428;2893;2870;2880;420;2880;0
970.116132;2604;2600;2590;428;2874;2870;2870;420;2880;0
970.618922;2585;2600;2590;428;2893;2860;2870;420;2880;0
971.11792;2604;2600;2590;428;2874;2860;2870;420;2877;0
971.618577;2585;2600;2590;428;2893;2860;2870;420;2880;0
972.11833;2585;2600;2600;428;2893;2850;2870;420;2883;0
972.620315;2585;2590;2590;428;2893;2850;2860;420;2880;0
973.118569;2585;2590;2590;428;2893;2850;2860;420;2877;0
973.618711;2604;2600;2590;428;2874;2850;2860;420;2877;0
974.118619;2585;2600;2590;428;2854;2845;2860;420;2877;0
974.618804;2585;2600;2590;428;2874;2850;2860;420;2880;0
975.120956;2604;2600;2590;428;2874;2845;2860;421;2880;0
975.618757;2604;2590;2590;428;2874;2845;2860;420;2883;0
976.118567;2585;2590;2590;428;2874;2850;2860;420;2880;0
976.618468;2604;2590;2590;428;2874;2850;2860;421;2883;0
977.119361;2604;2600;2590;428;2874;2845;2860;421;2877;0
977.617984;2585;2590;2590;428;2834;2845;2860;420;2877;0
978.1186;2585;2590;2590;428;2893;2845;2860;420;2877;0
978.62152;2585;2590;2590;428;2874;2850;2860;420;2880;0
979.118841;2565;2590;2580;428;2874;2845;2850;421;2877;0
979.618196;2585;2590;2590;427;2874;2850;2850;421;2880;0
980.118441;2585;2590;2590;428;2874;2845;2850;421;2874;0
980.618568;2585;2590;2580;428;2874;2845;2850;421;2880;0
981.118257;2604;2590;2590;428;2854;2845;2850;421;2880;0
981.617575;2585;2590;2590;428;2854;2845;2850;421;2877;0
982.118773;2585;2590;2590;428;2854;2845;2850;420;2883;0
982.618435;2575;2590;2570;428;2844;2845;2850;421;2877;0
983.118359;2604;2590;2590;428;2854;2835;2845;421;2880;0
983.618485;2585;2580;2590;428;2874;2835;2845;421;2877;0
984.119067;2585;2590;2590;428;2854;2835;2845;421;2883;0
984.618366;2604;2590;2590;428;2854;2825;2850;421;2877;0
985.118786;2585;2590;2590;428;2834;2825;2850;421;2877;0
985.618383;2585;2600;2570;428;2854;2825;2845;420;2880;0
986.118789;2585;2590;2580;428;2854;2825;2845;421;2880;0
986.619329;2585;2590;2590;428;2854;2825;2845;421;2880;0
987.118017;2604;2590;2580;428;2854;2825;2845;421;2877;0
987.618628;2585;2600;2590;428;2854;2825;2860;421;2883;0
988.118414;2585;2590;2590;428;2834;2825;2845;421;2880;0
988.618803;2585;2590;2590;428;2834;2825;2845;421;2880;0
989.118604;2585;2590;2590;427;2854;2825;2835;421;2877;0
989.61875;2585;2590;2590;428;2854;2825;2835;421;2877;0
990.118653;2585;2590;2590;428;2854;2825;2835;421;2883;0
990.61835;2585;2600;2580;429;2854;2815;2835;421;2880;0
991.119031;2585;2590;2590;428;2834;2815;2835;421;2883;0
991.61857;2585;2590;2580;427;2854;2815;2835;422;2880;0
992.118164;2585;2590;2590;428;2854;2815;2825;421;2880;0
992.619184;2585;2590;2580;428;2834;2815;2835;421;2883;0
993.118534;2585;2590;2590;428;2834;2815;2835;421;2880;0
993.618487;2585;2590;2580;428;2854;2815;2805;421;2880;0
994.119318;2585;2590;2580;428;2834;2815;2835;421;2880;0
994.619008;2585;2590;2580;428;2834;2815;2835;421;2877;0
995.118882;2585;2590;2580;428;2834;2815;2835;421;2883;0
995.618506;2604;2590;2580;428;2834;2815;2835;421;2880;0
996.119217;2585;2590;2580;428;2834;2815;2825;422;2877;0
996.618473;2585;2590;2580;428;2834;2815;2825;421;2883;0
997.119158;2565;2590;2580;429;2834;2815;2825;421;2883;0
997.619005;2575;2590;2590;428;2824;2805;2825;422;2877;0
998.11885;2555;2590;2590;428;2844;2805;2825;422;2883;0
998.618349;2585;2590;2580;428;2834;2805;2825;422;2877;0
999.117863;2604;2590;2580;428;2834;2805;2825;421;2877;0
999.618262;2575;2590;2580;428;2824;2805;2815;421;2880;0
1000.118962;2585;2570;2590;428;2834;2805;2815;422;2880;0
1000.618388;2565;2590;2580;428;2834;2805;2815;422;2877;0
1001.118826;2585;2590;2570;428;2817;2815;2815;422;2877;0
1001.618564;2594;2590;2590;428;2827;2805;2815;422;2880;0
1002.118879;2585;2580;2580;428;2834;2805;2815;421;2880;0
1002.618607;2585;2590;2580;428;2834;2805;2815;422;2877;0
1003.118969;2585;2590;2580;428;2834;2805;2815;422;2877;0
1003.61812;2585;2580;2580;428;2817;2795;2815;422;2877;0
1004.118812;2585;2590;2590;428;2834;2805;2815;422;2880;0
1004.618397;2575;2590;2580;428;2827;2805;2805;422;2880;0
1005.118419;2565;2590;2590;428;2817;2805;2815;422;2880;0
1005.618973;2604;2590;2580;428;2817;2805;2805;422;2883;0
1006.118595;2565;2590;2580;428;2817;2805;2805;422;2877;0
1006.618593;2585;2590;2580;428;2817;2805;2805;422;2877;0
1007.118814;2585;2590;2590;428;2817;2805;2805;422;2880;0
1007.618997;2565;2590;2580;428;2817;2805;2805;422;2877;0
1008.118781;2585;2590;2580;428;2817;2805;2795;422;2877;0
1008.618635;2585;2580;2570;429;2817;2795;2795;424;2877;0
1009.118087;2565;2580;2580;428;2817;2795;2805;422;2880;0
1009.618849;2585;2590;2580;428;2817;2795;2795;422;2883;0
1010.117537;2585;2580;2580;428;2817;2795;2805;422;2880;0
1010.618498;2565;2590;2580;428;2797;2805;2805;422;2880;0
1011.118565;2585;2590;2580;429;2817;2795;2795;422;2877;0
1011.619478;2585;2580;2580;428;2817;2795;2805;422;2880;0
1012.118551;2585;2590;2580;428;2817;2795;2795;422;2880;0
1012.617233;2585;2590;2580;428;2797;2790;2805;422;2880;0
1013.117482;2585;2590;2590;428;2817;2790;2795;424;2880;0
1013.618197;2565;2590;2580;428;2817;2790;2795;422;2880;0
1014.118079;2585;2580;2580;428;2817;2790;2795;422;2877;0
1014.618833;2585;2580;2580;428;2817;2790;2795;422;2877;0
1015.118125;2585;2590;2580;428;2817;2795;2795;422;2880;0
1015.618624;2585;2580;2580;429;2797;2790;2795;423;2877;0
1016.118598;2565;2580;2580;429;2817;2790;2795;422;2880;0
1016.617785;2585;2580;2580;428;2817;2790;2790;423;2877;0
1017.119335;2585;2580;2580;428;2817;2790;2795;423;2874;0
1017.618902;2585;2580;2580;428;2797;2780;2795;422;2880;0
1018.118154;2585;2580;2580;428;2797;2770;2790;422;2883;0
1018.618429;2585;2580;2570;428;2797;2780;2790;422;2877;0
1019.118356;2565;2580;2600;428;2817;2790;2790;423;2874;0
1019.61841;2604;2580;2580;428;2797;2790;2790;422;2880;0
1020.118833;2585;2580;2580;428;2817;2780;2790;422;2877;0
1020.617652;2585;2580;2580;428;2797;2790;2790;423;2883;0
1021.118825;2565;2600;2580;429;2797;2780;2790;423;2877;0
1021.61861;2594;2590;2580;428;2807;2780;2790;423;2880;0
1022.119094;2565;2580;2570;428;2797;2780;2770;423;2880;0
1022.6178;2585;2580;2580;428;2777;2780;2780;423;2880;0
1023.118836;2585;2590;2570;428;2777;2780;2780;422;2883;0
1023.618906;2585;2580;2580;428;2797;2770;2780;421;2880;0
1024.119033;2585;2590;2570;428;2777;2770;2780;423;2880;0
1024.619193;2565;2580;2570;428;2797;2770;2780;423;2883;0
1025.118289;2565;2590;2570;428;2797;2770;2780;423;2880;0
1025.619158;2565;2580;2570;430;2797;2770;2780;422;2877;0
1026.118536;2585;2580;2580;428;2797;2770;2780;423;2877;0
1026.618835;2585;2580;2580;428;2797;2770;2780;423;2880;0
1027.118516;2565;2580;2570;429;2797;2770;2770;423;2877;0
1027.618447;2565;2580;2570;428;2797;2760;2780;423;2877;0
1028.118836;2565;2580;2570;429;2797;2760;2770;423;2877;0
1028.618583;2585;2580;2570;428;2777;2760;2770;423;2877;0
1029.118511;2565;2580;2570;428;2797;2760;2770;423;2880;0
1029.619377;2565;2580;2570;428;2777;2760;2770;423;2880;0
1030.118474;2555;2580;2570;428;2787;2750;2770;423;2883;0
1030.618566;2565;2590;2570;428;2797;2750;2770;423;2880;0
1031.119104;2575;2580;2570;428;2787;2750;2770;423;2877;0
1031.619541;2565;2570;2570;428;2797;2750;2770;423;2877;0
1032.118835;2545;2580;2570;428;2777;2760;2760;423;2880;0
1032.618608;2565;2580;2570;428;2777;2760;2760;423;2877;0
1033.117783;2565;2580;2570;429;2777;2750;2760;423;2880;0
1033.617742;2565;2580;2570;428;2777;2760;2760;423;2880;0
1034.11882;2565;2580;2570;428;2777;2760;2760;423;2883;0
1034.618655;2565;2580;2580;428;2777;2745;2770;424;2883;0
1035.133373;2565;2580;2570;428;2777;2750;2760;423;2877;0
1035.618207;2585;2580;2580;428;2777;2760;2760;423;2880;0
1036.118595;2565;2570;2570;428;2777;2750;2760;422;2880;0
1036.618762;2565;2580;2570;428;2777;2750;2760;423;2877;0
1037.117259;2565;2580;2570;428;2777;2750;2770;424;2883;0
1037.618652;2585;2570;2570;428;2777;2750;2760;423;2880;0
1038.117308;2565;2580;2570;428;2758;2750;2760;423;2877;0
1038.617207;2585;2580;2570;428;2777;2750;2760;423;2877;0
1039.11891;2565;2580;2570;429;2758;2750;2760;424;2877;0
1039.616338;2565;2580;2565;428;2777;2750;2760;423;2877;0
1040.118186;2585;2570;2580;428;2758;2750;2760;423;2877;0
1040.61888;2565;2580;2570;428;2758;2745;2760;424;2877;0
1041.118555;2535;2580;2580;428;2767;2750;2760;424;2880;0
1041.619648;2585;2580;2580;428;2758;2745;2760;423;2880;0
1042.119163;2565;2580;2570;428;2758;2745;2750;423;2880;0
1042.61909;2565;2580;2570;429;2777;2745;2760;423;2874;0
1043.118773;2585;2570;2580;429;2758;2750;2760;424;2880;0
1043.618451;2585;2580;2570;429;2758;2745;2770;424;2880;0
1044.11875;2565;2580;2580;429;2758;2745;2760;424;2883;0
1044.618837;2565;2580;2570;428;2758;2745;2750;423;2883;0
1045.118501;2585;2580;2570;430;2758;2745;2750;424;2883;0
1045.618109;2565;2580;2570;429;2758;2745;2750;423;2886;0
1046.119873;2565;2580;2570;428;2758;2745;2750;424;2883;0
1046.618939;2565;2580;2570;429;2758;2745;2750;424;2880;0
1047.118762;2555;2580;2570;429;2767;2750;2750;424;2880;0
1047.61813;2585;2580;2570;429;2758;2745;2750;424;2877;0
1048.11877;2565;2580;2570;428;2758;2735;2750;424;2877;0
1048.618954;2565;2580;2580;429;2758;2745;2750;424;2874;0
1049.119038;2565;2580;2570;428;2758;2745;2745;424;2883;0
1049.619459;2555;2580;2570;428;2748;2745;2745;424;2877;0
1050.119107;2585;2580;2570;428;2758;2735;2750;424;2877;0
1050.618798;2585;2580;2570;429;2758;2735;2745;424;2877;0
1051.118773;2565;2580;2570;428;2758;2735;2750;424;2880;0
1051.618754;2565;2570;2570;429;2777;2735;2745;424;2877;0
1052.118188;2565;2570;2570;428;2738;2735;2745;424;2877;0
1052.618352;2565;2580;2570;428;2758;2735;2745;424;2880;0
1053.118565;2545;2580;2570;428;2738;2725;2745;424;2880;0
1053.618966;2575;2570;2570;428;2728;2725;2745;424;2880;0
1054.118783;2545;2580;2570;428;2758;2725;2735;424;2877;0
1054.619256;2565;2570;2570;429;2738;2725;2745;424;2877;0
1055.119258;2555;2570;2570;429;2728;2725;2750;424;2883;0
1055.619021;2565;2570;2570;429;2758;2725;2735;424;2880;0
1056.118937;2565;2580;2570;428;2738;2725;2735;424;2877;0
1056.619411;2565;2570;2570;429;2738;2715;2735;424;2877;0
1057.118087;2555;2570;2565;429;2728;2725;2735;424;2877;0
1057.618081;2565;2570;2565;428;2738;2725;2735;424;2880;0
1058.117492;2565;2580;2565;429;2738;2725;2735;424;2877;0
1058.618591;2535;2570;2565;429;2728;2715;2735;424;2877;0
1059.117887;2565;2570;2565;429;2738;2715;2745;425;2880;0
1059.618374;2545;2570;2570;429;2758;2715;2735;424;2883;0
1060.118792;2565;2570;2570;428;2758;2715;2735;424;2880;0
1060.618619;2545;2570;2565;429;2738;2715;2725;424;2883;0
1061.118741;2565;2570;2565;428;2738;2715;2735;426;2880;0
1061.619012;2565;2570;2565;428;2738;2715;2735;424;2877;0
1062.118363;2585;2570;2565;428;2738;2705;2725;424;2880;0
1062.617787;2545;2565;2565;429;2738;2715;2725;425;2877;0
1063.11879;2565;2570;2565;429;2738;2715;2725;424;2883;0
1063.618975;2585;2570;2555;428;2738;2705;2725;424;2880;0
1064.118944;2555;2570;2565;428;2728;2705;2725;424;2880;0
1064.618516;2555;2570;2565;429;2728;2705;2735;425;2883;0
1065.119428;2565;2570;2565;429;2738;2705;2725;425;2877;0
1065.619335;2575;2570;2565;428;2728;2705;2725;424;2880;0
1066.118419;2555;2570;2565;428;2728;2705;2715;425;2883;0
1066.61838;2545;2570;2565;429;2718;2705;2725;424;2877;0
1067.118647;2565;2570;2565;428;2738;2705;2725;424;2880;0
1067.619012;2575;2570;2565;428;2748;2705;2725;424;2877;0
1068.119319;2565;2570;2565;429;2718;2705;2715;424;2880;0
1068.618826;2565;2565;2565;428;2738;2705;2715;425;2877;0
1069.118757;2545;2565;2565;429;2718;2695;2715;425;2880;0
1069.619564;2585;2565;2565;429;2718;2695;2715;424;2877;0
1070.11886;2565;2570;2565;428;2718;2705;2715;425;2880;0
1070.619392;2565;2570;2565;428;2718;2705;2715;425;2880;0
1071.11772;2565;2570;2565;427;2718;2705;2715;425;2877;0
1071.618459;2565;2580;2565;429;2718;2695;2715;425;2877;0
1072.118866;2565;2565;2565;428;2701;2695;2715;424;2880;0
1072.618643;2565;2570;2565;428;2738;2695;2705;425;2877;0
1073.118406;2565;2565;2565;429;2718;2695;2705;425;2877;0
1073.619103;2555;2570;2565;428;2708;2695;2715;425;2877;0
1074.117936;2585;2570;2570;429;2701;2695;2705;425;2877;0
1074.618568;2555;2570;2565;428;2708;2690;2705;425;2883;0
1075.118488;2565;2565;2565;429;2718;2690;2705;425;2880;0
1075.618544;2565;2570;2565;429;2701;2690;2705;425;2883;0
1076.118056;2565;2565;2565;429;2718;2690;2705;425;2883;0
1076.619419;2565;2570;2565;429;2718;2690;2705;425;2877;0
1077.119419;2545;2565;2565;428;2718;2690;2705;425;2880;0
1077.619258;2565;2565;2565;431;2718;2680;2705;425;2877;0
1078.119135;2535;2570;2565;428;2708;2680;2705;425;2883;0
1078.618412;2565;2565;2565;429;2718;2680;2705;425;2877;0
1079.118326;2565;2565;2565;429;2701;2690;2705;425;2877;0
1079.618457;2565;2565;2565;429;2718;2680;2705;424;2877;0
1080.118844;2545;2565;2565;430;2718;2680;2705;425;2877;0
1080.618353;2565;2565;2565;429;2701;2680;2705;425;2877;0
1081.118333;2565;2565;2565;429;2701;2680;2705;425;2877;0
1081.618993;2565;2565;2565;429;2718;2680;2695;426;2877;0
1082.118366;2565;2565;2565;430;2701;2680;2705;425;2883;0
1082.618485;2545;2565;2565;428;2701;2680;2705;425;2880;0
1083.119076;2545;2565;2565;428;2701;2680;2695;427;2877;0
1083.618571;2565;2565;2565;428;2701;2670;2705;425;2877;0
1084.118749;2545;2565;2565;428;2718;2660;2695;424;2880;0
1084.618564;2555;2565;2565;428;2708;2670;2680;425;2877;0
1085.119459;2545;2565;2565;428;2701;2670;2705;425;2883;0
1085.618359;2565;2565;2565;429;2701;2670;2695;425;2880;0
1086.118232;2545;2565;2565;429;2718;2670;2705;425;2880;0
1086.618719;2565;2565;2555;429;2718;2670;2695;426;2880;0
1087.118498;2565;2565;2555;428;2701;2670;2695;426;2880;0
1087.618719;2565;2565;2565;429;2718;2670;2695;425;2880;0
1088.118192;2565;2565;2565;429;2701;2670;2690;425;2877;0
1088.618605;2565;2565;2555;429;2701;2670;2690;425;2883;0
1089.118109;2545;2565;2565;429;2718;2670;2690;426;2883;0
1089.618536;2585;2555;2555;428;2701;2660;2695;426;2880;0
1090.118581;2565;2565;2555;429;2701;2660;2690;425;2880;0
1090.618985;2545;2555;2555;429;2701;2660;2690;425;2877;0
1091.118135;2555;2565;2555;429;2708;2660;2690;426;2877;0
1091.618765;2565;2565;2555;429;2701;2660;2690;426;2877;0
1092.119114;2565;2565;2555;429;2701;2660;2690;425;2877;0
1092.618668;2585;2565;2555;429;2718;2660;2690;425;2877;0
1093.118796;2545;2565;2555;429;2701;2650;2690;426;2880;0
1093.619132;2545;2555;2565;429;2718;2650;2690;426;2880;0
1094.118922;2565;2555;2555;429;2701;2660;2690;425;2883;0
1094.618187;2555;2565;2555;429;2691;2650;2690;425;2877;0
1095.118655;2535;2555;2555;429;2691;2650;2690;426;2883;0
1095.618573;2565;2555;2555;429;2701;2650;2690;426;2877;0
1096.119472;2565;2555;2555;429;2681;2660;2680;425;2880;0
1096.618295;2535;2555;2555;429;2691;2660;2680;426;2880;0
1097.118977;2565;2555;2555;429;2701;2650;2680;425;2880;0
1097.618448;2545;2555;2555;429;2681;2650;2690;425;2880;0
1098.118161;2565;2555;2555;429;2701;2650;2680;426;2877;0
1098.618449;2535;2555;2545;428;2691;2660;2680;425;2880;0
1099.118559;2565;2555;2555;429;2701;2650;2690;425;2877;0
1099.618338;2555;2555;2555;429;2691;2650;2680;425;2880;0
1100.119161;2555;2555;2555;428;2671;2650;2680;425;2877;0
1100.617776;2565;2555;2555;429;2681;2650;2680;426;2877;0
1101.1191;2565;2555;2555;429;2681;2650;2680;426;2880;0
1101.617074;2535;2555;2555;429;2671;2660;2680;426;2880;0
1102.119206;2565;2555;2545;429;2681;2645;2680;426;2880;0
1102.61887;2565;2555;2555;429;2681;2650;2680;426;2877;0
1103.117135;2565;2555;2555;429;2661;2650;2670;425;2880;0
1103.619116;2545;2555;2555;429;2681;2650;2680;425;2880;0
1104.119146;2545;2565;2545;429;2681;2650;2680;426;2880;0
1104.618015;2535;2555;2545;429;2651;2650;2670;426;2877;0
1105.118753;2535;2555;2555;429;2671;2645;2670;426;2877;0
1105.618184;2545;2555;2555;429;2681;2645;2670;426;2880;0
1106.118345;2565;2555;2545;429;2701;2650;2680;426;2880;0
1106.61929;2545;2555;2555;429;2661;2650;2670;426;2880;0
1107.118508;2535;2555;2555;429;2671;2650;2670;425;2877;0
1107.618421;2535;2555;2555;429;2671;2650;2670;426;2880;0
1108.117512;2535;2545;2545;429;2671;2650;2670;426;2883;0
1108.618811;2565;2555;2555;429;2681;2650;2670;426;2877;0
1109.119106;2545;2555;2555;429;2681;2650;2670;426;2877;0
1109.619079;2535;2545;2555;429;2671;2650;2670;426;2877;0
1110.119235;2535;2555;2555;429;2671;2650;2680;426;2883;0
1110.61897;2535;2555;2545;429;2651;2650;2670;426;2880;0
1111.119096;2535;2555;2555;429;2671;2650;2670;426;2877;0
1111.619034;2555;2555;2545;429;2651;2650;2670;426;2877;0
1112.119248;2545;2555;2545;429;2661;2650;2670;426;2883;0
1112.619673;2565;2565;2555;429;2661;2645;2670;426;2880;0
1113.120211;2555;2555;2555;429;2671;2650;2670;426;2880;0
1113.619373;2535;2545;2555;429;2671;2645;2670;426;2877;0
1114.119058;2545;2555;2555;429;2661;2645;2670;426;2877;0
1114.619222;2545;2555;2545;429;2681;2645;2670;426;2877;0
1115.118895;2535;2565;2555;429;2651;2645;2660;426;2877;0
1115.618749;2535;2555;2545;430;2651;2635;2660;426;2883;0
1116.119175;2535;2555;2545;429;2671;2645;2660;426;2877;0
1116.619086;2535;2555;2555;429;2671;2645;2660;426;2877;0
1117.119075;2565;2555;2555;429;2661;2635;2660;426;2877;0
1117.619327;2565;2555;2545;429;2661;2645;2660;426;2877;0
1118.119431;2545;2545;2545;429;2661;2650;2660;426;2877;0
1118.619559;2545;2555;2545;429;2681;2635;2660;426;2877;0
1119.118445;2535;2555;2545;429;2651;2635;2660;426;2877;0
1119.619232;2535;2545;2545;429;2651;2625;2660;426;2877;0
1120.119385;2535;2545;2545;429;2671;2625;2660;426;2880;0
1120.618605;2515;2545;2545;429;2651;2635;2650;426;2877;0
1121.11928;2535;2545;2545;429;2651;2625;2660;426;2880;0
1121.619559;2535;2545;2545;429;2651;2635;2660;427;2880;0
1122.11984;2555;2545;2545;430;2651;2625;2650;426;2880;0
1122.619308;2545;2545;2535;431;2681;2625;2650;427;2877;0
1123.119511;2535;2545;2545;430;2632;2625;2650;426;2880;0
1123.618455;2535;2545;2545;429;2651;2635;2650;426;2880;0
1124.119674;2535;2545;2545;429;2651;2625;2650;426;2877;0
1124.618896;2515;2545;2545;429;2651;2625;2650;427;2877;0
1125.119153;2535;2545;2545;429;2651;2625;2650;426;2880;0
1125.619228;2545;2555;2535;429;2641;2625;2650;426;2877;0
1126.119527;2555;2545;2545;429;2651;2625;2650;427;2877;0
1126.619288;2545;2555;2545;429;2661;2625;2650;427;2877;0
1127.119339;2535;2545;2545;429;2651;2625;2650;427;2877;0
1127.618554;2555;2545;2545;429;2651;2625;2645;426;2880;0
1128.119538;2545;2545;2545;429;2661;2615;2650;427;2877;0
1128.618549;2515;2555;2545;429;2651;2625;2650;427;2883;0
1129.119312;2525;2545;2545;429;2661;2625;2650;427;2877;0
1129.617071;2535;2545;2535;429;2651;2625;2650;427;2883;0
1130.119243;2535;2535;2535;429;2651;2625;2650;427;2880;0
1130.619382;2535;2545;2545;429;2651;2625;2650;426;2877;0
1131.118299;2545;2545;2545;429;2641;2625;2650;426;2880;0
1131.618505;2535;2545;2545;429;2651;2625;2645;427;2883;0
1132.119397;2535;2545;2545;429;2651;2625;2645;426;2883;0
1132.619151;2525;2545;2545;430;2641;2625;2645;427;2880;0
1133.118627;2535;2545;2535;429;2651;2615;2650;427;2883;0
1133.619463;2545;2555;2545;429;2641;2615;2645;427;2877;0
1134.119496;2565;2545;2545;429;2661;2615;2645;427;2880;0
1134.618906;2525;2545;2535;430;2661;2615;2645;426;2883;0
1135.118682;2555;2545;2545;429;2651;2615;2645;427;2880;0
1135.619812;2535;2545;2545;429;2632;2615;2645;427;2877;0
1136.118344;2555;2545;2535;429;2651;2615;2650;426;2883;0
1136.618672;2535;2545;2545;429;2632;2615;2645;427;2883;0
1137.119493;2525;2545;2545;429;2661;2615;2645;426;2877;0
1137.618802;2515;2545;2545;429;2651;2615;2645;427;2880;0
1138.116966;2535;2545;2545;429;2632;2615;2645;427;2880;0
1138.619452;2535;2545;2535;429;2651;2615;2645;427;2877;0
1139.119843;2515;2545;2535;429;2632;2615;2645;426;2880;0
1139.619196;2535;2545;2545;430;2632;2615;2645;427;2880;0
1140.119834;2555;2545;2545;429;2651;2615;2645;427;2877;0
1140.619376;2545;2545;2535;429;2661;2615;2645;429;2880;0
1141.120036;2535;2545;2525;429;2632;2615;2645;427;2877;0
1141.619338;2535;2545;2535;429;2632;2615;2635;427;2877;0
1142.119383;2535;2535;2535;429;2632;2615;2635;427;2877;0
1142.619493;2555;2545;2535;429;2632;2615;2645;426;2880;0
1143.120082;2545;2545;2545;429;2641;2615;2645;426;2877;0
1143.619503;2515;2545;2535;430;2632;2615;2645;426;2880;0
1144.119464;2535;2545;2545;429;2632;2615;2645;426;2880;0
1144.618786;2535;2535;2545;429;2632;2615;2645;427;2877;0
1145.119386;2535;2535;2535;429;2632;2615;2645;427;2877;0
1145.619465;2535;2535;2535;429;2632;2615;2635;427;2880;0
1146.119229;2535;2545;2535;429;2632;2615;2635;427;2877;0
1146.619157;2535;2535;2535;429;2632;2605;2635;427;2874;0
1147.119094;2515;2535;2535;430;2632;2605;2635;427;2877;0
1147.619909;2515;2535;2535;430;2632;2605;2635;427;2880;0
1148.119016;2535;2535;2535;429;2632;2605;2635;427;2877;0
1148.619475;2515;2535;2535;429;2651;2605;2635;426;2883;0
1149.119453;2535;2525;2535;429;2632;2605;2635;427;2877;0
1149.618622;2535;2535;2535;429;2632;2605;2635;426;2880;0
1150.12044;2515;2535;2535;429;2632;2600;2635;428;2877;0
1150.619458;2545;2535;2535;430;2641;2600;2635;427;2880;0
1151.11936;2515;2535;2535;429;2632;2605;2625;427;2880;0
1151.619206;2535;2535;2535;429;2632;2600;2635;427;2880;0
1152.119218;2535;2535;2535;429;2632;2600;2635;427;2880;0
1152.619136;2535;2535;2535;429;2632;2600;2635;427;2877;0
1153.119399;2555;2535;2545;429;2632;2600;2625;427;2877;0
1153.619333;2515;2535;2535;429;2632;2600;2625;427;2877;0
1154.1196;2535;2535;2535;429;2632;2600;2635;427;2874;0
1154.618064;2515;2535;2535;429;2632;2600;2625;427;2880;0
1155.119604;2545;2535;2535;429;2641;2600;2635;427;2877;0
1155.61948;2545;2535;2535;430;2641;2600;2635;427;2877;0
1156.119028;2515;2535;2535;429;2612;2600;2625;427;2880;0
1156.618939;2535;2535;2535;430;2612;2600;2625;427;2880;0
1157.118854;2535;2535;2535;429;2632;2590;2625;427;2877;0
1157.619459;2535;2535;2535;429;2632;2590;2625;427;2880;0
1158.119542;2515;2535;2525;430;2632;2590;2625;427;2880;0
1158.618416;2535;2535;2535;429;2632;2600;2615;427;2877;0
1159.119516;2555;2535;2535;429;2632;2600;2625;427;2883;0
1159.618551;2545;2535;2535;429;2641;2600;2625;428;2883;0
1160.119555;2535;2535;2525;429;2612;2600;2625;427;2880;0
1160.618469;2535;2535;2525;431;2612;2600;2625;427;2880;0
1161.119468;2525;2535;2535;430;2641;2600;2615;427;2874;0
1161.617798;2535;2535;2525;429;2612;2590;2625;427;2877;0
1162.119329;2545;2535;2525;430;2622;2590;2625;427;2883;0
1162.619343;2515;2525;2535;429;2612;2590;2625;427;2877;0
1163.119317;2535;2535;2525;430;2612;2600;2625;428;2883;0
1163.619045;2535;2525;2525;429;2632;2600;2625;427;2877;0
1164.118188;2535;2525;2535;429;2612;2600;2615;427;2877;0
1164.618885;2515;2535;2535;429;2632;2600;2615;427;2880;0
1165.119733;2545;2535;2525;429;2622;2590;2615;426;2877;0
1165.618979;2515;2535;2525;429;2612;2600;2615;428;2877;0
1166.11961;2545;2535;2525;430;2622;2600;2625;427;2883;0
1166.61894;2515;2535;2535;430;2612;2600;2615;427;2880;0
1167.119379;2545;2535;2525;429;2641;2600;2625;428;2877;0
1167.619515;2515;2535;2525;430;2594;2590;2615;428;2880;0
1168.119033;2515;2525;2525;430;2612;2600;2615;428;2880;0
1168.618834;2535;2525;2525;430;2612;2590;2615;428;2883;0
1169.118908;2525;2525;2525;430;2622;2590;2615;428;2880;0
1169.618548;2545;2525;2525;429;2622;2590;2615;427;2883;0
1170.119122;2525;2525;2525;429;2604;2590;2615;428;2880;0
1170.61892;2545;2525;2525;430;2622;2590;2605;428;2880;0
1171.116408;2535;2525;2525;429;2612;2580;2615;427;2877;0
1171.618164;2535;2535;2525;430;2612;2590;2615;428;2880;0
1172.118534;2515;2525;2525;430;2612;2590;2615;430;2880;0
1172.617319;2515;2535;2525;430;2612;2590;2615;428;2877;0
1173.1194;2535;2535;2525;430;2612;2590;2615;428;2880;0
1173.618401;2515;2535;2525;430;2612;2590;2615;428;2883;0
1174.118575;2515;2535;2525;429;2612;2590;2615;428;2883;0
1174.619467;2515;2525;2525;429;2612;2590;2615;428;2880;0
1175.119151;2478;2535;2525;429;2592;2580;2605;428;2877;0
1175.619521;2515;2525;2525;429;2612;2590;2605;426;2883;0
1176.120109;2525;2525;2525;430;2622;2580;2615;428;2880;0
1176.619027;2525;2525;2525;429;2622;2590;2615;428;2883;0
1177.119115;2515;2525;2525;429;2594;2580;2605;428;2883;0
1177.618533;2525;2525;2520;430;2622;2580;2590;428;2880;0
1178.119359;2515;2525;2525;430;2612;2590;2605;427;2880;0
1178.619037;2535;2525;2525;430;2612;2590;2605;427;2880;0
1179.118738;2515;2525;2535;429;2612;2590;2615;428;2880;0
1179.618856;2525;2525;2525;430;2604;2580;2605;427;2877;0
1180.119188;2515;2525;2525;429;2612;2580;2605;428;2877;0
1180.619603;2515;2525;2525;430;2612;2580;2605;428;2883;0
1181.118927;2515;2520;2525;429;2594;2590;2605;427;2880;0
1181.618467;2515;2525;2525;430;2612;2580;2605;428;2880;0
1182.118141;2535;2525;2525;430;2594;2590;2605;428;2883;0
1182.61939;2535;2525;2525;430;2594;2580;2605;428;2880;0
1183.119139;2525;2525;2525;430;2604;2580;2605;428;2880;0
1183.619024;2515;2525;2525;430;2612;2580;2605;428;2877;0
1184.118481;2515;2525;2525;430;2612;2580;2605;427;2877;0
1184.619378;2515;2525;2525;430;2612;2580;2605;428;2880;0
1185.119086;2515;2525;2525;430;2612;2580;2605;428;2880;0
1185.619276;2515;2525;2525;429;2594;2580;2605;428;2877;0
1186.118426;2545;2525;2525;429;2604;2580;2605;428;2883;0
1186.618132;2515;2525;2525;431;2594;2580;2605;428;2880;0
1187.119036;2545;2525;2525;430;2604;2580;2605;428;2880;0
1187.618527;2515;2525;2525;430;2594;2580;2605;428;2877;0
1188.119402;2515;2525;2525;430;2612;2580;2605;428;2877;0
1188.617619;2515;2525;2525;429;2594;2580;2605;428;2883;0
1189.119549;2545;2525;2525;429;2604;2580;2605;427;2877;0
1189.619473;2515;2525;2520;429;2594;2580;2605;428;2883;0
1190.119071;2535;2525;2525;429;2612;2580;2605;428;2877;0
1190.618474;2525;2525;2525;430;2585;2580;2615;428;2880;0
1191.119397;2515;2525;2525;430;2575;2580;2600;428;2880;0
1191.619486;2525;2525;2520;430;2604;2580;2615;427;2877;0
1192.119127;2525;2525;2525;430;2604;2580;2605;428;2880;0
1192.619396;2515;2525;2525;430;2594;2580;2600;428;2877;0
1193.118948;2515;2525;2525;430;2594;2580;2600;428;2877;0
1193.61928;2525;2525;2525;430;2604;2570;2600;428;2877;0
1194.118499;2545;2520;2525;430;2604;2580;2605;429;2877;0
1194.619025;2515;2525;2520;429;2594;2570;2600;428;2877;0
1195.118308;2515;2525;2520;430;2594;2580;2600;428;2883;0
1195.618434;2515;2525;2520;429;2594;2570;2600;428;2877;0
1196.118874;2525;2525;2520;430;2604;2570;2600;428;2880;0
1196.619336;2515;2525;2525;430;2575;2570;2600;428;2880;0
1197.118359;2535;2525;2525;429;2594;2570;2600;428;2880;0
1197.618939;2515;2520;2520;430;2594;2570;2600;428;2880;0
1198.118821;2545;2520;2525;430;2604;2570;2600;428;2877;0
1198.619092;2515;2520;2525;430;2594;2570;2600;428;2877;0
1199.118874;2525;2525;2525;430;2604;2570;2600;428;2880;0
1199.619271;2535;2525;2520;430;2594;2570;2600;428;2880;0
