Zeit;TE1;TM11;TM12;UBE1;TE2;TM21;TM22;UBE2;UCE;IC
0.575637;2824;2870;2825;420;4983;4760;4810;360;2877;0
1.099673;2854;2870;2815;420;4974;4735;4795;359;2883;0
1.626863;2824;2870;2825;421;4964;4735;4785;360;2880;0
2.151486;2854;2870;2825;421;4954;4735;4770;360;2880;0
2.676375;2854;2860;2825;421;4937;4720;4795;361;2877;0
3.201176;2834;2850;2825;420;4937;4710;4760;360;2877;0
3.713491;2854;2860;2815;421;4918;4710;4760;361;2880;0
4.211456;2854;2850;2825;421;4918;4695;4760;361;2877;0
4.71366;2834;2860;2815;421;4898;4695;4745;362;2883;0
5.213147;2834;2860;2825;421;4879;4695;4735;362;2883;0
5.713415;2854;2860;2815;421;4860;4685;4735;363;2877;0
6.213046;2834;2860;2815;421;4860;4685;4720;362;2883;0
6.713423;2834;2860;2815;421;4860;4670;4735;362;2880;0
7.213539;2834;2860;2815;421;4840;4670;4710;363;2880;0
7.713399;2834;2845;2815;421;4840;4670;4695;363;2877;0
8.212356;2814;2850;2815;421;4823;4660;4695;363;2883;0
8.713182;2834;2860;2815;421;4823;4660;4670;363;2877;0
9.213113;2814;2850;2815;421;4804;4650;4670;364;2880;0
9.713373;2854;2860;2805;421;4804;4650;4660;364;2880;0
10.213227;2834;2850;2815;421;4784;4650;4660;364;2880;0
10.713228;2834;2850;2815;421;4784;4650;4650;365;2877;0
11.21392;2805;2850;2815;421;4755;4635;4635;365;2880;0
11.713074;2834;2835;2815;421;4765;4635;4635;365;2880;0
12.213746;2834;2850;2805;421;4746;4625;4625;365;2877;0
12.713932;2834;2850;2805;421;4729;4610;4610;366;2877;0
13.213831;2854;2850;2805;421;4729;4610;4600;366;2883;0
13.712856;2834;2845;2805;421;4729;4600;4600;367;2880;0
14.2115;2819;2845;2805;421;4714;4600;4590;366;2877;0
14.713366;2844;2845;2805;421;4719;4590;4590;367;2877;0
15.211725;2854;2845;2805;421;4690;4575;4575;367;2880;0
15.713437;2814;2845;2805;421;4690;4565;4565;367;2877;0
16.212213;2814;2845;2805;421;4690;4565;4550;367;2883;0
16.713035;2854;2845;2805;801;4690;4575;4565;362;1905;1440
17.21244;2854;2845;2795;798;4670;4575;4575;363;1892;1440
17.713586;2911;2835;2795;796;4651;4565;4550;363;1883;1440
18.213165;2970;2835;2795;794;4634;4565;4550;364;1879;1440
18.712806;3027;2835;2795;792;4651;4550;4550;363;1873;1440
19.213518;3086;2835;2795;791;4634;4540;4530;363;1873;1440
19.713133;3142;2835;2795;789;4614;4540;4530;364;1873;1440
20.212452;3192;2835;2795;788;4605;4530;4530;363;1867;1440
20.712377;3258;2835;2805;787;4595;4515;4515;365;1863;1440
21.212306;3297;2845;2805;786;4576;4515;4515;365;1860;1440
21.713444;3354;2845;2815;785;4576;4505;4505;365;1854;1440
22.213203;3393;2845;2805;784;4576;4505;4490;365;1851;1440
22.713086;3469;2845;2805;783;4595;4505;4490;366;1854;1440
23.21392;3526;2845;2805;782;4556;4490;4480;366;1841;1440
23.713521;3545;2850;2805;781;4556;4490;4470;366;1838;1440
24.214097;3621;2850;2815;781;4537;4480;4470;366;1835;1440
24.713067;3660;2860;2815;780;4537;4480;4455;366;1841;1440
25.21389;3719;2860;2825;779;4520;4470;4455;366;1838;1440
25.713161;3756;2870;2825;778;4520;4470;4445;366;1831;1440
26.21366;3815;2880;2825;778;4520;4455;4445;367;1835;1440
26.711234;3851;2880;2835;776;4520;4455;4445;367;1828;1440
27.212938;3871;2890;2835;777;4500;4445;4420;367;1825;1440
27.713454;3910;2900;2845;776;4500;4445;4420;367;1831;1440
28.213225;3976;2900;2850;775;4471;4435;4420;368;1822;1440
28.713191;4005;2905;2850;775;4481;4435;4410;368;1825;1440
29.213452;4062;2915;2860;774;4461;4410;4400;368;1822;1440
29.714055;4101;2925;2860;774;4461;4410;4400;368;1819;1440
30.212962;4110;2935;2870;772;4471;4400;4385;368;1819;1440
30.712322;4157;2945;2870;772;4442;4400;4375;369;1819;1440
31.212488;4196;2955;2880;772;4442;4385;4365;368;1815;1440
31.713189;4232;2970;2870;772;4425;4385;4365;369;1815;1440
32.213555;4271;2970;2900;771;4425;4375;4355;369;1815;1440
32.712932;4310;2980;2900;770;4405;4375;4355;370;1815;1440
33.213276;4330;2990;2905;770;4405;4365;4340;371;1812;1440
33.713689;4366;3000;2915;769;4405;4355;4340;370;1812;1440
34.213765;4405;3010;2925;769;4405;4355;4340;370;1812;1440
34.713281;4410;3025;2935;769;4391;4340;4320;370;1809;1440
35.213382;4461;3035;2945;769;4386;4320;4320;370;1812;1440
35.712886;4500;3045;2955;768;4386;4305;4305;370;1812;1440
36.213335;4520;3055;2960;768;4366;4295;4320;371;1809;1440
36.713015;4556;3075;2955;767;4347;4295;4305;371;1812;1440
37.213419;4566;3085;2980;767;4357;4285;4295;371;1806;1440
37.712252;4614;3090;2980;767;4366;4285;4285;371;1806;1440
38.212857;4651;3110;3000;766;4347;4285;4285;372;1803;1440
38.712374;4670;3120;3010;766;4330;4260;4285;372;1803;1440
39.21164;4665;3130;3020;765;4305;4260;4275;372;1803;1440
39.712823;4729;3150;3035;765;4330;4250;4275;372;1806;1440
40.213361;4746;3160;3035;765;4310;4250;4260;373;1803;1440
40.712687;4784;3170;3055;764;4310;4240;4260;372;1799;1440
41.213336;4784;3185;3065;764;4310;4240;4250;372;1799;1440
41.713198;4804;3195;3075;764;4310;4240;4240;373;1799;1440
42.213315;4840;3215;3085;763;4291;4240;4240;373;1803;1440
42.712646;4840;3225;3085;763;4291;4230;4240;373;1799;1440
43.21281;4869;3235;3100;763;4281;4230;4230;373;1799;1440
43.711709;4889;3255;3110;763;4262;4215;4230;374;1796;1440
44.212271;4937;3270;3110;762;4271;4215;4205;374;1799;1440
44.713387;4937;3280;3130;762;4271;4205;4215;374;1796;1440
45.213234;4974;3300;3140;762;4252;4205;4205;375;1796;1440
45.713482;5003;3310;3150;761;4223;4195;4195;375;1796;1440
46.212367;5003;3320;3160;761;4242;4195;4185;375;1796;1440
46.712156;5022;3330;3175;760;4223;4195;4185;374;1793;1440
47.212917;5039;3350;3185;760;4242;4175;4185;375;1796;1440
47.713914;5068;3360;3195;760;4215;4175;4150;375;1787;1440
48.213823;5087;3370;3205;758;4215;4160;4160;376;1796;1440
48.712984;5097;3390;3215;760;4186;4160;4160;376;1790;1440
49.212964;5117;3400;3225;759;4205;4160;4150;376;1790;1440
49.71403;5133;3415;3245;759;4186;4150;4140;376;1787;1440
50.213176;5163;3425;3255;758;4196;4140;4130;376;1787;1440
50.713747;5201;3435;3265;759;4196;4130;4130;377;1787;1440
51.213169;5192;3445;3280;758;4166;4130;4120;376;1790;1440
51.713259;5211;3465;3290;757;4166;4120;4120;377;1790;1440
52.213316;5257;3475;3300;757;4157;4120;4120;377;1790;1440
52.712459;5257;3485;3310;757;4176;4105;4095;377;1783;1440
53.213443;5267;3505;3320;757;4147;4095;4085;377;1790;1440
53.712062;5286;3515;3330;757;4147;4085;4105;377;1783;1440
54.213646;5305;3535;3330;757;4147;4085;4075;378;1787;1440
54.713065;5305;3545;3340;756;4110;4075;4075;378;1787;1440
55.213097;5325;3565;3360;756;4127;4065;4065;378;1783;1440
55.713875;5342;3575;3370;756;4110;4065;4065;378;1783;1440
56.213038;5361;3585;3370;755;4110;4065;4055;378;1777;1440
56.713443;5380;3595;3380;755;4091;4065;4055;379;1780;1440
57.213487;5400;3615;3400;755;4091;4055;4055;379;1783;1440
57.713464;5419;3635;3400;755;4071;4040;4040;379;1777;1440
58.213261;5436;3645;3405;754;4071;4030;4030;379;1780;1440
58.712847;5455;3665;3415;754;4091;4030;4030;379;1780;1440
59.212134;5455;3665;3435;754;4071;4020;4020;379;1777;1440
59.713529;5474;3685;3455;753;4071;4020;4010;379;1774;1440
60.213549;5494;3695;3445;753;4052;4010;4020;379;1777;1440
60.713962;5513;3695;3465;753;4052;4010;4010;380;1777;1440
61.212593;5532;3725;3475;753;4052;4000;4000;380;1777;1440
61.713324;5542;3725;3485;753;4062;4000;4000;380;1777;1440
62.212414;5549;3745;3505;753;4032;3980;4000;381;1777;1440
62.713387;5549;3755;3515;752;4032;3980;3990;381;1774;1440
63.212287;5598;3790;3525;752;4042;3980;3980;380;1774;1440
63.713326;5617;3800;3535;752;4025;3980;3980;381;1774;1440
64.213137;5607;3810;3555;752;4015;3980;3965;380;1774;1440
64.713202;5627;3820;3545;752;3996;3965;3955;381;1771;1440
65.213365;5627;3840;3565;751;4015;3965;3945;381;1774;1440
65.712976;5644;3840;3575;751;3996;3955;3955;382;1771;1440
66.213132;5663;3860;3585;751;3996;3945;3955;382;1771;1440
66.712999;5663;3870;3605;751;3996;3955;3945;382;1774;1440
67.213025;5682;3880;3615;751;3976;3945;3935;381;1774;1440
67.713535;5730;3880;3625;750;3986;3945;3935;382;1774;1440
68.212037;5701;3905;3635;750;3976;3935;3935;382;1771;1440
68.713115;5747;3915;3645;750;3986;3925;3925;382;1771;1440
69.212489;5738;3925;3655;750;3976;3915;3925;382;1767;1440
69.713737;5757;3935;3675;749;3957;3915;3925;383;1767;1440
70.21335;5786;3945;3685;749;3966;3905;3915;383;1767;1440
70.712893;5776;3955;3695;749;3937;3905;3915;382;1777;1440
71.213637;5796;3980;3715;749;3937;3895;3905;383;1767;1440
71.713637;5796;3990;3715;749;3937;3895;3905;383;1764;1440
72.213275;5844;3990;3725;749;3947;3880;3915;384;1767;1440
72.712566;5834;4010;3735;748;3937;3880;3895;384;1761;1440
73.212685;5834;4020;3745;748;3937;3870;3895;383;1771;1440
73.713519;5844;4040;3755;748;3910;3870;3880;384;1758;1440
74.213361;5861;4040;3770;748;3927;3860;3880;384;1764;1440
74.71336;5880;4055;3770;748;3910;3860;3880;384;1761;1440
75.212343;5919;4075;3790;747;3910;3860;3870;384;1761;1440
75.713005;5909;4095;3800;747;3900;3860;3870;385;1767;1440
76.212213;5928;4095;3810;747;3900;3850;3860;385;1758;1440
76.713469;5928;4105;3810;747;3900;3830;3850;385;1761;1440
77.212575;5938;4120;3810;747;3891;3810;3840;385;1755;1440
77.713148;5945;4120;3810;747;3881;3790;3830;385;1761;1440
78.213226;5945;4120;3810;746;3861;3770;3830;386;1751;1440
78.712344;5993;4130;3830;746;3871;3755;3820;386;1755;1440
79.213085;5974;4140;3840;746;3871;3725;3820;386;1742;1440
79.712945;5984;4150;3850;745;3861;3745;3820;386;1751;1440
80.213403;6003;4150;3860;746;3842;3735;3810;386;1751;1440
80.712782;6022;4175;3870;745;3842;3725;3810;386;1739;1440
81.212552;6022;4185;3895;745;3842;3725;3810;386;1755;1440
81.713232;6032;4195;3905;745;3851;3725;3810;386;1751;1440
82.21299;6068;4205;3905;745;3832;3725;3790;386;1742;1440
82.712759;6058;4215;3925;744;3842;3725;3790;386;1742;1440
83.212853;6078;4230;3935;744;3805;3715;3790;386;1735;1440
83.713323;6078;4240;3945;745;3822;3715;3790;387;1745;1440
84.212415;6097;4250;3965;744;3805;3705;3780;387;1758;1440
84.713089;6097;4250;3965;743;3805;3705;3780;385;1735;1440
85.213336;6145;4260;3980;744;3832;3705;3770;387;1735;1440
85.713022;6135;4275;3990;744;3805;3705;3770;387;1735;1440
86.212355;6116;4285;4000;743;3785;3695;3770;388;1735;1440
86.711344;6135;4295;4010;743;3785;3695;3755;387;1732;1440
87.21332;6145;4295;4010;743;3795;3695;3755;387;1735;1440
87.713268;6172;4305;4020;743;3785;3685;3755;388;1739;1440
88.212711;6181;4320;4030;743;3795;3665;3745;388;1735;1440
88.713498;6191;4330;4040;742;3785;3655;3745;388;1732;1440
89.212947;6191;4330;4055;742;3766;3655;3735;388;1732;1440
89.714147;6210;4340;4065;743;3766;3645;3735;388;1732;1440
90.213201;6239;4355;4065;742;3756;3645;3725;389;1735;1440
90.713318;6239;4365;4085;742;3756;3635;3725;389;1732;1440
91.213106;6229;4375;4085;742;3746;3635;3725;389;1745;1440
91.713506;6239;4400;4105;742;3756;3635;3725;389;1732;1440
92.2132;6275;4410;4105;742;3756;3635;3715;389;1735;1440
92.713358;6256;4410;4120;742;3736;3645;3715;389;1729;1440
93.21284;6266;4420;4130;741;3727;3645;3705;389;1735;1440
93.712815;6285;4445;4130;740;3709;3645;3705;389;1732;1440
94.213597;6294;4455;4140;741;3736;3635;3705;389;1729;1440
94.713083;6304;4470;4150;741;3727;3645;3695;389;1732;1440
95.212648;6304;4480;4160;741;3727;3645;3695;390;1732;1440
95.713856;6323;4490;4175;740;3709;3645;3695;390;1729;1440
96.213262;6350;4505;4175;741;3719;3635;3685;389;1732;1440
96.712813;6323;4515;4175;740;3709;3645;3685;390;1732;1440
97.212415;6340;4530;4185;741;3709;3645;3685;390;1726;1440
97.714005;6340;4530;4195;740;3690;3645;3685;391;1729;1440
98.213337;6379;4540;4205;740;3690;3645;3675;390;1729;1440
98.713974;6359;4550;4215;740;3690;3645;3675;391;1729;1440
99.212901;6359;4565;4215;740;3690;3635;3675;391;1732;1440
99.712914;6398;4565;4230;740;3670;3645;3665;391;1729;1440
100.212314;6398;4575;4230;740;3690;3645;3665;390;1726;1440
100.712866;6417;4550;4240;740;3690;3635;3665;391;1726;1440
101.213462;6417;4590;4260;739;3690;3635;3665;391;1729;1440
101.713616;6432;4600;4260;739;3646;3635;3655;391;1729;1440
102.213974;6436;4610;4275;739;3670;3625;3655;392;1726;1440
102.712895;6453;4625;4275;738;3651;3615;3655;392;1726;1440
103.213461;6463;4635;4285;738;3680;3615;3645;391;1729;1440
103.712887;6448;4635;4295;739;3646;3605;3645;392;1729;1440
104.212993;6463;4650;4295;738;3660;3605;3645;392;1729;1440
104.713484;6482;4660;4295;738;3660;3615;3635;392;1723;1440
105.212772;6501;4660;4305;738;3660;3615;3635;392;1726;1440
105.712096;6501;4670;4320;737;3641;3605;3625;392;1726;1440
106.213443;6501;4685;4320;737;3660;3605;3625;392;1723;1440
106.710845;6511;4685;4340;737;3631;3605;3625;392;1723;1440
107.212456;6540;4695;4340;737;3641;3595;3615;392;1726;1440
107.712382;6540;4710;4355;737;3621;3595;3615;392;1723;1440
108.212523;6530;4710;4365;737;3611;3615;3615;393;1723;1440
108.713296;6557;4720;4365;737;3621;3585;3605;392;1723;1440
109.212267;6547;4735;4375;737;3611;3585;3605;393;1726;1440
109.712536;6566;4745;4385;737;3611;3585;3605;393;1723;1440
110.212524;6595;4745;4400;737;3621;3585;3595;393;1723;1440
110.713155;6595;4760;4385;736;3621;3575;3595;393;1719;1440
111.212464;6576;4770;4400;736;3604;3585;3595;393;1726;1440
111.713434;6595;4770;4410;736;3604;3575;3595;393;1719;1440
112.213527;6634;4785;4420;736;3604;3565;3585;393;1723;1440
112.714517;6624;4785;4420;736;3594;3555;3585;394;1726;1440
113.212936;6624;4785;4435;736;3594;3545;3575;394;1723;1440
113.713066;6634;4785;4435;736;3604;3525;3575;394;1719;1440
114.211065;6634;4795;4445;736;3585;3525;3575;393;1719;1440
114.713103;6624;4795;4445;736;3555;3515;3565;394;1723;1440
115.21236;6650;4810;4455;735;3585;3495;3565;394;1726;1440
115.712959;6660;4820;4470;735;3594;3495;3555;394;1723;1440
116.212212;6650;4820;4470;735;3585;3485;3555;394;1716;1440
116.713057;6670;4810;4470;735;3585;3475;3555;395;1723;1440
117.213119;6660;4845;4470;735;3535;3465;3545;395;1716;1440
117.713119;6650;4845;4480;735;3565;3465;3545;395;1719;1440
118.212967;6660;4860;4480;736;3555;3455;3535;395;1719;1440
118.713231;6675;4860;4505;734;3531;3445;3535;394;1719;1440
119.213264;6689;4860;4505;735;3526;3435;3525;395;1716;1440
119.710546;6679;4860;4505;735;3555;3435;3525;395;1719;1440
120.213067;6708;4860;4505;734;3545;3425;3515;395;1719;1440
120.713056;6718;4860;4515;734;3535;3415;3515;396;1723;1440
121.212736;6718;4875;4515;734;3535;3415;3515;395;1719;1440
121.713947;6708;4875;4515;734;3545;3415;3505;396;1719;1440
122.212961;6727;4885;4515;734;3526;3415;3495;395;1719;1440
122.710964;6737;4900;4530;733;3516;3405;3495;395;1723;1440
123.213026;6718;4900;4530;734;3535;3415;3485;396;1716;1440
123.712153;6737;4910;4540;733;3499;3415;3485;396;1719;1440
124.213178;6754;4925;4540;733;3516;3405;3485;396;1719;1440
124.713202;6754;4935;4550;733;3499;3415;3475;396;1723;1440
125.21289;6754;4935;4565;733;3499;3415;3475;396;1719;1440
125.713446;6773;4935;4565;733;3499;3405;3475;396;1716;1440
126.21341;6773;4935;4575;733;3499;3405;3475;396;1716;1440
126.713364;6773;4950;4575;733;3499;3400;3475;395;1719;1440
127.213648;6802;4965;4590;733;3489;3400;3475;397;1719;1440
127.713336;6812;4975;4590;733;3479;3390;3465;397;1719;1440
128.212904;6792;4975;4590;732;3479;3390;3465;397;1716;1440
128.712222;6812;4975;4600;732;3479;3390;3465;396;1713;1440
129.212142;6812;5005;4610;732;3479;3390;3455;397;1716;1440
129.713283;6831;5005;4610;732;3459;3400;3455;397;1716;1440
130.213013;6831;5005;4610;732;3479;3400;3455;397;1719;1440
130.713153;6867;5030;4610;732;3479;3400;3455;397;1716;1440
131.21311;6848;5030;4625;732;3459;3400;3445;396;1713;1440
131.713224;6876;5045;4635;732;3469;3400;3455;397;1713;1440
132.21281;6867;5045;4635;732;3459;3400;3455;398;1713;1440
132.711334;6867;5045;4650;732;3459;3405;3445;397;1713;1440
133.21291;6857;5045;4660;732;3450;3405;3455;399;1713;1440
133.712842;6886;5045;4660;731;3459;3390;3435;398;1716;1440
134.211468;6896;5045;4660;732;3450;3380;3425;398;1713;1440
134.713319;6886;5055;4670;731;3440;3380;3425;398;1716;1440
135.213114;6905;5055;4670;731;3440;3380;3435;398;1713;1440
135.71127;6905;5070;4670;731;3420;3380;3425;398;1713;1440
136.213288;6905;5085;4670;731;3420;3380;3435;398;1713;1440
136.712339;6905;5095;4670;731;3420;3380;3405;398;1713;1440
137.21242;6905;5095;4685;731;3420;3380;3415;398;1713;1440
137.713474;6925;5110;4685;731;3440;3370;3415;399;1710;1440
138.212351;6934;5125;4710;731;3430;3370;3415;398;1710;1440
138.710163;6934;5135;4695;731;3430;3370;3415;397;1710;1440
139.214528;6925;5135;4710;730;3420;3380;3405;399;1713;1440
139.713069;6941;5135;4710;731;3420;3370;3405;399;1716;1440
140.212968;6941;5150;4720;730;3420;3370;3405;399;1710;1440
140.712365;6941;5165;4720;730;3403;3370;3405;399;1710;1440
141.213339;6961;5180;4735;730;3403;3360;3400;399;1710;1440
141.713496;6961;5180;4735;730;3403;3360;3400;399;1707;1440
142.213202;6980;5190;4745;729;3403;3360;3400;400;1710;1440
142.712964;6980;5190;4770;730;3403;3350;3390;399;1716;1440
143.212145;7009;5205;4760;730;3393;3340;3390;399;1716;1440
143.712557;6980;5205;4770;729;3383;3330;3390;400;1710;1440
144.213538;6999;5205;4770;729;3383;3340;3390;400;1710;1440
144.712785;7018;5220;4785;730;3383;3330;3380;400;1710;1440
145.212359;7009;5220;4785;729;3393;3330;3380;400;1710;1440
145.713294;7018;5235;4785;729;3383;3330;3370;400;1707;1440
146.213449;7018;5235;4810;729;3383;3330;3380;400;1710;1440
146.71288;7047;5235;4795;730;3393;3330;3370;400;1713;1440
147.212797;7028;5250;4810;729;3373;3330;3370;400;1713;1440
147.713155;7038;5250;4820;728;3364;3330;3370;400;1713;1440
148.213065;7047;5250;4820;729;3373;3330;3370;400;1710;1440
148.713872;7047;5290;4820;729;3373;3330;3370;400;1707;1440
149.212453;7064;5275;4835;728;3373;3320;3360;400;1713;1440
149.714295;7074;5275;4845;728;3344;3320;3360;400;1713;1440
150.212934;7064;5290;4860;728;3373;3330;3360;400;1710;1440
150.711452;7064;5290;4860;728;3373;3320;3360;401;1707;1440
151.2129;7083;5290;4860;728;3354;3320;3350;400;1710;1440
151.71372;7102;5290;4875;728;3334;3320;3350;400;1707;1440
152.212875;7093;5305;4875;728;3344;3320;3350;401;1710;1440
152.712895;7074;5320;4875;728;3344;3330;3350;401;1713;1440
153.214031;7112;5320;4885;728;3344;3320;3340;401;1713;1440
153.713395;7098;5320;4885;728;3329;3320;3330;401;1713;1440
154.213545;7093;5320;4900;728;3344;3310;3340;401;1710;1440
154.713505;7122;5330;4910;728;3334;3320;3330;401;1707;1440
155.213727;7122;5345;4910;728;3334;3300;3340;401;1707;1440
155.713218;7141;5345;4910;727;3334;3310;3330;401;1707;1440
156.213013;7131;5345;4925;727;3324;3300;3330;400;1710;1440
156.713062;7141;5345;4910;727;3334;3300;3330;401;1707;1440
157.213143;7158;5360;4925;727;3315;3300;3330;402;1710;1440
157.713909;7148;5360;4935;727;3324;3300;3320;401;1710;1440
158.212965;7148;5360;4935;727;3324;3300;3320;401;1710;1440
158.712986;7167;5375;4950;727;3324;3300;3320;401;1713;1440
159.21344;7148;5375;4950;727;3305;3280;3320;401;1704;1440
159.713246;7131;5375;4965;727;3305;3300;3320;401;1704;1440
160.214;7177;5420;4965;726;3315;3290;3320;402;1707;1440
160.711615;7167;5390;4935;727;3287;3290;3320;402;1700;1440
161.213126;7177;5390;4965;727;3315;3290;3310;402;1710;1440
161.713381;7196;5405;4975;726;3315;3280;3310;402;1710;1440
162.21247;7196;5420;4975;727;3315;3280;3300;402;1707;1440
162.713651;7215;5420;4975;726;3297;3280;3310;402;1710;1440
163.212808;7196;5420;4990;726;3297;3280;3300;402;1704;1440
163.712797;7196;5435;4990;727;3297;3280;3300;402;1707;1440
164.213362;7215;5435;5005;726;3315;3270;3300;402;1710;1440
164.712233;7215;5435;5005;726;3297;3280;3300;403;1707;1440
165.213499;7215;5450;5005;726;3278;3270;3300;402;1710;1440
165.712047;7235;5450;5015;726;3278;3270;3290;403;1707;1440
166.212933;7225;5450;5015;726;3268;3270;3290;403;1707;1440
166.712478;7235;5465;5015;726;3278;3270;3290;403;1707;1440
167.210749;7235;5465;5015;726;3278;3265;3290;403;1707;1440
167.713369;7242;5480;5030;725;3268;3265;3280;403;1704;1440
168.213123;7251;5480;5030;726;3278;3265;3290;403;1704;1440
168.712762;7271;5480;5030;726;3278;3255;3280;403;1707;1440
169.212587;7271;5480;5015;725;3258;3255;3280;403;1704;1440
169.711741;7251;5495;5045;725;3278;3245;3280;403;1713;1440
170.213055;7271;5495;5030;725;3258;3245;3280;403;1707;1440
170.713199;7271;5510;5045;725;3258;3255;3270;403;1704;1440
171.213316;7271;5510;5045;725;3258;3245;3270;403;1704;1440
171.712758;7280;5510;5055;725;3268;3245;3270;404;1704;1440
172.212424;7290;5525;5055;725;3258;3245;3270;403;1704;1440
172.711094;7290;5525;5070;725;3258;3245;3265;404;1707;1440
173.21317;7290;5525;5055;725;3278;3235;3265;404;1704;1440
173.713719;7290;5540;5070;725;3238;3245;3265;404;1707;1440
174.212764;7309;5570;5055;725;3258;3245;3265;404;1704;1440
174.712744;7309;5555;5070;724;3258;3235;3265;404;1704;1440
175.213635;7309;5540;5070;725;3238;3235;3265;404;1704;1440
175.713159;7328;5570;5070;725;3238;3235;3255;404;1704;1440
176.213458;7309;5570;5070;725;3238;3255;3255;404;1704;1440
176.713318;7328;5570;5085;724;3238;3235;3245;404;1707;1440
177.213286;7328;5570;5085;725;3219;3235;3245;404;1700;1440
177.713199;7309;5570;5095;724;3238;3225;3235;404;1704;1440
178.212812;7328;5585;5095;724;3238;3225;3245;404;1700;1440
178.713082;7328;5585;5110;724;3219;3225;3235;404;1707;1440
179.212536;7328;5585;5110;724;3219;3225;3235;404;1704;1440
179.713151;7348;5600;5125;724;3219;3225;3235;405;1704;1440
180.213472;7348;5600;5125;724;3219;3215;3235;405;1700;1440
180.713238;7348;5600;5125;724;3219;3205;3225;404;1704;1440
181.213082;7364;5615;5110;723;3219;3215;3235;405;1704;1440
181.713061;7364;5615;5125;723;3219;3205;3225;405;1700;1440
182.213081;7364;5615;5135;724;3201;3205;3215;405;1700;1440
182.713078;7364;5615;5135;724;3219;3205;3225;404;1704;1440
183.212382;7384;5630;5150;724;3219;3205;3225;405;1707;1440
183.713188;7384;5615;5150;723;3201;3195;3215;405;1704;1440
184.21219;7384;5630;5150;723;3219;3195;3215;406;1700;1440
184.712108;7384;5630;5165;723;3201;3195;3215;405;1700;1440
185.212462;7374;5645;5165;723;3192;3185;3215;405;1704;1440
185.713279;7384;5645;5165;723;3182;3175;3215;406;1704;1440
186.212767;7403;5645;5165;723;3201;3185;3205;405;1700;1440
186.713297;7403;5645;5165;723;3219;3185;3205;406;1704;1440
187.212866;7403;5645;5180;723;3182;3175;3205;406;1700;1440
187.712379;7403;5660;5180;723;3201;3175;3185;405;1704;1440
188.214085;7403;5660;5180;723;3182;3170;3195;405;1704;1440
188.712758;7422;5660;5180;722;3182;3170;3195;406;1700;1440
189.213249;7403;5660;5190;723;3182;3170;3185;405;1704;1440
189.712506;7403;5675;5190;722;3182;3170;3185;405;1700;1440
190.213448;7422;5660;5180;722;3182;3160;3185;406;1704;1440
190.713275;7422;5675;5165;723;3182;3140;3185;406;1704;1440
191.212377;7422;5660;5150;722;3182;3140;3175;406;1700;1440
191.71377;7441;5675;5150;722;3182;3140;3175;406;1700;1440
192.215123;7432;5660;5150;722;3152;3140;3170;406;1700;1440
192.712396;7441;5660;5150;722;3142;3140;3175;406;1700;1440
193.212269;7441;5675;5165;722;3162;3130;3175;406;1700;1440
193.713681;7441;5675;5165;722;3162;3130;3170;406;1704;1440
194.213196;7441;5690;5180;722;3162;3130;3160;406;1700;1440
194.712977;7448;5675;5180;722;3172;3130;3170;406;1697;1440
195.212887;7422;5675;5190;722;3162;3130;3160;406;1707;1440
195.713871;7441;5660;5190;722;3162;3130;3170;405;1697;1440
196.212076;7458;5690;5205;722;3162;3130;3160;407;1697;1440
196.712817;7441;5690;5205;722;3142;3130;3170;407;1697;1440
197.212036;7458;5705;5220;722;3162;3130;3160;407;1700;1440
197.711302;7477;5690;5205;722;3142;3130;3160;406;1704;1440
198.212243;7458;5690;5205;722;3142;3120;3160;406;1700;1440
198.710318;7496;5705;5220;721;3142;3110;3160;407;1700;1440
199.21277;7477;5705;5205;722;3162;3100;3150;406;1704;1440
199.713344;7477;5725;5205;721;3142;3100;3150;407;1704;1440
200.213336;7477;5705;5190;722;3142;3100;3150;407;1704;1440
200.713636;7477;5705;5205;721;3142;3090;3150;407;1700;1440
201.213154;7496;5690;5190;722;3123;3090;3140;407;1704;1440
201.711963;7496;5660;5135;722;3142;3075;3130;407;1697;1440
202.213809;7496;5645;5125;721;3123;3065;3120;406;1700;1440
202.71302;7496;5645;5110;721;3123;3055;3120;407;1697;1440
203.212767;7477;5645;5110;721;3123;3055;3120;408;1700;1440
203.710225;7477;5645;5110;721;3123;3055;3110;407;1697;1440
204.21183;7506;5660;5125;721;3115;3055;3110;407;1697;1440
204.712605;7496;5660;5125;721;3123;3045;3110;408;1704;1440
205.213094;7496;5660;5135;721;3123;3055;3110;408;1697;1440
205.715834;7487;5660;5150;722;3096;3055;3110;408;1700;1440
206.213391;7496;5690;5165;721;3123;3055;3120;408;1697;1440
206.713178;7496;5690;5165;722;3123;3055;3110;408;1697;1440
207.213324;7496;5675;5165;721;3105;3045;3110;408;1697;1440
207.712389;7516;5690;5165;721;3105;3045;3110;408;1697;1440
208.211945;7496;5690;5180;721;3105;3045;3110;408;1700;1440
208.713312;7506;5705;5190;721;3096;3045;3110;408;1700;1440
209.212329;7496;5705;5205;721;3105;3045;3110;408;1700;1440
209.712188;7487;5705;5205;721;3076;3055;3100;408;1697;1440
210.213282;7506;5725;5205;721;3096;3045;3100;408;1697;1440
210.713374;7535;5725;5220;721;3086;3045;3100;408;1697;1440
211.213226;7516;5725;5235;721;3105;3055;3110;408;1697;1440
211.715694;7516;5740;5235;721;3086;3055;3100;408;1697;1440
212.213737;7552;5740;5235;721;3086;3055;3100;408;1697;1440
212.713354;7535;5740;5250;721;3086;3055;3100;408;1697;1440
213.212656;7525;5755;5250;720;3076;3055;3100;408;1697;1440
213.712967;7552;5755;5260;721;3086;3055;3100;408;1697;1440
214.212734;7552;5755;5260;720;3086;3055;3110;408;1700;1440
214.713196;7535;5770;5260;720;3086;3055;3100;409;1700;1440
215.213324;7552;5770;5275;720;3086;3055;3100;409;1700;1440
215.713128;7552;5770;5275;720;3086;3055;3100;408;1694;1440
216.21343;7552;5785;5275;720;3066;3045;3100;409;1694;1440
216.712601;7571;5785;5275;720;3086;3055;3090;408;1700;1440
217.212604;7552;5805;5275;720;3086;3055;3090;411;1697;1440
217.713336;7552;5805;5260;720;3086;3055;3090;409;1697;1440
218.214726;7542;5820;5275;720;3076;3045;3090;409;1700;1440
218.713101;7552;5820;5275;720;3086;3045;3090;409;1697;1440
219.21319;7571;5835;5275;720;3086;3045;3085;410;1694;1440
219.713412;7571;5835;5290;720;3066;3045;3085;409;1697;1440
220.210955;7571;5835;5290;720;3066;3045;3090;409;1697;1440
220.713604;7571;5835;5305;720;3066;3045;3085;410;1694;1440
221.212633;7590;5835;5305;720;3066;3045;3085;409;1700;1440
221.713015;7590;5835;5320;720;3066;3045;3085;409;1694;1440
222.213175;7590;5835;5330;720;3066;3045;3085;409;1700;1440
222.712895;7571;5820;5330;720;3066;3045;3085;409;1700;1440
223.213139;7609;5835;5330;719;3066;3035;3085;409;1697;1440
223.713244;7609;5835;5330;719;3066;3035;3075;409;1691;1440
224.213297;7609;5835;5330;720;3046;3035;3075;409;1697;1440
224.712598;7609;5835;5330;720;3046;3025;3065;409;1694;1440
225.2131;7609;5835;5345;719;3066;3020;3075;409;1700;1440
225.712233;7609;5850;5345;719;3066;3035;3085;410;1697;1440
226.213221;7609;5850;5345;720;3046;3025;3075;409;1697;1440
226.712341;7629;5850;5345;720;3046;3025;3065;409;1694;1440
227.213477;7629;5850;5360;720;3046;3025;3065;410;1697;1440
227.712293;7629;5850;5360;720;3046;3025;3065;410;1700;1440
228.212947;7609;5850;5375;720;3046;3025;3065;410;1700;1440
228.713196;7629;5850;5360;719;3046;3025;3065;410;1697;1440
229.213038;7629;5850;5360;719;3046;3020;3075;410;1700;1440
229.712651;7657;5850;5375;719;3036;3020;3065;410;1691;1440
230.213053;7648;5835;5375;719;3027;3020;3065;412;1694;1440
230.713001;7648;5850;5375;719;3046;3020;3055;409;1694;1440
231.213001;7648;5850;5375;719;3046;3025;3055;410;1697;1440
231.713112;7648;5850;5390;719;3027;3020;3065;410;1694;1440
232.213825;7648;5870;5375;719;3027;3020;3055;410;1697;1440
232.71311;7648;5870;5375;719;3027;3020;3055;410;1700;1440
233.212834;7648;5885;5375;719;3027;3020;3055;411;1694;1440
233.712785;7648;5870;5360;719;3046;3020;3045;410;1697;1440
234.212548;7648;5885;5360;719;3007;3020;3055;411;1700;1440
234.712971;7665;5885;5375;719;3027;3020;3055;410;1700;1440
235.212998;7665;5900;5375;719;3027;3020;3055;410;1694;1440
235.713035;7665;5900;5390;719;3027;3020;3045;410;1697;1440
236.212855;7648;5920;5390;719;3027;3020;3055;411;1697;1440
236.712569;7665;5900;5390;719;3007;3010;3045;410;1694;1440
237.213664;7665;5885;5390;719;3027;3020;3045;410;1694;1440
237.713088;7665;5885;5405;719;3027;3010;3045;411;1694;1440
238.213005;7684;5885;5405;719;3027;3010;3045;410;1694;1440
238.71093;7665;5870;5405;719;3007;3010;3045;411;1694;1440
239.212289;7684;5885;5390;718;3007;3000;3045;411;1694;1440
239.713385;7648;5870;5405;720;3007;3000;3045;411;1694;1440
240.213348;7684;5885;5405;719;3027;2990;3045;410;1697;1440
240.713159;7684;5885;5405;718;3007;2990;3035;411;1694;1440
241.213319;7684;5885;5420;719;3007;2990;3035;410;1697;1440
241.712863;7684;5885;5420;718;3007;2990;3035;411;1697;1440
242.21297;7665;5900;5420;718;3007;2990;3035;411;1697;1440
242.712285;7684;5920;5435;718;3007;2990;3035;411;1694;1440
243.212803;7684;5920;5420;719;3007;2990;3025;411;1694;1440
243.712397;7703;5900;5420;719;3007;2990;3035;411;1694;1440
244.213411;7684;5920;5435;718;3007;2990;3025;411;1694;1440
244.713316;7703;5935;5435;718;2990;2980;3025;411;1691;1440
245.213496;7703;5935;5435;719;2990;2980;3025;412;1694;1440
245.712383;7693;5935;5435;718;2999;2980;3025;411;1694;1440
246.213002;7693;5950;5435;718;2980;2980;3025;411;1697;1440
246.712468;7703;5950;5435;718;2990;2980;3025;411;1694;1440
247.213543;7703;5950;5435;718;2990;2970;3025;411;1694;1440
247.713856;7722;5970;5435;717;2990;2980;3025;411;1694;1440
248.213483;7703;5970;5435;718;2990;2970;3020;411;1694;1440
248.712474;7703;5950;5450;718;2990;2970;3020;411;1697;1440
249.212764;7703;5935;5435;718;2990;2970;3020;410;1694;1440
249.713345;7703;5985;5450;718;2970;2970;3020;411;1694;1440
250.212477;7703;5985;5435;717;2990;2960;3010;411;1697;1440
250.712913;7722;5970;5435;717;2990;2960;3020;411;1691;1440
251.213147;7703;5985;5435;718;2970;2960;3020;412;1694;1440
251.713187;7722;5985;5435;718;2990;2970;3010;410;1694;1440
252.2132;7722;5985;5435;718;2990;2960;3010;411;1694;1440
252.713026;7722;5985;5435;717;2970;2960;3010;412;1694;1440
253.21394;7722;5970;5450;718;2990;2960;3010;412;1694;1440
253.713164;7722;5970;5450;718;2990;2960;3010;412;1694;1440
254.213517;7732;5970;5450;717;2980;2955;3010;412;1694;1440
254.712009;7722;5970;5465;718;2970;2955;3000;411;1697;1440
255.213403;7742;5970;5465;718;2970;2945;3000;411;1691;1440
255.712425;7742;5920;5465;717;2990;2945;3000;412;1697;1440
256.213074;7742;5950;5465;717;2970;2945;3000;412;1694;1440
256.712957;7742;5950;5465;718;2990;2935;3000;412;1691;1440
257.213342;7758;5935;5480;717;2970;2935;3000;412;1694;1440
257.711776;7742;5950;5480;717;2990;2935;2990;411;1691;1440
258.212653;7732;5950;5480;717;2940;2925;3000;412;1694;1440
258.713145;7742;5935;5480;717;2970;2925;2990;412;1694;1440
259.213472;7732;5935;5480;717;2960;2925;2990;413;1697;1440
259.713079;7758;5935;5480;718;2970;2925;2990;412;1688;1440
260.212451;7758;5950;5480;717;2970;2915;2990;412;1691;1440
260.713522;7732;5950;5480;717;2940;2925;2980;412;1697;1440
261.212304;7749;5950;5480;717;2940;2925;2980;412;1697;1440
261.712082;7758;5950;5465;717;2950;2925;2990;412;1691;1440
262.212713;7758;5970;5495;717;2970;2925;2980;412;1694;1440
262.712434;7778;5970;5495;717;2970;2925;2980;412;1691;1440
263.212906;7758;5970;5480;717;2950;2935;2980;412;1694;1440
263.712892;7778;5970;5495;717;2950;2925;2980;412;1694;1440
264.212688;7778;5970;5495;717;2950;2935;2980;412;1694;1440
264.713137;7778;5970;5495;717;2950;2925;2970;412;1691;1440
265.212714;7778;5970;5495;717;2950;2925;2960;413;1694;1440
265.713248;7778;5970;5495;717;2950;2925;2980;412;1691;1440
266.21251;7758;5970;5495;717;2950;2925;2970;413;1697;1440
266.711148;7778;5985;5510;716;2950;2925;2970;413;1694;1440
267.212472;7797;5970;5495;717;2950;2925;2970;412;1688;1440
267.71296;7778;5970;5510;716;2950;2915;2970;412;1691;1440
268.212379;7778;5970;5525;717;2950;2915;2970;413;1691;1440
268.71258;7797;5950;5510;717;2930;2915;2970;413;1691;1440
269.213168;7778;5970;5510;717;2930;2905;2980;413;1697;1440
269.712717;7797;5970;5525;717;2930;2915;2970;413;1691;1440
270.212877;7797;5985;5525;716;2950;2905;2970;413;1694;1440
270.713274;7778;5985;5510;716;2950;2905;2960;413;1691;1440
271.212476;7778;6000;5525;717;2930;2905;2970;413;1694;1440
271.713136;7816;5985;5510;717;2930;2915;2960;413;1697;1440
272.2138;7778;6000;5525;717;2930;2915;2970;413;1697;1440
272.712702;7797;6000;5525;717;2950;2915;2960;413;1691;1440
273.212787;7797;6000;5525;717;2930;2915;2960;413;1694;1440
273.712198;7797;6000;5525;718;2930;2915;2960;413;1691;1440
274.212545;7797;6000;5525;717;2930;2915;2960;413;1691;1440
274.712412;7826;6000;5525;716;2940;2915;2960;413;1691;1440
275.212393;7816;6000;5540;716;2930;2905;2955;413;1688;1440
275.712987;7797;6000;5540;716;2930;2905;2960;413;1694;1440
276.213329;7816;6000;5540;717;2911;2905;2955;413;1691;1440
276.71342;7797;6000;5540;717;2930;2900;2955;413;1697;1440
277.212838;7816;5985;5540;716;2911;2900;2955;413;1691;1440
277.713155;7806;5985;5540;716;2940;2900;2955;413;1694;1440
278.213513;7797;6000;5540;716;2911;2890;2960;413;1694;1440
278.713073;7816;5985;5540;716;2911;2890;2955;413;1691;1440
279.213278;7835;5970;5540;716;2930;2890;2955;413;1691;1440
279.712563;7826;5970;5555;716;2940;2890;2955;413;1694;1440
280.212912;7835;5970;5540;716;2911;2880;2955;414;1691;1440
280.712422;7845;5970;5555;716;2921;2880;2955;414;1691;1440
281.212926;7816;5970;5555;717;2911;2880;2945;413;1688;1440
281.712446;7845;5985;5555;716;2940;2880;2945;413;1694;1440
282.213556;7835;5985;5555;716;2911;2870;2960;413;1691;1440
282.713292;7852;5970;5555;716;2911;2880;2945;413;1691;1440
283.212491;7845;5985;5555;716;2921;2870;2935;414;1694;1440
283.712369;7835;6000;5555;716;2911;2880;2945;413;1691;1440
284.212714;7852;6000;5540;716;2911;2880;2945;413;1691;1440
284.712806;7835;6020;5540;716;2911;2880;2945;413;1691;1440
285.213083;7862;6035;5540;716;2921;2880;2945;414;1691;1440
285.712658;7845;6020;5525;716;2921;2870;2945;413;1691;1440
286.212987;7852;6035;5525;716;2911;2880;2945;413;1691;1440
286.713063;7835;6035;5525;716;2893;2880;2935;414;1694;1440
287.212683;7835;6035;5510;716;2911;2880;2935;414;1688;1440
287.714866;7862;6055;5510;716;2921;2880;2935;414;1691;1440
288.212579;7862;6055;5510;716;2903;2880;2935;413;1694;1440
288.712733;7852;6090;5510;716;2911;2890;2935;414;1688;1440
289.212491;7852;6090;5525;718;2893;2880;2935;414;1694;1440
289.713313;7835;6070;5510;716;2911;2890;2935;413;1691;1440
290.213467;7835;6090;5525;716;2893;2890;2935;413;1694;1440
290.713081;7852;6090;5510;716;2893;2880;2945;414;1694;1440
291.212307;7835;6090;5525;716;2893;2890;2935;414;1694;1440
291.713329;7826;6105;5525;715;2921;2890;2935;414;1688;1440
292.213165;7835;6090;5525;716;2893;2890;2935;414;1691;1440
292.713017;7835;6090;5525;716;2911;2890;2935;413;1691;1440
293.213033;7862;6090;5540;716;2903;2890;2935;414;1691;1440
293.71283;7852;6090;5540;716;2893;2890;2935;414;1691;1440
294.213054;7862;6090;5540;716;2903;2890;2935;414;1691;1440
294.713518;7852;6090;5555;715;2893;2890;2935;414;1691;1440
295.211597;7835;6090;5555;716;2893;2890;2935;414;1691;1440
295.71319;7862;6090;5555;716;2903;2890;2925;414;1691;1440
296.213251;7826;6090;5555;715;2884;2890;2935;414;1691;1440
296.713227;7881;6090;5570;716;2903;2890;2935;413;1691;1440
297.213265;7862;6090;5570;716;2903;2890;2925;414;1688;1440
297.711472;7862;6090;5570;716;2884;2890;2935;414;1691;1440
298.212421;7862;6090;5585;716;2921;2890;2935;414;1691;1440
298.713546;7862;6105;5570;715;2903;2890;2925;414;1691;1440
299.212714;7852;6090;5585;716;2874;2890;2935;414;1691;1440
299.711299;7852;6105;5585;715;2893;2880;2925;414;1694;1440
300.212904;7871;6105;5585;716;2893;2890;2925;414;1691;1440
300.712909;7881;6105;5585;715;2903;2880;2925;415;1691;1440
301.212479;7871;6105;5585;716;2893;2880;2925;414;1688;1440
301.713011;7871;6125;5585;716;2893;2880;2925;414;1694;1440
302.213128;7852;6125;5600;715;2874;2880;2925;414;1694;1440
302.712791;7890;6125;5600;717;2893;2870;2925;414;1694;1440
303.212769;7862;6125;5600;715;2903;2880;2925;414;1688;1440
303.712023;7871;6125;5600;715;2874;2880;2925;414;1691;1440
304.212156;7871;6140;5600;716;2874;2880;2915;414;1691;1440
304.711941;7871;6125;5615;715;2893;2880;2915;414;1691;1440
305.21213;7871;6105;5615;715;2874;2880;2915;415;1691;1440
305.713135;7890;6140;5615;715;2874;2880;2915;414;1688;1440
306.213118;7871;6125;5615;715;2893;2880;2925;414;1688;1440
306.712526;7910;6140;5615;716;2874;2880;2915;415;1691;1440
307.212843;7871;6125;5630;715;2874;2880;2915;415;1694;1440
307.710635;7890;6125;5615;715;2874;2870;2915;415;1691;1440
308.212564;7900;6140;5615;715;2864;2880;2915;415;1688;1440
308.713868;7890;6125;5615;715;2874;2880;2915;414;1694;1440
309.211054;7890;6125;5615;715;2874;2880;2915;414;1688;1440
309.712367;7910;6125;5615;715;2874;2870;2915;415;1691;1440
310.211756;7910;6125;5615;714;2854;2870;2915;414;1688;1440
310.71075;7881;6125;5615;715;2884;2870;2915;415;1688;1440
311.212653;7890;6125;5630;715;2874;2870;2905;415;1691;1440
311.713342;7890;6125;5615;715;2854;2870;2905;415;1688;1440
312.212424;7900;6140;5615;715;2864;2870;2905;415;1691;1440
312.711921;7871;6140;5600;715;2854;2870;2905;415;1691;1440
313.212298;7910;6160;5600;715;2874;2870;2905;415;1688;1440
313.71163;7890;6160;5600;715;2854;2860;2905;414;1694;1440
314.212655;7890;6140;5600;715;2854;2870;2905;415;1691;1440
314.712245;7890;6140;5630;715;2874;2845;2905;415;1688;1440
315.211724;7910;6140;5615;715;2854;2860;2905;415;1688;1440
315.712083;7910;6125;5630;715;2854;2860;2900;415;1691;1440
316.212477;7929;6125;5630;715;2874;2850;2905;415;1688;1440
316.712103;7910;6140;5630;714;2854;2850;2905;415;1694;1440
317.212372;7910;6125;5630;715;2874;2860;2900;415;1694;1440
317.712075;7929;6140;5645;716;2854;2850;2900;415;1688;1440
318.211862;7910;6140;5630;715;2854;2850;2900;415;1691;1440
318.713597;7929;6160;5630;715;2854;2850;2900;415;1688;1440
319.212045;7910;6140;5630;714;2854;2850;2905;416;1691;1440
319.712255;7929;6160;5630;715;2854;2850;2905;415;1691;1440
320.212024;7929;6160;5630;715;2854;2850;2900;415;1688;1440
320.714583;7910;6160;5615;715;2874;2845;2900;415;1691;1440
321.211973;7929;6175;5615;714;2874;2845;2900;415;1688;1440
321.712703;7910;6175;5615;715;2854;2835;2900;415;1688;1440
322.212425;7910;6175;5615;715;2854;2845;2900;415;1691;1440
322.712529;7929;6175;5615;715;2854;2835;2900;416;1691;1440
323.212102;7929;6175;5600;714;2854;2835;2900;415;1694;1440
323.712593;7929;6160;5615;715;2834;2835;2890;415;1688;1440
324.212337;7929;6175;5600;714;2854;2845;2900;416;1691;1440
324.713276;7919;6175;5600;715;2864;2845;2890;415;1688;1440
325.211892;7929;6175;5615;715;2854;2845;2890;415;1688;1440
325.712088;7910;6175;5600;715;2854;2845;2890;416;1688;1440
326.21252;7919;6195;5600;714;2864;2845;2890;415;1688;1440
326.712343;7910;6195;5615;715;2854;2835;2890;415;1697;1440
327.212173;7910;6195;5570;714;2834;2835;2890;415;1688;1440
327.712466;7890;6195;5570;714;2834;2835;2890;417;1691;1440
328.212018;7890;6195;5555;714;2854;2835;2890;415;1694;1440
328.711981;7871;6210;5555;715;2834;2835;2890;415;1688;1440
329.21232;7890;6210;5570;715;2854;2835;2880;415;1694;1440
329.71297;7881;6210;5585;714;2844;2835;2900;416;1691;1440
330.212073;7871;6195;5585;714;2834;2835;2890;416;1688;1440
330.712008;7890;6210;5585;715;2834;2835;2890;415;1688;1440
331.212504;7871;6210;5585;714;2834;2835;2890;416;1694;1440
331.712942;7871;6210;5600;715;2834;2835;2890;416;1691;1440
332.212789;7890;6210;5600;715;2814;2835;2890;416;1688;1440
332.712049;7890;6210;5615;715;2834;2835;2880;416;1688;1440
333.213252;7900;6210;5615;714;2844;2825;2890;416;1691;1440
333.712898;7910;6210;5630;714;2834;2825;2890;416;1688;1440
334.212664;7890;6210;5615;714;2854;2825;2890;416;1691;1440
334.71325;7890;6230;5615;714;2834;2825;2890;415;1688;1440
335.212398;7910;6210;5615;714;2834;2825;2880;416;1691;1440
335.712533;7910;6210;5585;715;2814;2825;2880;416;1688;1440
336.212213;7910;6210;5600;715;2854;2825;2880;416;1688;1440
336.712344;7919;6210;5615;714;2844;2815;2870;416;1688;1440
337.213329;7910;6210;5615;715;2834;2815;2880;416;1688;1440
337.712161;7890;6210;5600;714;2834;2815;2880;416;1691;1440
338.212166;7919;6230;5600;714;2824;2815;2870;415;1691;1440
338.712551;7910;6210;5600;715;2834;2815;2880;417;1688;1440
339.211877;7890;6230;5600;715;2854;2825;2880;416;1691;1440
339.712299;7910;6230;5600;715;2834;2815;2880;416;1688;1440
340.212806;7919;6210;5600;714;2824;2825;2880;416;1691;1440
340.712573;7919;6230;5615;716;2844;2815;2870;416;1694;1440
341.212873;7910;6230;5615;715;2834;2815;2870;416;1688;1440
341.712896;7890;6210;5630;714;2854;2815;2880;416;1691;1440
342.212343;7919;6210;5630;715;2844;2815;2870;416;1688;1440
342.712162;7919;6210;5645;714;2844;2805;2870;416;1688;1440
343.212773;7910;6210;5645;715;2814;2815;2870;417;1694;1440
343.712582;7910;6210;5630;714;2814;2815;2870;416;1691;1440
344.212904;7910;6195;5660;715;2814;2815;2870;416;1694;1440
344.711444;7919;6175;5645;715;2824;2815;2870;416;1691;1440
345.212398;7929;6195;5660;715;2814;2815;2870;417;1688;1440
345.713226;7900;6175;5645;715;2824;2815;2860;416;1691;1440
346.212543;7919;6195;5645;715;2807;2815;2870;416;1688;1440
346.712351;7919;6195;5645;714;2824;2815;2870;416;1688;1440
347.212347;7919;6195;5645;714;2824;2815;2870;417;1688;1440
347.712546;7919;6210;5645;714;2844;2805;2870;417;1691;1440
348.212672;7919;6210;5660;715;2824;2815;2860;417;1684;1440
348.712319;7929;6195;5645;714;2834;2815;2860;416;1688;1440
349.211287;7958;6210;5645;714;2844;2815;2860;416;1691;1440
349.712638;7939;6210;5660;714;2824;2805;2860;417;1691;1440
350.212353;7929;6210;5660;714;2814;2805;2860;416;1691;1440
350.712162;7948;6210;5660;714;2797;2805;2860;416;1684;1440
351.212671;7939;6210;5660;714;2824;2805;2870;417;1691;1440
351.712547;7939;6230;5675;715;2824;2805;2860;418;1688;1440
352.212003;7929;6210;5675;714;2797;2815;2850;416;1691;1440
352.712214;7929;6195;5660;714;2814;2805;2860;416;1688;1440
353.212565;7958;6210;5660;714;2807;2805;2860;417;1688;1440
353.712065;7919;6210;5675;714;2824;2805;2860;416;1694;1440
354.212724;7948;6230;5690;714;2814;2805;2860;416;1694;1440
354.712377;7929;6230;5675;714;2814;2805;2850;416;1691;1440
355.212632;7929;6230;5675;714;2814;2805;2835;417;1688;1440
355.712425;7958;6230;5660;714;2807;2805;2850;417;1688;1440
356.212396;7929;6230;5660;714;2814;2790;2850;417;1691;1440
356.712541;7939;6250;5660;714;2807;2805;2850;417;1688;1440
357.212425;7939;6230;5660;714;2807;2795;2850;417;1684;1440
357.713058;7929;6230;5660;714;2814;2795;2850;417;1691;1440
358.212466;7939;6230;5675;714;2824;2795;2850;417;1688;1440
358.712881;7910;6230;5675;714;2797;2795;2850;416;1691;1440
359.212355;7919;6250;5660;714;2824;2795;2850;417;1688;1440
359.712684;7929;6250;5645;714;2797;2795;2850;417;1691;1440
360.212422;7919;6250;5645;714;2807;2795;2850;417;1691;1440
360.712303;7929;6250;5645;714;2797;2790;2850;416;1691;1440
361.212083;7919;6250;5645;714;2807;2790;2850;417;1688;1440
361.712572;7939;6250;5645;714;2824;2795;2845;416;1691;1440
362.213213;7939;6250;5660;714;2807;2795;2850;417;1688;1440
362.713023;7958;6230;5660;714;2807;2790;2850;417;1691;1440
363.21247;7919;6230;5660;714;2807;2790;2845;417;1688;1440
363.712426;7939;6250;5675;714;2807;2790;2845;417;1691;1440
364.21245;7939;6250;5675;714;2807;2790;2845;417;1694;1440
364.712556;7948;6250;5675;714;2817;2790;2850;417;1688;1440
365.212762;7939;6250;5675;714;2807;2795;2845;417;1688;1440
365.712805;7939;6250;5675;714;2807;2790;2845;417;1688;1440
366.212047;7939;6230;5690;714;2807;2790;2845;417;1688;1440
366.71249;7939;6250;5675;714;2807;2790;2845;417;1688;1440
367.212707;7929;6250;5675;714;2777;2790;2850;417;1688;1440
367.712268;7948;6250;5675;714;2777;2790;2835;417;1691;1440
368.213233;7958;6250;5660;714;2807;2790;2845;417;1688;1440
368.712428;7958;6250;5660;714;2807;2790;2845;417;1688;1440
369.213183;7948;6230;5660;714;2797;2790;2845;417;1691;1440
369.713274;7958;6250;5660;714;2807;2790;2845;417;1691;1440
370.212839;7958;6250;5660;714;2807;2790;2845;418;1688;1440
370.712306;7958;6230;5660;714;2807;2790;2850;418;1691;1440
371.212724;7958;6250;5675;713;2807;2780;2845;417;1688;1440
371.712837;7939;6250;5660;714;2787;2790;2835;417;1688;1440
372.213102;7958;6230;5675;714;2787;2790;2835;417;1688;1440
372.713009;7939;6250;5675;714;2787;2790;2825;417;1688;1440
373.212079;7958;6230;5675;714;2807;2790;2835;417;1688;1440
373.712282;7929;6250;5660;713;2777;2780;2845;417;1688;1440
374.213119;7958;6250;5660;713;2787;2790;2835;417;1688;1440
374.712012;7975;6265;5660;714;2787;2780;2835;417;1684;1440
375.212377;7958;6265;5660;714;2787;2780;2835;417;1684;1440
375.712657;7975;6265;5660;714;2807;2780;2835;417;1688;1440
376.21224;7958;6250;5645;714;2787;2780;2835;417;1684;1440
376.712485;7975;6265;5645;713;2787;2780;2835;417;1688;1440
377.21242;7975;6265;5660;714;2787;2780;2835;417;1688;1440
377.712925;7958;6250;5660;714;2807;2780;2825;417;1691;1440
378.212772;7975;6265;5645;714;2787;2780;2835;417;1691;1440
378.713337;7958;6265;5645;714;2807;2770;2835;420;1688;1440
379.212857;7975;6250;5645;713;2787;2780;2825;417;1691;1440
379.712684;7958;6265;5630;713;2787;2770;2825;418;1688;1440
380.212463;7975;6250;5615;714;2787;2770;2845;417;1688;1440
380.711953;7958;6250;5615;714;2787;2770;2825;418;1691;1440
381.213041;7975;6250;5600;713;2787;2760;2825;418;1688;1440
381.71277;7958;6265;5600;714;2787;2760;2825;416;1688;1440
382.212255;7965;6250;5600;713;2777;2770;2825;418;1691;1440
382.712745;7965;6250;5585;714;2777;2760;2825;417;1688;1440
383.212375;7965;6250;5585;714;2777;2760;2825;417;1691;1440
383.712655;7975;6265;5585;714;2767;2760;2815;417;1688;1440
384.212386;7975;6250;5585;714;2807;2760;2825;418;1691;1440
384.712728;7965;6230;5585;713;2777;2750;2825;418;1688;1440
385.212781;7975;6230;5585;714;2807;2750;2815;417;1691;1440
385.71243;7975;6210;5600;714;2787;2745;2815;418;1688;1440
386.213436;7994;6195;5600;713;2787;2750;2815;417;1688;1440
386.712415;7994;6175;5585;714;2767;2745;2815;418;1688;1440
387.213107;7994;6195;5585;714;2787;2735;2815;418;1691;1440
387.713002;7975;6195;5570;714;2787;2735;2815;417;1691;1440
388.213091;7984;6175;5570;714;2758;2735;2815;418;1688;1440
388.713457;7984;6175;5570;713;2758;2735;2815;418;1694;1440
389.212456;7994;6175;5585;714;2787;2745;2815;418;1688;1440
389.711855;7975;6175;5600;713;2787;2745;2805;418;1691;1440
390.21244;7965;6195;5600;714;2777;2745;2805;417;1691;1440
390.712956;7975;6210;5600;714;2767;2745;2805;418;1688;1440
391.21276;7984;6210;5600;714;2777;2745;2805;417;1688;1440
391.713012;7958;6210;5600;713;2767;2745;2805;418;1684;1440
392.212689;7965;6210;5615;714;2777;2745;2805;418;1688;1440
392.713455;7975;6210;5615;714;2767;2735;2805;418;1691;1440
393.212478;7975;6230;5615;714;2767;2750;2805;417;1688;1440
393.713481;7965;6230;5615;714;2758;2735;2805;418;1688;1440
394.21254;7975;6210;5615;714;2767;2750;2805;418;1688;1440
394.711899;7975;6230;5630;714;2767;2750;2805;418;1688;1440
395.211978;7975;6230;5630;714;2767;2750;2805;418;1688;1440
395.712438;7958;6230;5630;714;2748;2745;2805;418;1691;1440
396.21222;7975;6230;5630;713;2767;2750;2805;418;1688;1440
396.713178;7965;6230;5645;713;2758;2745;2805;418;1691;1440
397.212968;7958;6230;5660;714;2767;2750;2805;418;1691;1440
397.712471;7958;6230;5660;713;2748;2750;2805;418;1688;1440
398.212982;7958;6230;5645;714;2767;2745;2805;418;1688;1440
398.711633;7958;6250;5630;714;2767;2750;2805;418;1688;1440
399.213362;7958;6230;5630;714;2748;2750;2805;418;1691;1440
399.713164;7975;6230;5630;714;2748;2745;2805;418;1688;1440
400.213445;7958;6210;5615;714;2767;2745;2805;418;1688;1440
400.713218;7958;6210;5585;713;2767;2735;2805;418;1691;1440
401.212477;7958;6210;5585;713;2748;2745;2795;419;1688;1440
401.712822;7958;6210;5585;713;2767;2745;2795;417;1688;1440
402.213141;7958;6195;5600;714;2748;2745;2805;417;1688;1440
402.712117;7958;6175;5615;713;2748;2745;2795;418;1688;1440
403.212391;7965;6175;5615;714;2758;2745;2795;418;1694;1440
403.711117;7975;6195;5615;714;2748;2745;2805;418;1688;1440
404.213766;7975;6195;5630;713;2748;2745;2795;418;1691;1440
404.712813;7975;6195;5630;714;2748;2745;2790;418;1691;1440
405.213572;7975;6210;5645;714;2767;2745;2795;418;1684;1440
405.712003;7994;6195;5645;714;2767;2745;2795;419;1684;1440
406.212052;7975;6210;5630;713;2767;2735;2795;418;1691;1440
406.712655;7994;6210;5645;714;2748;2745;2790;418;1691;1440
407.212377;7965;6210;5645;714;2758;2745;2795;418;1684;1440
407.713581;7994;6230;5660;713;2748;2745;2795;418;1691;1440
408.211898;7975;6230;5660;714;2748;2745;2795;420;1688;1440
408.713092;8013;6230;5645;714;2748;2745;2795;418;1688;1440
409.211204;7975;6230;5660;713;2748;2745;2795;418;1688;1440
409.713538;7994;6230;5660;714;2748;2745;2795;418;1688;1440
410.213718;7984;6230;5675;714;2758;2745;2795;418;1691;1440
410.712658;7994;6250;5660;713;2748;2745;2790;419;1688;1440
411.213139;7965;6250;5660;714;2738;2745;2795;418;1688;1440
411.712867;7994;6250;5660;713;2748;2745;2795;418;1688;1440
412.213012;7975;6265;5660;713;2728;2745;2790;418;1688;1440
412.713414;7994;6265;5660;714;2748;2745;2795;418;1688;1440
413.212187;7994;6265;5645;714;2748;2745;2795;418;1688;1440
413.713173;7975;6265;5645;714;2767;2745;2790;418;1691;1440
414.213462;7994;6265;5645;714;2748;2745;2790;419;1688;1440
414.712359;7994;6265;5645;713;2767;2745;2790;419;1691;1440
415.213087;7994;6265;5645;713;2748;2735;2795;418;1694;1440
415.713304;7994;6265;5645;713;2748;2745;2795;419;1688;1440
416.212509;7975;6265;5630;713;2728;2735;2790;418;1688;1440
416.712892;7994;6285;5645;713;2748;2735;2805;419;1688;1440
417.213441;7994;6265;5630;713;2728;2735;2790;419;1684;1440
417.713405;7975;6265;5630;713;2748;2735;2790;419;1684;1440
418.211556;7994;6265;5630;713;2728;2735;2780;418;1688;1440
418.713199;8013;6250;5630;713;2748;2735;2790;418;1688;1440
419.213379;7994;6250;5630;713;2748;2735;2790;420;1688;1440
419.713339;7994;6265;5630;713;2748;2735;2790;418;1691;1440
420.213454;7994;6250;5660;714;2728;2735;2790;418;1688;1440
420.712399;7984;6250;5645;713;2738;2735;2790;419;1688;1440
421.211972;8003;6265;5660;714;2738;2735;2780;419;1688;1440
421.712201;8003;6265;5660;713;2758;2735;2790;419;1691;1440
422.213213;7984;6250;5660;713;2718;2735;2790;419;1688;1440
422.713231;7994;6265;5645;713;2748;2735;2790;419;1684;1440
423.213304;7984;6250;5660;713;2718;2735;2790;419;1688;1440
423.713157;7994;6265;5660;713;2748;2735;2790;419;1688;1440
424.213064;7984;6265;5660;713;2738;2735;2795;419;1688;1440
424.712414;7994;6265;5660;713;2748;2735;2790;418;1688;1440
425.212084;7994;6265;5690;713;2728;2725;2790;419;1691;1440
425.71212;7975;6265;5675;713;2748;2735;2790;419;1688;1440
426.213356;7994;6250;5675;713;2728;2725;2790;419;1688;1440
426.712947;7975;6265;5675;714;2728;2735;2790;419;1691;1440
427.213377;7975;6250;5675;713;2728;2750;2790;419;1691;1440
427.713391;7975;6265;5675;713;2748;2735;2790;419;1691;1440
428.213018;7975;6265;5675;713;2748;2735;2790;418;1688;1440
428.711996;7975;6250;5690;713;2748;2735;2790;418;1684;1440
429.212269;7975;6265;5690;714;2728;2735;2780;418;1688;1440
429.712496;7975;6250;5690;713;2728;2735;2780;419;1691;1440
430.213212;7994;6250;5705;713;2728;2735;2790;419;1691;1440
430.71332;7994;6250;5705;713;2728;2735;2790;419;1688;1440
431.213232;7994;6210;5705;714;2748;2735;2790;419;1691;1440
431.713734;7994;6230;5705;713;2748;2735;2780;419;1688;1440
432.213318;7994;6210;5705;713;2728;2735;2790;419;1691;1440
432.712118;8013;6230;5725;713;2728;2735;2780;419;1688;1440
433.212526;7994;6210;5725;714;2748;2725;2780;419;1688;1440
433.712892;7994;6230;5740;713;2708;2735;2780;419;1691;1440
434.212931;8013;6230;5705;713;2728;2735;2790;419;1684;1440
434.712322;8013;6230;5705;714;2728;2725;2780;419;1688;1440
435.212397;8013;6210;5725;713;2728;2735;2780;419;1684;1440
435.712649;8013;6230;5705;714;2728;2735;2780;419;1688;1440
436.212451;8013;6210;5705;714;2728;2735;2780;419;1688;1440
436.712862;8003;6230;5705;713;2738;2725;2780;419;1691;1440
437.212399;8013;6230;5705;713;2728;2735;2780;419;1691;1440
437.713001;7994;6230;5705;713;2728;2735;2780;419;1688;1440
438.212092;8013;6230;5690;713;2728;2735;2780;419;1688;1440
438.71248;8013;6250;5690;713;2748;2735;2780;418;1688;1440
439.212809;8013;6250;5690;713;2728;2735;2780;419;1688;1440
439.712423;8013;6250;5690;713;2728;2735;2780;419;1688;1440
440.212192;8013;6250;5705;713;2728;2735;2780;419;1688;1440
440.712998;7994;6230;5705;713;2708;2735;2780;419;1691;1440
441.21246;8013;6250;5705;713;2728;2735;2780;419;1684;1440
441.713759;8013;6250;5705;713;2728;2725;2780;419;1691;1440
442.212507;8013;6265;5705;713;2748;2725;2780;419;1691;1440
442.713447;8013;6265;5725;713;2728;2725;2780;419;1684;1440
443.212433;7994;6265;5705;714;2728;2715;2780;419;1688;1440
443.712445;8013;6265;5705;713;2728;2725;2780;419;1691;1440
444.213461;8013;6265;5705;713;2728;2735;2780;419;1691;1440
444.713046;7994;6265;5725;714;2728;2725;2780;419;1684;1440
445.213654;7994;6265;5705;713;2728;2725;2780;419;1688;1440
445.713119;8013;6265;5725;713;2728;2725;2780;419;1688;1440
446.211907;8013;6265;5725;713;2708;2725;2780;419;1691;1440
446.712601;8013;6265;5725;713;2728;2715;2780;419;1691;1440
447.212796;8013;6265;5725;714;2728;2725;2770;419;1688;1440
447.713125;8013;6265;5705;713;2728;2725;2780;420;1688;1440
448.212928;8032;6265;5705;713;2728;2725;2780;419;1688;1440
448.712629;8032;6265;5705;713;2728;2725;2770;419;1691;1440
449.211274;8032;6285;5690;713;2728;2725;2780;419;1684;1440
449.712842;8013;6285;5690;713;2728;2725;2780;419;1688;1440
450.213115;8032;6285;5675;713;2728;2725;2780;419;1691;1440
450.713441;8032;6285;5675;713;2728;2725;2780;419;1688;1440
451.212223;8032;6265;5675;713;2728;2735;2780;419;1688;1440
451.713424;8013;6285;5675;713;2708;2725;2770;419;1688;1440
452.212882;8032;6285;5660;713;2728;2735;2770;419;1691;1440
452.711896;8032;6285;5660;713;2708;2725;2780;419;1688;1440
453.212884;8013;6305;5675;713;2728;2735;2780;419;1684;1440
453.712332;8032;6305;5660;713;2728;2725;2770;419;1691;1440
454.213062;8013;6305;5675;713;2728;2725;2780;419;1688;1440
454.710494;8013;6305;5660;713;2728;2725;2780;419;1688;1440
455.213189;8013;6305;5660;713;2728;2725;2770;419;1684;1440
455.714359;7994;6305;5645;713;2728;2725;2780;420;1688;1440
456.210629;7975;6305;5645;713;2708;2725;2770;419;1688;1440
456.712835;7975;6265;5630;713;2728;2725;2780;419;1688;1440
457.213095;7975;6305;5630;713;2708;2725;2780;419;1691;1440
457.713124;7994;6320;5645;713;2708;2715;2770;419;1684;1440
458.212886;7975;6320;5630;713;2708;2725;2770;419;1691;1440
458.711997;7975;6305;5630;713;2708;2715;2770;419;1684;1440
459.212257;7975;6305;5630;713;2708;2725;2770;419;1688;1440
459.712905;7975;6305;5630;713;2728;2715;2770;419;1688;1440
460.21201;7994;6320;5630;713;2708;2715;2770;419;1688;1440
460.713291;7994;6320;5630;713;2708;2715;2770;419;1688;1440
461.213451;8013;6305;5645;713;2728;2715;2770;419;1691;1440
461.712578;7994;6305;5660;713;2708;2715;2770;419;1688;1440
462.213378;8013;6305;5645;713;2728;2715;2770;419;1684;1440
462.713417;7994;6305;5675;713;2708;2715;2770;419;1688;1440
463.212317;7994;6305;5675;713;2708;2715;2770;419;1684;1440
463.711303;8013;6340;5675;713;2708;2715;2770;420;1688;1440
464.213044;7975;6305;5690;713;2708;2715;2760;421;1688;1440
464.713114;7994;6305;5690;713;2728;2715;2770;420;1684;1440
465.213753;7994;6305;5705;713;2708;2715;2770;420;1688;1440
465.712957;8013;6305;5705;713;2708;2715;2760;419;1688;1440
466.212841;8013;6285;5690;713;2708;2715;2770;419;1691;1440
466.713481;8032;6285;5725;713;2708;2715;2760;419;1684;1440
467.212708;8013;6285;5725;713;2691;2705;2770;419;1688;1440
467.713191;8013;6265;5725;713;2708;2715;2770;420;1684;1440
468.213266;8032;6285;5725;713;2691;2715;2770;419;1688;1440
468.713501;8032;6285;5705;713;2708;2715;2770;419;1688;1440
469.212458;8023;6285;5705;713;2738;2715;2770;421;1688;1440
469.713071;8032;6285;5705;713;2728;2715;2760;420;1688;1440
470.212847;8013;6305;5690;713;2708;2715;2760;419;1688;1440
470.713353;8013;6285;5690;712;2708;2705;2770;420;1688;1440
471.213285;8032;6305;5705;713;2708;2705;2760;419;1684;1440
471.713304;8013;6285;5705;713;2691;2695;2760;419;1688;1440
472.212359;8032;6305;5705;713;2708;2715;2760;420;1684;1440
472.713546;8013;6285;5725;713;2708;2715;2760;419;1684;1440
473.213123;8013;6285;5725;713;2708;2705;2760;419;1691;1440
473.712593;8013;6285;5725;713;2708;2705;2760;419;1688;1440
474.213431;8013;6285;5740;712;2708;2705;2760;420;1691;1440
474.713234;8013;6265;5740;713;2708;2715;2760;420;1688;1440
475.213313;8013;6285;5740;713;2708;2715;2760;419;1688;1440
475.712813;8013;6265;5740;713;2708;2705;2750;420;1688;1440
476.212504;8013;6305;5740;713;2708;2715;2760;420;1688;1440
476.713813;8013;6285;5725;713;2708;2715;2760;419;1688;1440
477.211014;8032;6265;5705;712;2708;2705;2760;420;1684;1440
477.71326;8032;6230;5725;713;2708;2705;2760;419;1684;1440
478.213355;8032;6230;5725;713;2708;2695;2760;422;1684;1440
478.713052;8032;6210;5705;713;2708;2695;2760;419;1684;1440
479.212307;8013;6210;5705;713;2708;2695;2760;419;1688;1440
479.713335;8042;6210;5705;713;2701;2695;2760;420;1688;1440
480.212007;8032;6210;5740;713;2708;2695;2750;419;1688;1440
480.713037;8032;6210;5690;713;2708;2695;2750;420;1684;1440
481.2129;8032;6210;5705;713;2708;2695;2750;420;1691;1440
481.713367;8032;6210;5705;713;2691;2695;2750;419;1688;1440
482.213058;8032;6230;5705;713;2691;2695;2750;419;1691;1440
482.713131;8032;6210;5705;713;2708;2695;2750;420;1691;1440
483.213402;8032;6210;5705;713;2691;2695;2750;419;1688;1440
483.713264;8032;6230;5705;713;2708;2695;2750;420;1684;1440
484.213145;8032;6230;5690;712;2708;2705;2750;419;1691;1440
484.71404;8032;6250;5705;715;2691;2705;2750;420;1688;1440
485.21317;8032;6250;5690;713;2708;2695;2750;420;1688;1440
485.713388;8032;6250;5690;713;2708;2695;2750;420;1684;1440
486.213251;8032;6265;5675;713;2708;2695;2750;420;1684;1440
486.713413;8032;6250;5690;713;2691;2690;2745;420;1688;1440
487.212821;8013;6250;5690;713;2691;2690;2750;420;1688;1440
487.713658;8052;6265;5675;713;2708;2695;2745;420;1691;1440
488.2132;8032;6250;5675;713;2691;2695;2750;420;1684;1440
488.712532;8032;6265;5660;712;2708;2695;2745;420;1688;1440
489.213162;8032;6265;5660;712;2691;2695;2745;420;1688;1440
489.713676;8032;6250;5660;713;2708;2690;2750;420;1684;1440
490.213443;8032;6265;5645;713;2708;2695;2745;419;1684;1440
490.712998;8032;6250;5660;713;2691;2690;2750;420;1688;1440
491.213344;8032;6265;5660;712;2691;2690;2750;420;1684;1440
491.713604;8032;6265;5660;712;2708;2695;2745;420;1684;1440
492.213363;8013;6265;5645;713;2691;2695;2745;420;1688;1440
492.713944;8032;6265;5630;713;2691;2690;2750;419;1684;1440
493.21244;8013;6265;5615;713;2708;2690;2745;420;1688;1440
493.713437;8013;6250;5615;713;2691;2690;2750;420;1688;1440
494.213321;8013;6265;5600;712;2691;2690;2745;419;1688;1440
494.712987;8013;6265;5615;713;2691;2690;2750;420;1691;1440
495.212436;8013;6265;5615;713;2708;2690;2750;420;1688;1440
495.713445;8013;6265;5615;713;2691;2690;2750;420;1691;1440
496.212481;7994;6285;5615;713;2708;2690;2750;419;1691;1440
496.713579;7994;6265;5630;713;2708;2690;2745;420;1684;1440
497.212495;8013;6250;5645;713;2691;2690;2760;420;1688;1440
497.712769;8013;6250;5660;714;2691;2695;2750;420;1684;1440
498.212145;8032;6265;5660;712;2691;2690;2745;420;1688;1440
498.713138;8013;6265;5675;713;2708;2690;2750;420;1684;1440
499.212312;8013;6265;5690;713;2691;2690;2745;420;1684;1440
499.712492;8013;6265;5690;713;2691;2695;2750;420;1688;1440
500.213089;8013;6265;5675;713;2708;2690;2750;420;1688;1440
500.712681;8013;6265;5690;713;2708;2695;2750;420;1688;1440
501.212834;8032;6250;5690;713;2691;2695;2745;420;1691;1440
501.712578;8032;6250;5705;712;2708;2695;2750;420;1684;1440
502.212209;8023;6250;5705;713;2701;2695;2745;420;1684;1440
502.713354;8032;6250;5705;713;2691;2690;2745;420;1688;1440
503.213282;8032;6265;5705;713;2708;2695;2750;420;1691;1440
503.712454;8032;6250;5705;713;2691;2690;2745;420;1684;1440
504.213265;8013;6250;5705;713;2688;2695;2745;420;1691;1440
504.713106;8032;6230;5705;713;2691;2690;2750;420;1688;1440
505.21385;8032;6230;5725;713;2691;2695;2745;420;1694;1440
505.712172;8042;6195;5705;713;2701;2695;2750;420;1691;1440
506.212223;8032;6230;5725;712;2708;2690;2745;420;1688;1440
506.712954;8042;6210;5705;712;2701;2695;2750;420;1684;1440
507.213137;8061;6210;5705;712;2701;2695;2750;420;1688;1440
507.712662;8052;6250;5725;713;2691;2695;2745;420;1688;1440
508.212189;8052;6230;5725;713;2671;2695;2750;420;1691;1440
508.71327;8061;6250;5725;713;2718;2695;2750;419;1684;1440
509.213289;8042;6230;5725;712;2701;2695;2745;420;1688;1440
509.713545;8032;6230;5705;713;2691;2695;2745;420;1684;1440
510.212505;8068;6230;5725;713;2691;2695;2745;420;1684;1440
510.713143;8042;6250;5725;713;2701;2715;2745;420;1691;1440
511.212569;8042;6250;5725;713;2701;2695;2745;420;1688;1440
511.712581;8061;6230;5725;713;2681;2695;2750;420;1691;1440
512.213556;8061;6230;5725;713;2701;2695;2745;420;1684;1440
512.71389;8052;6250;5725;713;2691;2695;2745;419;1691;1440
513.211165;8032;6250;5725;713;2691;2695;2745;420;1688;1440
513.713452;8052;6250;5725;713;2691;2695;2745;420;1684;1440
514.21308;8061;6250;5740;713;2718;2695;2750;420;1684;1440
514.713725;8052;6230;5725;713;2691;2695;2745;420;1684;1440
515.213998;8052;6250;5705;713;2691;2690;2745;419;1691;1440
515.712357;8042;6230;5690;713;2701;2690;2745;420;1688;1440
516.212962;8052;6230;5705;713;2691;2690;2745;420;1691;1440
516.713696;8052;6230;5690;713;2691;2690;2745;420;1691;1440
517.213359;8032;6230;5690;713;2691;2690;2745;420;1688;1440
517.7124;8032;6230;5690;713;2691;2690;2745;422;1688;1440
518.212017;8052;6230;5690;713;2691;2690;2745;420;1684;1440
518.712814;8032;6230;5690;713;2691;2690;2760;420;1691;1440
519.212998;8042;6250;5690;713;2701;2690;2745;420;1688;1440
519.713531;8032;6285;5690;713;2691;2690;2745;420;1691;1440
520.213135;8032;6250;5690;713;2691;2695;2745;420;1688;1440
520.712699;8032;6265;5705;713;2691;2690;2745;420;1691;1440
521.212227;8042;6265;5690;712;2681;2690;2735;420;1691;1440
521.712423;8032;6250;5705;713;2691;2690;2725;420;1688;1440
522.212932;8032;6250;5725;713;2671;2695;2745;420;1688;1440
522.712873;8052;6250;5725;713;2671;2690;2745;420;1691;1440
523.212399;8042;6250;5725;712;2701;2695;2745;420;1691;1440
523.71356;8032;6250;5740;713;2671;2695;2745;419;1691;1440
524.21275;8052;6250;5725;713;2691;2695;2745;420;1688;1440
524.71302;8032;6250;5740;712;2671;2705;2745;420;1691;1440
525.212333;8052;6250;5725;713;2671;2695;2745;420;1691;1440
525.713449;8061;6230;5725;713;2681;2695;2745;420;1688;1440
526.212896;8042;6230;5725;712;2701;2695;2750;420;1691;1440
526.713553;8042;6230;5725;713;2701;2695;2745;420;1688;1440
527.212724;8052;6230;5725;712;2691;2695;2745;420;1691;1440
527.712969;8061;6250;5725;713;2681;2695;2745;420;1688;1440
528.213694;8061;6250;5725;713;2681;2705;2745;420;1688;1440
528.71391;8061;6265;5725;712;2701;2695;2745;420;1688;1440
529.210769;8061;6250;5725;713;2701;2695;2745;422;1684;1440
529.712337;8061;6250;5725;712;2681;2695;2745;420;1688;1440
530.213121;8052;6250;5705;713;2671;2695;2745;420;1688;1440
530.713553;8042;6265;5725;712;2701;2695;2745;420;1691;1440
531.2139;8042;6265;5725;713;2701;2705;2745;420;1688;1440
531.713192;8052;6265;5725;713;2691;2695;2745;420;1688;1440
532.212685;8061;6265;5740;713;2701;2695;2745;420;1684;1440
532.713763;8042;6265;5725;713;2701;2705;2745;420;1684;1440
533.212971;8032;6265;5725;713;2671;2695;2735;420;1684;1440
533.71347;8042;6285;5725;713;2681;2705;2745;420;1684;1440
534.212993;8042;6285;5725;713;2718;2695;2750;420;1688;1440
534.713185;8042;6285;5725;713;2701;2705;2745;420;1688;1440
535.213857;8042;6285;5725;713;2701;2695;2745;420;1688;1440
535.712989;8042;6265;5725;713;2701;2705;2745;420;1688;1440
536.213221;8061;6285;5725;712;2681;2705;2745;420;1684;1440
536.713245;8052;6285;5725;713;2671;2695;2745;420;1684;1440
537.212792;8052;6265;5725;713;2671;2695;2745;420;1691;1440
537.713747;8042;6265;5725;713;2681;2695;2745;420;1684;1440
538.212677;8032;6265;5705;712;2691;2695;2745;420;1691;1440
538.713204;8061;6265;5705;713;2701;2695;2745;420;1688;1440
539.213542;8061;6285;5740;713;2701;2695;2745;420;1684;1440
539.713788;8052;6265;5725;712;2691;2705;2745;420;1688;1440
540.213281;8052;6285;5725;713;2691;2695;2745;420;1684;1440
540.713726;8061;6265;5725;713;2701;2695;2745;420;1688;1440
541.212467;8052;6285;5705;712;2691;2705;2745;420;1691;1440
541.713843;8032;6285;5705;713;2671;2705;2745;420;1691;1440
542.213157;8042;6305;5725;713;2701;2695;2745;420;1688;1440
542.712925;8061;6305;5725;713;2701;2695;2745;420;1691;1440
543.212859;8032;6305;5705;713;2671;2695;2745;420;1688;1440
543.71354;8042;6305;5705;712;2701;2695;2745;420;1691;1440
544.213481;8061;6305;5690;712;2701;2695;2745;420;1688;1440
544.713254;8052;6285;5690;712;2671;2695;2745;419;1684;1440
545.212899;8052;6285;5675;712;2671;2695;2735;420;1688;1440
545.713995;8071;6285;5705;712;2691;2695;2745;420;1688;1440
546.213264;8052;6285;5705;711;2691;2695;2745;419;1688;1440
546.713255;8061;6265;5690;712;2701;2695;2735;420;1691;1440
547.213211;8061;6285;5725;713;2681;2695;2735;420;1691;1440
547.713161;8042;6265;5725;713;2701;2695;2745;420;1688;1440
548.212247;8061;6265;5725;713;2701;2695;2735;420;1688;1440
548.712662;8061;6265;5725;713;2681;2695;2735;420;1684;1440
549.213433;8061;6265;5725;712;2681;2690;2745;420;1688;1440
549.713103;8052;6285;5725;713;2691;2695;2745;419;1684;1440
550.213263;8052;6285;5725;713;2708;2690;2745;420;1688;1440
550.712781;8052;6285;5740;713;2671;2690;2735;420;1684;1440
551.213828;8068;6285;5740;712;2671;2690;2745;420;1688;1440
551.713444;8068;6285;5725;713;2691;2690;2735;420;1688;1440
552.213409;8061;6285;5725;713;2701;2690;2745;421;1684;1440
552.713225;8068;6285;5705;712;2671;2690;2745;420;1688;1440
553.213376;8061;6305;5705;712;2681;2690;2725;420;1691;1440
553.712748;8061;6320;5705;712;2681;2695;2735;420;1684;1440
554.21314;8078;6305;5705;712;2681;2690;2735;420;1688;1440
554.713549;8052;6305;5690;713;2671;2680;2745;420;1684;1440
555.213138;8042;6305;5705;713;2701;2690;2735;420;1688;1440
555.713402;8061;6305;5725;713;2681;2690;2745;421;1684;1440
556.212963;8052;6320;5705;713;2691;2690;2735;420;1688;1440
556.712345;8032;6305;5705;712;2691;2690;2745;420;1688;1440
557.212825;8052;6320;5725;711;2671;2690;2745;420;1688;1440
557.712579;8042;6320;5725;713;2701;2690;2735;420;1691;1440
558.212001;8042;6320;5725;713;2701;2690;2735;420;1688;1440
558.712232;8032;6320;5740;712;2671;2690;2735;420;1688;1440
559.212842;8061;6320;5740;712;2681;2690;2745;421;1684;1440
559.713236;8061;6340;5755;713;2701;2695;2735;420;1691;1440
560.21243;8042;6320;5740;713;2701;2690;2735;420;1688;1440
560.712442;8023;6320;5740;712;2681;2680;2745;420;1684;1440
561.212445;8032;6340;5725;713;2691;2690;2745;420;1688;1440
561.713007;8032;6320;5740;712;2671;2690;2735;423;1684;1440
562.212307;8032;6340;5740;712;2671;2690;2735;420;1688;1440
562.71325;8032;6320;5725;712;2671;2690;2745;420;1688;1440
563.211455;8042;6340;5740;712;2701;2690;2745;420;1688;1440
563.713344;8042;6340;5740;712;2681;2680;2745;420;1688;1440
564.212464;8052;6320;5740;712;2691;2690;2745;420;1684;1440
564.713524;8042;6305;5755;712;2681;2690;2745;422;1691;1440
565.212098;8032;6320;5755;713;2671;2690;2735;420;1688;1440
565.712483;8032;6320;5740;713;2671;2680;2745;420;1688;1440
566.213252;8032;6320;5740;713;2671;2690;2745;420;1691;1440
566.713642;8013;6340;5725;712;2671;2680;2745;420;1684;1440
567.21302;8061;6320;5725;712;2681;2680;2745;420;1688;1440
567.713021;8061;6320;5705;713;2701;2680;2745;420;1688;1440
568.212942;8032;6320;5725;713;2671;2670;2745;420;1691;1440
568.712735;8032;6340;5725;712;2671;2690;2745;421;1688;1440
569.21385;8042;6340;5740;713;2681;2680;2745;420;1691;1440
569.712942;8032;6320;5740;713;2671;2680;2735;420;1688;1440
570.2128;8052;6320;5740;712;2671;2690;2745;420;1691;1440
570.712811;8032;6320;5740;713;2671;2690;2735;420;1688;1440
571.213535;8042;6320;5755;713;2661;2690;2735;420;1691;1440
571.713561;8061;6320;5755;712;2681;2680;2745;422;1688;1440
572.213481;8052;6320;5755;712;2671;2690;2745;421;1688;1440
572.713231;8052;6320;5755;711;2691;2690;2735;420;1691;1440
573.213391;8052;6305;5770;713;2671;2690;2735;420;1691;1440
573.712804;8068;6320;5770;712;2691;2690;2745;420;1691;1440
574.213459;8061;6305;5755;712;2681;2690;2735;421;1691;1440
574.712374;8061;6320;5755;712;2701;2690;2735;420;1688;1440
575.213048;8052;6320;5770;712;2671;2690;2745;420;1691;1440
575.713088;8061;6340;5755;712;2681;2690;2745;420;1684;1440
576.21347;8061;6340;5755;712;2681;2690;2745;420;1684;1440
576.712977;8078;6320;5755;712;2681;2680;2745;420;1691;1440
577.212249;8032;6340;5755;712;2691;2690;2735;420;1691;1440
577.712636;8052;6340;5755;712;2691;2690;2745;420;1684;1440
578.212913;8061;6340;5770;711;2681;2690;2735;420;1691;1440
578.712974;8061;6340;5755;712;2681;2690;2745;420;1684;1440
579.213085;8052;6360;5755;712;2691;2690;2735;421;1691;1440
579.712746;8052;6340;5755;713;2671;2690;2745;420;1684;1440
580.213178;8052;6340;5740;712;2691;2690;2735;420;1688;1440
580.713604;8061;6360;5740;712;2681;2690;2735;420;1688;1440
581.213471;8052;6340;5740;712;2671;2690;2735;418;1688;1440
581.713303;8052;6360;5740;712;2671;2690;2735;420;1684;1440
582.213643;8052;6360;5740;712;2651;2690;2735;420;1688;1440
582.710871;8068;6360;5755;712;2671;2690;2745;420;1688;1440
583.213318;8052;6340;5740;712;2691;2690;2735;421;1688;1440
583.712934;8061;6340;5755;712;2701;2690;2735;420;1688;1440
584.213345;8061;6360;5755;712;2661;2690;2705;420;1684;1440
584.713149;8078;6340;5755;712;2681;2680;2735;420;1684;1440
585.212348;8061;6360;5755;712;2701;2690;2735;420;1684;1440
585.712236;8061;6340;5755;711;2681;2690;2735;420;1684;1440
586.213272;8061;6340;5770;712;2681;2680;2735;421;1684;1440
586.711996;8061;6340;5770;712;2681;2680;2735;420;1688;1440
587.213332;8078;6340;5770;713;2701;2690;2735;421;1684;1440
587.712482;8061;6340;5770;713;2681;2680;2735;421;1688;1440
588.212734;8068;6340;5770;712;2671;2680;2735;420;1688;1440
588.713334;8061;6340;5770;712;2681;2690;2745;422;1688;1440
589.211169;8078;6340;5770;712;2681;2690;2735;420;1688;1440
589.713292;8061;6340;5785;712;2701;2690;2735;421;1684;1440
590.213386;8078;6360;5785;712;2681;2680;2735;420;1684;1440
590.713391;8068;6360;5785;712;2691;2690;2735;420;1688;1440
591.213278;8068;6360;5770;712;2671;2690;2735;421;1684;1440
591.713504;8068;6360;5770;712;2691;2680;2735;421;1688;1440
592.212409;8078;6360;5770;712;2681;2690;2735;420;1688;1440
592.711076;8078;6360;5785;712;2681;2680;2735;421;1688;1440
593.213068;8068;6375;5785;712;2671;2680;2735;420;1684;1440
593.712868;8068;6340;5770;712;2671;2680;2735;420;1691;1440
594.213196;8068;6340;5805;712;2671;2680;2735;421;1684;1440
594.713862;8097;6320;5805;711;2681;2680;2735;420;1684;1440
595.212121;8052;6320;5805;712;2671;2670;2735;420;1684;1440
595.711153;8078;6305;5805;712;2681;2670;2735;420;1688;1440
596.211412;8068;6305;5805;712;2671;2670;2735;420;1684;1440
596.713344;8078;6305;5805;712;2701;2670;2725;421;1688;1440
597.212813;8097;6305;5785;712;2681;2670;2735;421;1691;1440
597.713294;8078;6305;5785;712;2681;2670;2735;420;1684;1440
598.212994;8078;6305;5785;712;2681;2670;2745;421;1688;1440
598.713377;8078;6285;5805;714;2681;2670;2735;421;1681;1440
599.213382;8061;6305;5805;712;2681;2670;2735;420;1688;1440
599.713227;8078;6305;5805;712;2681;2670;2735;420;1684;1440
600.211965;8097;6305;5785;712;2681;2670;2735;420;1684;1440
600.712958;8088;6305;5785;712;2671;2680;2725;420;1691;1440
601.21346;8078;6305;5785;712;2681;2680;2725;420;1684;1440
601.7138;8116;6305;5805;257;2681;2660;2715;425;2880;0
602.21276;8078;6305;5805;263;2681;2660;2715;426;2877;0
602.715136;8042;6320;5805;268;2681;2660;2715;425;2883;0
603.214053;8023;6305;5785;271;2661;2660;2715;425;2877;0
603.712903;7967;6305;5785;274;2681;2660;2715;426;2883;0
604.213901;7929;6320;5770;276;2661;2660;2715;426;2880;0
604.713199;7890;6320;5770;278;2681;2660;2715;426;2880;0
605.213449;7816;6305;5785;281;2681;2660;2715;426;2883;0
605.713162;7778;6305;5770;282;2681;2660;2715;426;2877;0
606.213097;7722;6305;5770;284;2681;2660;2715;426;2880;0
606.713208;7703;6305;5785;287;2661;2660;2715;426;2883;0
607.21373;7629;6305;5770;288;2681;2660;2715;426;2880;0
607.713504;7571;6340;5770;289;2701;2660;2715;426;2880;0
608.213052;7535;6305;5755;290;2681;2660;2715;426;2877;0
608.7131;7496;6305;5740;292;2681;2650;2715;426;2877;0
609.213896;7441;6320;5740;293;2681;2650;2715;426;2883;0
609.713078;7403;6305;5725;295;2661;2650;2715;426;2877;0
610.21325;7384;6305;5725;296;2681;2660;2715;425;2883;0
610.713228;7319;6305;5705;297;2671;2660;2715;426;2883;0
611.212964;7271;6320;5705;298;2681;2660;2715;426;2883;0
611.713903;7235;6285;5690;299;2681;2650;2715;426;2877;0
612.213007;7215;6305;5690;300;2681;2650;2715;426;2880;0
612.713121;7177;6285;5675;301;2701;2660;2715;426;2883;0
613.210866;7112;6285;5675;302;2651;2660;2715;426;2880;0
613.713128;7102;6265;5660;303;2681;2650;2715;426;2883;0
614.21324;7066;6265;5660;304;2681;2650;2715;426;2880;0
614.713337;6999;6265;5660;305;2671;2650;2715;426;2883;0
615.213301;6970;6250;5660;306;2681;2650;2715;426;2883;0
615.713448;6944;6230;5660;306;2671;2645;2715;426;2880;0
616.21232;6915;6230;5660;307;2661;2650;2715;425;2880;0
616.712549;6876;6210;5675;308;2681;2650;2715;426;2883;0
617.212367;6860;6210;5660;309;2681;2660;2715;426;2880;0
617.712421;6840;6210;5660;310;2681;2660;2715;426;2880;0
618.211176;6783;6175;5660;310;2681;2660;2715;426;2883;0
618.71345;6783;6195;5660;311;2681;2660;2695;426;2880;0
619.212815;6747;6195;5645;312;2681;2650;2715;426;2877;0
619.713082;6708;6160;5660;313;2681;2660;2705;426;2880;0
620.212061;6670;6160;5645;314;2681;2660;2715;425;2880;0
620.713231;6653;6160;5645;314;2681;2660;2725;426;2880;0
621.212427;6634;6140;5630;315;2661;2660;2705;427;2880;0
621.713146;6614;6140;5630;316;2681;2660;2715;426;2880;0
622.21351;6576;6125;5615;316;2661;2660;2705;426;2880;0
622.71332;6559;6105;5600;317;2681;2660;2715;426;2880;0
623.213413;6540;6090;5600;317;2661;2660;2705;426;2880;0
623.713402;6501;6090;5600;318;2681;2660;2705;426;2880;0
624.213404;6482;6055;5600;319;2681;2660;2715;426;2880;0
624.713297;6446;6055;5585;320;2681;2660;2705;426;2877;0
625.212647;6407;6020;5585;320;2661;2660;2715;426;2883;0
625.713215;6427;6020;5570;321;2661;2660;2715;425;2880;0
626.213183;6359;6000;5570;321;2651;2660;2715;426;2883;0
626.713481;6369;5985;5570;322;2681;2660;2705;426;2880;0
627.212548;6333;5970;5555;322;2681;2660;2715;426;2880;0
627.71309;6333;5970;5555;323;2661;2660;2705;426;2880;0
628.213109;6294;5935;5540;322;2681;2660;2715;426;2883;0
628.713302;6258;5935;5525;324;2681;2660;2705;426;2883;0
629.211924;6239;5920;5525;325;2661;2645;2705;426;2880;0
629.711941;6239;5920;5510;325;2661;2660;2705;426;2880;0
630.213428;6200;5900;5510;326;2681;2660;2705;426;2877;0
630.712758;6181;5885;5495;326;2661;2650;2705;426;2880;0
631.212643;6164;5870;5495;327;2661;2650;2705;426;2877;0
631.712922;6145;5850;5480;327;2681;2650;2705;426;2883;0
632.213475;6126;5850;5465;327;2681;2650;2705;426;2883;0
632.712192;6107;5835;5465;328;2661;2650;2705;426;2880;0
633.214275;6126;5820;5450;329;2661;2650;2705;426;2880;0
633.7124;6058;5805;5435;329;2671;2650;2705;426;2880;0
634.212743;6051;5785;5435;330;2661;2660;2705;426;2883;0
634.711752;6051;5785;5420;331;2661;2650;2705;426;2883;0
635.213102;6022;5770;5420;331;2671;2650;2705;426;2880;0
635.713441;5993;5755;5390;331;2681;2660;2705;426;2880;0
636.213847;5964;5755;5375;332;2651;2660;2705;426;2880;0
636.711622;5964;5740;5360;332;2671;2650;2705;426;2880;0
637.213215;5947;5725;5360;332;2671;2660;2705;426;2880;0
637.710919;5938;5725;5360;333;2661;2650;2705;426;2880;0
638.214103;5919;5690;5330;333;2681;2650;2705;426;2883;0
638.712947;5899;5690;5330;334;2681;2650;2705;426;2880;0
639.213101;5880;5675;5320;335;2681;2670;2705;426;2883;0
639.711157;5863;5660;5305;335;2681;2650;2705;426;2886;0
640.212456;5844;5660;5290;335;2661;2650;2695;426;2880;0
640.713041;5844;5645;5290;336;2681;2650;2705;425;2880;0
641.211261;5825;5630;5275;336;2661;2650;2705;426;2880;0
641.711697;5825;5630;5275;336;2661;2650;2695;426;2880;0
642.212983;5786;5615;5250;336;2681;2650;2705;426;2883;0
642.713458;5767;5600;5250;337;2661;2650;2705;426;2877;0
643.212733;5740;5585;5235;338;2671;2650;2705;426;2877;0
643.713208;5750;5585;5220;338;2661;2650;2695;426;2877;0
644.21205;5730;5555;5205;339;2681;2650;2695;426;2880;0
644.712856;5711;5555;5205;339;2681;2650;2705;426;2880;0
645.212934;5711;5540;5190;340;2681;2650;2695;426;2880;0
645.713343;5692;5525;5180;340;2681;2650;2695;428;2877;0
646.213174;5673;5525;5165;340;2661;2650;2705;428;2880;0
646.713094;5636;5495;5150;341;2661;2650;2705;426;2880;0
647.213076;5636;5495;5135;341;2661;2645;2705;426;2880;0
647.713234;5617;5480;5125;341;2661;2650;2705;426;2880;0
648.212419;5617;5480;5125;342;2661;2650;2705;426;2886;0
648.713252;5598;5465;5110;342;2661;2645;2695;426;2880;0
649.211199;5578;5450;5110;342;2661;2650;2705;426;2880;0
649.713001;5578;5435;5095;343;2681;2650;2705;426;2883;0
650.212277;5532;5420;5085;343;2632;2650;2705;427;2883;0
650.713381;5542;5405;5070;343;2661;2650;2705;426;2880;0
651.212301;5523;5405;5070;344;2661;2660;2695;426;2883;0
651.712406;5542;5390;5055;345;2681;2660;2705;426;2883;0
652.213296;5523;5375;5045;345;2681;2660;2695;426;2883;0
652.714037;5503;5375;5030;345;2681;2660;2695;426;2877;0
653.212524;5484;5345;5015;345;2681;2660;2705;426;2883;0
653.713978;5455;5345;5015;346;2651;2660;2705;425;2880;0
654.213328;5448;5320;5005;346;2661;2660;2705;426;2880;0
654.713578;5448;5320;4990;346;2681;2660;2705;426;2880;0
655.213026;5448;5305;4990;347;2681;2670;2705;426;2880;0
655.712636;5429;5290;4975;347;2661;2660;2705;426;2877;0
656.21307;5409;5260;4965;348;2681;2660;2705;426;2880;0
656.713528;5390;5275;4950;348;2681;2670;2705;426;2883;0
657.213103;5390;5260;4950;348;2661;2650;2695;425;2883;0
657.712464;5371;5250;4925;349;2681;2660;2715;426;2877;0
658.212072;5354;5235;4925;349;2681;2670;2705;426;2877;0
658.71327;5334;5235;4910;349;2701;2670;2690;426;2880;0
659.211388;5334;5220;4885;350;2681;2660;2705;426;2877;0
659.71322;5334;5205;4885;350;2681;2670;2695;426;2877;0
660.212473;5315;5205;4875;350;2661;2660;2695;426;2880;0
660.713192;5296;5190;4860;351;2681;2670;2695;426;2880;0
661.212561;5276;5180;4860;351;2661;2660;2695;426;2877;0
661.713339;5259;5165;4845;351;2681;2670;2725;426;2883;0
662.213016;5240;5165;4845;352;2661;2660;2705;426;2880;0
662.713485;5240;5150;4835;352;2681;2660;2705;426;2883;0
663.213855;5240;5135;4820;352;2661;2660;2705;426;2880;0
663.713362;5201;5135;4820;352;2681;2650;2705;426;2883;0
664.213748;5221;5135;4810;354;2661;2660;2695;426;2877;0
664.713384;5182;5110;4795;353;2681;2660;2705;426;2880;0
665.211806;5163;5110;4795;354;2681;2660;2705;426;2883;0
665.713073;5182;5095;4795;354;2661;2660;2695;426;2880;0
666.212958;5163;5085;4785;354;2681;2660;2705;426;2877;0
666.712991;5146;5070;4770;355;2661;2680;2705;426;2883;0
667.212936;5146;5070;4760;355;2681;2660;2705;426;2883;0
667.712388;5146;5055;4745;355;2661;2660;2705;426;2883;0
668.211229;5126;5045;4745;356;2681;2650;2705;426;2883;0
668.713295;5107;5045;4735;356;2681;2660;2705;426;2874;0
669.212656;5107;5015;4735;356;2661;2660;2695;426;2877;0
669.713111;5107;5015;4720;357;2681;2660;2695;426;2880;0
670.213251;5087;5005;4695;357;2661;2660;2695;426;2880;0
670.7124;5068;4990;4695;357;2681;2660;2705;426;2880;0
671.213284;5051;4990;4685;357;2661;2660;2695;426;2883;0
671.713364;5051;4975;4685;358;2661;2660;2705;426;2880;0
672.213063;5032;4965;4670;358;2681;2660;2705;425;2877;0
672.712707;5032;4950;4660;358;2661;2660;2705;426;2883;0
673.213067;5032;4935;4650;358;2661;2660;2695;426;2883;0
673.712093;5012;4910;4625;359;2661;2660;2705;426;2880;0
674.212012;5012;4900;4635;359;2661;2650;2705;426;2883;0
674.713362;4974;4875;4610;359;2661;2660;2695;426;2877;0
675.212213;4964;4885;4610;360;2671;2650;2705;426;2877;0
675.712302;4974;4885;4600;360;2681;2650;2695;426;2880;0
676.212034;4957;4885;4600;361;2661;2650;2695;425;2877;0
676.712945;4957;4875;4590;361;2681;2650;2695;426;2883;0
677.213263;4937;4860;4590;361;2661;2650;2695;425;2880;0
677.711829;4937;4860;4575;361;2681;2650;2695;426;2877;0
678.212672;4937;4845;4575;361;2681;2660;2705;426;2883;0
678.71308;4918;4845;4565;361;2661;2650;2705;426;2883;0
679.213744;4898;4835;4565;362;2661;2660;2705;426;2880;0
679.711741;4879;4820;4550;362;2661;2660;2705;426;2877;0
680.210805;4898;4810;4550;363;2661;2650;2695;426;2880;0
680.713418;4879;4795;4540;362;2661;2650;2705;426;2880;0
681.212963;4860;4785;4540;363;2681;2650;2695;426;2880;0
681.712864;4850;4770;4515;363;2671;2650;2695;426;2880;0
682.212777;4843;4760;4515;364;2661;2660;2695;426;2880;0
682.712872;4823;4745;4505;364;2661;2660;2715;426;2877;0
683.213289;4814;4735;4490;364;2671;2660;2695;426;2883;0
683.713359;4814;4745;4490;365;2651;2650;2695;426;2880;0
684.213479;4804;4745;4470;364;2661;2650;2715;426;2880;0
684.713299;4784;4735;4480;365;2661;2660;2695;426;2880;0
685.21222;4784;4735;4455;365;2661;2660;2695;426;2880;0
685.713559;4775;4720;4455;365;2651;2660;2695;426;2877;0
686.212323;4775;4710;4445;365;2671;2650;2695;426;2880;0
686.712443;4784;4710;4445;366;2661;2650;2715;426;2877;0
687.212454;4748;4695;4445;366;2661;2650;2695;426;2877;0
687.713083;4748;4685;4435;367;2661;2650;2695;426;2877;0
688.213393;4729;4670;4435;366;2661;2650;2695;426;2877;0
688.713312;4719;4660;4435;367;2671;2660;2695;426;2880;0
689.213312;4729;4650;4420;367;2681;2650;2680;426;2880;0
689.713236;4709;4650;4420;367;2661;2650;2695;426;2880;0
690.213174;4709;4635;4410;368;2661;2650;2695;426;2877;0
690.713593;4680;4625;4410;368;2671;2650;2695;425;2886;0
691.212473;4690;4625;4400;368;2661;2650;2695;425;2877;0
691.712374;4690;4610;4400;368;2661;2650;2695;426;2880;0
692.213223;4690;4600;4385;368;2661;2650;2690;426;2877;0
692.71312;4670;4600;4385;369;2661;2650;2690;426;2880;0
693.21267;4661;4590;4375;369;2671;2650;2695;426;2880;0
693.712505;4653;4575;4365;370;2661;2650;2695;426;2880;0
694.213123;4653;4565;4355;368;2661;2645;2695;426;2877;0
694.713214;4614;4565;4355;370;2661;2645;2695;426;2883;0
695.212769;4634;4550;4340;370;2661;2650;2695;426;2877;0
695.71335;4614;4530;4340;371;2681;2645;2695;426;2883;0
696.213055;4605;4530;4330;371;2671;2635;2695;426;2880;0
696.713172;4605;4515;4330;371;2651;2645;2695;426;2880;0
697.213051;4595;4505;4305;371;2661;2645;2695;426;2880;0
697.71359;4576;4505;4305;371;2661;2645;2695;427;2880;0
698.213637;4576;4490;4285;371;2681;2645;2695;426;2877;0
698.714052;4556;4480;4295;372;2681;2650;2690;426;2880;0
699.212947;4546;4480;4295;372;2651;2645;2695;426;2877;0
699.713017;4556;4470;4275;372;2661;2645;2690;426;2880;0
700.21334;4529;4455;4275;372;2671;2645;2690;426;2880;0
700.712446;4529;4445;4275;372;2671;2645;2690;426;2883;0
701.212931;4520;4445;4260;372;2661;2645;2690;426;2877;0
701.712803;4520;4435;4250;373;2661;2645;2690;426;2877;0
702.21123;4520;4435;4250;373;2661;2645;2690;426;2880;0
702.713069;4520;4435;4240;373;2681;2645;2690;426;2877;0
703.21298;4490;4420;4240;374;2651;2645;2690;426;2880;0
703.713135;4500;4420;4230;374;2661;2645;2680;426;2883;0
704.213255;4481;4410;4230;374;2641;2645;2680;426;2877;0
704.713305;4471;4400;4215;374;2671;2645;2690;427;2877;0
705.212786;4471;4400;4205;374;2651;2645;2690;426;2880;0
705.714189;4451;4400;4205;375;2671;2650;2690;426;2877;0
706.212918;4415;4385;4195;375;2651;2650;2690;426;2877;0
706.713429;4451;4375;4185;375;2651;2650;2690;427;2880;0
707.213202;4444;4365;4185;375;2661;2650;2690;426;2880;0
707.712978;4444;4375;4160;375;2661;2650;2690;426;2880;0
708.213329;4425;4365;4160;376;2661;2650;2690;426;2880;0
708.713227;4415;4365;4160;376;2651;2650;2690;426;2883;0
709.211687;4415;4355;4150;377;2651;2650;2680;426;2877;0
709.713499;4376;4355;4150;376;2651;2650;2690;426;2883;0
710.213163;4376;4355;4140;377;2632;2650;2680;426;2883;0
710.712522;4376;4340;4140;377;2671;2645;2690;427;2880;0
711.212282;4376;4330;4130;377;2651;2650;2690;426;2883;0
711.713023;4376;4320;4120;377;2671;2650;2690;426;2883;0
712.212691;4357;4320;4120;377;2651;2650;2690;427;2880;0
712.713167;4366;4305;4120;378;2661;2650;2680;426;2877;0
713.212078;4339;4305;4105;378;2651;2650;2690;426;2877;0
713.712252;4339;4285;4105;378;2651;2650;2680;426;2883;0
714.212541;4349;4285;4095;378;2681;2650;2690;426;2883;0
714.713026;4349;4275;4095;379;2661;2660;2690;426;2880;0
715.213137;4330;4275;4085;379;2661;2650;2690;426;2880;0
715.713106;4320;4260;4085;379;2651;2650;2690;426;2877;0
716.213049;4310;4260;4075;379;2661;2650;2690;426;2880;0
716.713356;4301;4250;4065;379;2651;2650;2690;426;2880;0
717.212433;4291;4240;4065;379;2661;2650;2690;426;2880;0
717.712536;4281;4240;4055;380;2651;2650;2690;426;2880;0
718.213187;4262;4230;4055;380;2651;2660;2680;427;2880;0
718.713062;4291;4230;4040;380;2661;2650;2690;426;2880;0
719.212139;4262;4240;4040;380;2671;2650;2690;427;2877;0
719.713482;4271;4205;4040;380;2661;2650;2680;426;2880;0
720.213548;4252;4195;4030;380;2661;2650;2680;426;2880;0
720.713397;4242;4195;4030;381;2651;2650;2690;426;2880;0
721.211547;4242;4195;4020;381;2651;2650;2690;427;2877;0
721.713265;4252;4185;4020;381;2661;2650;2680;426;2883;0
722.21283;4235;4185;4010;381;2681;2650;2690;426;2883;0
722.713408;4225;4185;4010;381;2651;2650;2680;426;2880;0
723.212814;4235;4175;4000;381;2641;2650;2680;427;2874;0
723.71259;4205;4160;4000;382;2651;2650;2690;426;2880;0
724.212801;4205;4150;3990;382;2671;2650;2690;426;2877;0
724.713174;4205;4150;3990;382;2651;2650;2680;427;2877;0
725.213176;4186;4140;3980;382;2651;2650;2680;426;2877;0
725.713362;4186;4140;3965;383;2651;2650;2690;426;2880;0
726.212374;4186;4130;3965;383;2651;2650;2680;427;2880;0
726.713222;4166;4120;3965;382;2651;2650;2680;426;2883;0
727.212995;4147;4120;3955;383;2651;2650;2690;427;2877;0
727.713145;4166;4105;3955;383;2651;2650;2680;427;2880;0
728.213165;4166;4105;3945;384;2671;2660;2680;426;2880;0
728.712889;4140;4095;3945;383;2661;2660;2680;426;2877;0
729.212796;4157;4095;3935;384;2661;2650;2680;427;2883;0
729.712846;4130;4085;3935;384;2651;2650;2680;426;2877;0
730.213193;4140;4085;3925;384;2661;2650;2680;427;2877;0
730.713198;4130;4075;3925;384;2632;2650;2680;427;2880;0
731.21233;4110;4065;3915;384;2651;2650;2690;427;2877;0
731.713358;4110;4065;3915;385;2632;2650;2690;426;2880;0
732.211239;4110;4065;3895;385;2651;2645;2680;426;2883;0
732.713437;4091;4055;3895;385;2651;2650;2680;426;2877;0
733.213299;4091;4040;3895;385;2651;2645;2680;427;2877;0
733.71288;4101;4030;3895;385;2661;2650;2680;426;2880;0
734.212555;4071;4030;3880;385;2651;2650;2680;426;2877;0
734.711091;4071;4020;3880;385;2632;2645;2680;426;2880;0
735.212784;4081;4010;3870;385;2641;2650;2680;426;2880;0
735.712091;4052;4010;3870;386;2651;2645;2680;426;2877;0
736.212463;4052;4010;3870;385;2651;2645;2680;427;2880;0
736.713055;4062;4000;3860;386;2661;2645;2680;427;2880;0
737.212782;4035;3990;3860;386;2651;2645;2680;426;2877;0
737.712992;4035;3990;3850;386;2651;2645;2680;427;2880;0
738.212597;4035;3990;3850;387;2651;2645;2680;426;2880;0
738.712375;4035;3990;3850;387;2651;2645;2690;426;2877;0
739.213375;4035;3980;3840;387;2651;2635;2680;427;2880;0
739.712838;4025;3980;3830;387;2661;2645;2680;426;2880;0
740.212412;4015;3980;3830;387;2632;2645;2680;426;2880;0
740.713408;4005;3965;3830;388;2661;2635;2680;427;2880;0
741.212114;4015;3965;3820;388;2651;2645;2680;427;2877;0
741.712695;4015;3955;3810;388;2651;2645;2680;426;2880;0
742.212969;3996;3965;3810;388;2651;2635;2680;426;2883;0
742.712352;3976;3955;3810;388;2632;2645;2680;427;2883;0
743.212982;3986;3955;3800;389;2661;2645;2680;426;2880;0
743.713032;3986;3945;3790;389;2641;2645;2680;427;2880;0
744.212794;3957;3935;3790;388;2632;2645;2680;426;2883;0
744.712672;3957;3935;3780;388;2651;2645;2670;426;2877;0
745.212563;3986;3935;3780;389;2661;2645;2680;426;2880;0
745.712374;3966;3915;3770;389;2661;2645;2680;427;2880;0
746.212214;3957;3915;3770;389;2651;2635;2670;427;2877;0
746.712167;3937;3905;3755;389;2632;2635;2680;426;2877;0
747.2126;3947;3895;3755;389;2661;2635;2670;427;2880;0
747.712929;3937;3895;3755;389;2651;2635;2670;427;2880;0
748.212784;3920;3880;3745;389;2651;2625;2670;426;2877;0
748.712368;3900;3860;3735;390;2651;2615;2670;426;2880;0
749.212366;3920;3860;3735;390;2632;2625;2670;427;2877;0
749.712256;3900;3860;3735;390;2651;2625;2670;426;2880;0
750.212129;3900;3850;3725;390;2651;2625;2670;427;2877;0
750.712889;3900;3870;3715;391;2671;2625;2670;428;2880;0
751.213002;3900;3840;3715;390;2632;2625;2660;427;2880;0
751.713011;3881;3840;3715;390;2632;2625;2670;426;2877;0
752.212782;3900;3840;3705;391;2632;2615;2670;427;2880;0
752.712016;3891;3830;3695;391;2661;2625;2670;427;2883;0
753.212343;3861;3820;3695;390;2632;2615;2670;427;2877;0
753.712477;3881;3810;3695;391;2651;2615;2670;427;2877;0
754.212217;3861;3810;3695;391;2632;2615;2660;426;2877;0
754.712372;3842;3800;3685;392;2632;2605;2660;427;2877;0
755.212905;3861;3790;3675;392;2651;2615;2670;427;2874;0
755.711828;3861;3780;3675;392;2651;2605;2670;427;2880;0
756.212083;3842;3780;3675;392;2632;2605;2660;427;2877;0
756.712188;3842;3770;3675;392;2651;2605;2670;427;2883;0
757.212396;3825;3755;3665;393;2651;2605;2660;427;2880;0
757.712256;3825;3755;3665;393;2632;2605;2660;427;2880;0
758.212149;3825;3755;3655;392;2632;2605;2660;426;2877;0
758.712597;3842;3745;3645;395;2632;2600;2660;427;2883;0
759.212524;3825;3745;3645;393;2632;2605;2660;426;2877;0
759.712516;3825;3735;3645;393;2632;2600;2660;427;2880;0
760.212511;3805;3735;3635;393;2651;2600;2660;427;2877;0
760.712985;3805;3725;3635;393;2632;2605;2670;427;2880;0
761.212638;3785;3725;3625;393;2651;2600;2660;427;2877;0
761.712451;3805;3715;3625;394;2651;2600;2660;427;2880;0
762.213014;3805;3715;3625;394;2651;2600;2650;426;2874;0
762.711882;3785;3705;3615;394;2632;2600;2660;428;2880;0
763.212115;3785;3695;3605;394;2632;2600;2650;426;2877;0
763.712487;3785;3705;3605;394;2632;2600;2650;426;2880;0
764.211932;3785;3695;3595;394;2651;2590;2650;429;2883;0
764.712165;3766;3695;3585;394;2632;2600;2650;427;2877;0
765.212584;3766;3685;3585;395;2632;2600;2650;427;2883;0
765.71302;3766;3685;3585;395;2651;2600;2650;427;2883;0
766.212103;3746;3675;3575;395;2632;2590;2650;425;2877;0
766.712712;3746;3675;3575;395;2632;2600;2650;427;2877;0
767.212675;3746;3665;3575;395;2632;2590;2650;427;2877;0
767.712484;3729;3665;3565;395;2632;2590;2660;427;2880;0
768.212576;3746;3665;3565;396;2632;2590;2650;426;2880;0
768.712397;3729;3665;3555;395;2651;2590;2650;427;2877;0
769.212869;3709;3655;3555;396;2651;2590;2650;427;2883;0
769.712749;3729;3645;3555;395;2632;2590;2650;427;2880;0
770.212282;3709;3645;3545;396;2632;2590;2650;427;2880;0
770.712132;3729;3635;3545;395;2632;2590;2650;427;2877;0
771.21213;3709;3645;3535;396;2632;2590;2650;427;2880;0
771.712516;3709;3635;3535;396;2632;2590;2635;427;2880;0
772.212646;3709;3625;3525;396;2632;2590;2650;426;2880;0
772.711948;3690;3615;3525;397;2632;2580;2650;427;2880;0
773.213103;3690;3615;3525;397;2632;2590;2650;426;2877;0
773.712449;3690;3605;3515;397;2651;2590;2645;427;2877;0
774.212528;3660;3605;3515;397;2602;2590;2650;427;2883;0
774.712078;3670;3595;3515;397;2632;2580;2650;427;2877;0
775.212483;3670;3595;3505;397;2632;2580;2650;427;2880;0
775.711682;3670;3595;3505;397;2632;2590;2645;427;2877;0
776.212193;3670;3595;3505;397;2651;2590;2650;427;2877;0
776.712554;3651;3585;3495;398;2612;2590;2650;427;2877;0
777.213176;3651;3585;3505;397;2632;2580;2645;427;2877;0
777.712635;3651;3585;3495;398;2632;2590;2650;428;2877;0
778.213247;3631;3575;3465;398;2632;2590;2650;427;2877;0
778.712277;3631;3575;3485;398;2632;2580;2645;427;2883;0
779.212087;3631;3575;3485;398;2632;2580;2645;427;2883;0
779.712034;3651;3565;3485;399;2632;2590;2645;427;2883;0
780.212415;3631;3565;3475;398;2632;2590;2645;427;2883;0
780.712091;3631;3575;3465;398;2632;2580;2645;427;2877;0
781.212184;3621;3555;3465;399;2641;2580;2645;427;2880;0
781.712448;3614;3555;3465;399;2651;2590;2645;427;2877;0
782.212684;3614;3555;3465;399;2632;2590;2645;427;2880;0
782.712293;3614;3545;3465;399;2632;2590;2645;427;2877;0
783.212034;3594;3545;3445;399;2632;2590;2645;427;2883;0
783.712323;3594;3545;3445;399;2632;2590;2645;427;2877;0
784.212088;3594;3545;3445;399;2632;2590;2645;427;2883;0
784.711717;3594;3535;3445;399;2632;2590;2645;427;2883;0
785.21181;3594;3535;3445;399;2632;2590;2645;427;2877;0
785.712332;3575;3535;3445;399;2632;2590;2645;427;2877;0
786.212302;3575;3525;3435;399;2632;2590;2645;426;2883;0
786.712283;3575;3525;3435;400;2612;2590;2645;427;2877;0
787.212085;3575;3515;3435;400;2632;2590;2645;427;2877;0
787.71297;3575;3515;3425;400;2632;2590;2645;427;2883;0
788.212968;3575;3515;3425;400;2632;2590;2645;427;2877;0
788.712299;3575;3515;3425;400;2612;2590;2645;427;2877;0
789.212546;3555;3495;3415;401;2632;2590;2645;427;2880;0
789.712985;3555;3495;3415;400;2632;2590;2635;427;2880;0
790.212668;3555;3495;3435;402;2632;2590;2635;427;2883;0
790.71244;3535;3495;3415;400;2632;2590;2645;427;2880;0
791.212097;3555;3475;3415;401;2612;2590;2645;427;2880;0
791.712252;3555;3485;3415;401;2612;2590;2635;427;2883;0
792.212753;3535;3485;3400;401;2612;2600;2645;427;2877;0
792.712071;3535;3475;3400;400;2632;2590;2645;427;2877;0
793.212215;3535;3475;3400;401;2612;2590;2635;427;2880;0
793.71286;3535;3465;3400;401;2632;2590;2645;428;2880;0
794.212323;3509;3475;3390;402;2622;2600;2635;427;2880;0
794.713111;3509;3465;3390;402;2602;2590;2645;427;2877;0
795.212685;3518;3465;3390;402;2612;2590;2645;428;2883;0
795.712069;3489;3465;3380;402;2622;2600;2615;427;2877;0
796.212306;3489;3465;3380;401;2622;2600;2635;427;2880;0
796.713155;3489;3455;3370;402;2622;2590;2645;427;2880;0
797.21235;3509;3455;3370;402;2602;2600;2635;427;2877;0
797.712656;3499;3455;3370;402;2632;2590;2635;427;2877;0
798.212703;3489;3455;3360;403;2622;2600;2635;427;2880;0
798.712361;3489;3445;3360;402;2622;2590;2635;427;2883;0
799.212448;3499;3445;3360;402;2632;2600;2635;427;2883;0
799.712449;3479;3445;3360;403;2612;2600;2635;427;2883;0
800.212328;3469;3445;3350;402;2602;2600;2635;428;2877;0
800.712653;3479;3445;3350;403;2632;2600;2645;428;2877;0
801.212508;3469;3445;3350;402;2602;2600;2635;427;2883;0
801.712315;3450;3435;3340;403;2602;2600;2635;427;2877;0
802.212573;3479;3435;3340;403;2632;2605;2635;427;2880;0
802.712399;3479;3435;3360;403;2632;2600;2635;427;2880;0
803.212075;3450;3425;3340;403;2602;2600;2635;427;2880;0
803.712502;3459;3425;3330;403;2632;2600;2645;427;2880;0
804.212178;3450;3425;3340;403;2602;2605;2635;427;2880;0
804.712722;3440;3425;3330;403;2612;2600;2645;427;2883;0
805.212663;3440;3425;3340;403;2612;2605;2635;427;2886;0
805.712804;3440;3400;3330;404;2612;2605;2635;427;2877;0
806.211599;3440;3405;3320;403;2612;2605;2645;427;2880;0
806.7122;3430;3405;3320;403;2622;2605;2635;427;2880;0
807.212425;3413;3405;3320;404;2622;2605;2650;427;2877;0
807.712355;3423;3405;3320;404;2612;2605;2645;428;2883;0
808.2124;3423;3405;3320;404;2612;2605;2645;427;2880;0
808.712768;3423;3405;3310;404;2632;2605;2645;427;2883;0
809.212139;3440;3400;3310;404;2612;2605;2645;427;2880;0
809.712499;3440;3400;3310;404;2632;2605;2635;427;2880;0
810.212974;3423;3390;3310;404;2612;2615;2645;428;2877;0
810.712914;3430;3390;3310;404;2602;2615;2635;427;2880;0
811.21244;3423;3390;3300;404;2632;2605;2635;427;2883;0
811.712681;3423;3390;3310;405;2612;2615;2635;428;2880;0
812.212461;3403;3390;3300;405;2632;2615;2645;427;2880;0
812.712294;3423;3380;3300;405;2612;2615;2645;427;2883;0
813.212408;3413;3380;3300;405;2622;2615;2635;427;2880;0
813.711893;3423;3370;3290;405;2632;2615;2635;427;2880;0
814.212315;3393;3370;3300;405;2622;2605;2645;427;2877;0
814.712354;3383;3370;3290;405;2612;2615;2645;428;2880;0
815.212238;3354;3370;3280;404;2602;2615;2645;428;2880;0
815.712997;3383;3370;3290;406;2632;2615;2645;427;2877;0
816.212336;3373;3370;3280;405;2602;2625;2645;427;2880;0
816.712497;3373;3360;3280;406;2602;2625;2635;427;2877;0
817.21227;3383;3370;3280;406;2612;2615;2635;427;2880;0
817.712425;3364;3360;3270;406;2632;2615;2645;427;2880;0
818.212934;3383;3360;3280;405;2612;2615;2645;428;2880;0
818.712487;3364;3360;3270;406;2612;2615;2635;427;2877;0
819.212325;3383;3350;3270;406;2612;2615;2645;428;2880;0
819.711815;3354;3350;3270;406;2602;2615;2645;427;2877;0
820.212816;3373;3340;3270;406;2602;2615;2635;428;2877;0
820.712597;3364;3340;3265;406;2612;2615;2635;427;2880;0
821.2123;3364;3340;3265;406;2612;2615;2645;427;2883;0
821.711291;3354;3350;3255;406;2622;2615;2645;428;2877;0
822.212269;3364;3340;3255;406;2612;2615;2645;428;2883;0
822.712298;3344;3330;3255;406;2612;2615;2635;427;2877;0
823.212918;3344;3330;3255;406;2612;2615;2635;428;2877;0
823.712379;3364;3330;3255;406;2632;2615;2645;427;2883;0
824.212055;3315;3320;3255;407;2622;2625;2635;427;2883;0
824.711287;3344;3320;3245;407;2632;2615;2645;426;2880;0
825.212288;3344;3320;3245;407;2632;2625;2635;428;2883;0
825.71213;3315;3320;3235;406;2602;2615;2635;428;2877;0
826.212325;3324;3310;3235;407;2632;2625;2635;427;2877;0
826.712035;3324;3310;3235;407;2612;2615;2645;427;2880;0
827.212671;3324;3310;3235;407;2612;2625;2635;428;2880;0
827.71224;3307;3310;3235;407;2632;2615;2635;428;2874;0
828.212355;3307;3310;3235;408;2612;2615;2645;427;2883;0
828.713082;3324;3300;3235;407;2612;2615;2645;428;2880;0
829.21272;3324;3300;3225;407;2612;2625;2635;428;2877;0
829.713133;3324;3290;3225;408;2632;2615;2650;427;2880;0
830.212572;3324;3290;3225;407;2612;2625;2635;427;2877;0
830.716235;3315;3290;3225;408;2602;2615;2635;428;2880;0
831.213206;3307;3290;3215;408;2612;2615;2635;427;2880;0
831.712405;3307;3290;3215;408;2612;2625;2635;428;2880;0
832.212391;3307;3280;3215;408;2612;2615;2635;427;2877;0
832.709917;3307;3280;3205;408;2632;2625;2635;428;2880;0
833.212419;3307;3270;3205;408;2612;2615;2650;427;2877;0
833.713377;3287;3270;3205;408;2632;2615;2645;428;2877;0
834.213063;3287;3270;3195;408;2612;2615;2635;428;2870;0
834.712279;3287;3270;3195;408;2612;2615;2635;428;2877;0
835.212525;3287;3265;3195;408;2612;2615;2635;427;2880;0
835.712444;3268;3265;3195;408;2612;2605;2635;428;2883;0
836.21242;3268;3265;3195;408;2612;2605;2625;427;2877;0
836.712484;3268;3255;3195;408;2612;2605;2645;428;2883;0
837.212287;3258;3255;3195;408;2602;2615;2635;427;2880;0
837.712909;3258;3255;3185;409;2602;2615;2635;426;2880;0
838.21248;3268;3255;3185;408;2612;2605;2635;428;2880;0
838.71333;3248;3255;3175;409;2612;2605;2635;427;2883;0
839.212506;3248;3245;3185;409;2612;2615;2635;427;2877;0
839.713228;3268;3245;3175;409;2632;2615;2635;427;2877;0
840.213139;3248;3245;3175;409;2632;2605;2635;428;2880;0
840.712444;3248;3235;3170;409;2612;2605;2635;428;2877;0
841.213443;3268;3235;3175;409;2612;2615;2635;427;2877;0
841.712734;3248;3235;3170;409;2612;2605;2635;427;2877;0
842.212383;3248;3225;3170;409;2612;2605;2635;428;2880;0
842.712407;3248;3225;3170;409;2612;2605;2635;428;2880;0
843.212492;3228;3215;3160;409;2632;2605;2635;427;2880;0
843.713333;3219;3215;3160;409;2622;2600;2635;427;2880;0
844.213572;3238;3215;3150;410;2602;2600;2625;428;2883;0
844.712342;3238;3215;3150;410;2602;2605;2635;427;2877;0
845.21244;3248;3215;3150;410;2632;2600;2635;427;2883;0
845.712181;3228;3205;3150;409;2612;2600;2635;428;2877;0
846.212308;3219;3195;3150;410;2602;2605;2625;429;2880;0
846.711949;3228;3205;3150;410;2612;2605;2635;427;2883;0
847.21314;3228;3195;3140;410;2612;2600;2635;427;2877;0
847.71249;3211;3195;3140;409;2612;2605;2625;427;2880;0
848.212709;3228;3195;3130;410;2612;2605;2625;428;2877;0
848.712085;3219;3195;3130;410;2622;2600;2625;428;2880;0
849.212428;3228;3195;3130;410;2612;2605;2625;428;2880;0
849.71308;3228;3195;3130;410;2612;2605;2635;427;2877;0
850.212304;3211;3195;3130;410;2612;2605;2635;427;2880;0
850.712476;3211;3185;3130;410;2612;2605;2635;428;2877;0
851.212313;3228;3185;3120;410;2612;2605;2625;428;2880;0
851.712928;3211;3185;3130;410;2594;2605;2625;428;2877;0
852.213231;3192;3175;3120;410;2612;2605;2625;427;2880;0
852.712644;3172;3175;3120;410;2612;2605;2635;427;2877;0
853.213366;3192;3175;3110;410;2612;2605;2625;428;2877;0
853.713376;3211;3175;3130;411;2612;2605;2625;427;2880;0
854.2127;3192;3175;3110;409;2612;2605;2635;428;2877;0
854.711849;3172;3170;3110;410;2612;2605;2625;427;2883;0
855.211877;3201;3175;3100;411;2602;2605;2625;428;2877;0
855.712358;3172;3175;3100;411;2612;2605;2625;427;2880;0
856.21265;3162;3170;3090;411;2602;2605;2635;428;2874;0
856.712822;3192;3170;3100;411;2612;2590;2625;428;2877;0
857.211885;3192;3160;3100;411;2612;2605;2625;427;2883;0
857.712661;3172;3160;3100;411;2612;2605;2625;428;2880;0
858.212864;3192;3160;3090;411;2612;2605;2625;427;2880;0
858.712956;3192;3150;3090;412;2612;2605;2625;427;2880;0
859.212094;3172;3150;3090;411;2612;2605;2625;428;2880;0
859.712379;3172;3150;3090;412;2632;2605;2625;428;2880;0
860.213547;3172;3150;3090;412;2612;2605;2625;428;2880;0
860.712373;3152;3140;3085;411;2612;2600;2625;427;2874;0
861.212677;3152;3140;3085;412;2594;2605;2625;428;2880;0
861.713003;3172;3140;3085;412;2612;2605;2625;428;2877;0
862.213255;3152;3140;3075;412;2612;2605;2625;427;2880;0
862.712683;3132;3140;3075;412;2612;2600;2625;428;2883;0
863.213167;3152;3130;3075;412;2612;2605;2625;428;2877;0
863.713036;3132;3130;3075;412;2612;2600;2625;428;2880;0
864.213353;3152;3130;3065;412;2612;2605;2625;428;2877;0
864.713081;3132;3140;3075;412;2612;2605;2625;428;2877;0
865.212673;3132;3130;3065;412;2612;2605;2625;427;2880;0
865.712369;3132;3130;3065;413;2612;2605;2625;428;2883;0
866.213127;3132;3130;3075;412;2594;2605;2625;428;2877;0
866.712444;3115;3120;3065;412;2612;2600;2625;428;2883;0
867.212061;3132;3120;3065;412;2612;2600;2625;427;2880;0
867.712774;3132;3120;3065;412;2632;2605;2625;427;2877;0
868.212842;3115;3110;3065;412;2612;2605;2625;428;2883;0
868.712261;3132;3110;3085;413;2612;2605;2625;428;2883;0
869.212918;3132;3110;3055;413;2612;2605;2615;427;2880;0
869.714068;3115;3110;3055;412;2612;2600;2625;428;2880;0
870.212167;3132;3110;3045;413;2612;2600;2625;428;2877;0
870.711845;3115;3110;3055;413;2612;2605;2625;427;2880;0
871.212548;3132;3100;3045;413;2612;2600;2625;428;2880;0
871.712658;3115;3120;3045;413;2612;2600;2625;427;2880;0
872.212407;3115;3100;3045;413;2612;2605;2625;428;2880;0
872.712416;3115;3100;3045;413;2612;2600;2625;428;2877;0
873.213063;3132;3090;3045;413;2612;2605;2625;428;2877;0
873.713061;3105;3100;3045;413;2585;2600;2625;428;2880;0
874.212362;3096;3090;3045;413;2612;2600;2625;428;2877;0
874.712805;3096;3090;3045;413;2612;2600;2625;428;2880;0
875.212284;3096;3090;3025;413;2612;2605;2625;428;2883;0
875.711683;3096;3090;3035;413;2612;2600;2625;428;2883;0
876.213002;3096;3090;3035;413;2612;2605;2615;428;2877;0
876.71255;3096;3090;3035;413;2612;2605;2625;428;2880;0
877.21365;3115;3085;3035;414;2594;2600;2615;428;2877;0
877.712229;3096;3085;3035;414;2594;2605;2625;428;2883;0
878.212946;3096;3085;3035;414;2612;2600;2625;428;2880;0
878.712382;3096;3075;3035;414;2612;2600;2615;428;2877;0
879.21323;3096;3075;3025;413;2612;2600;2615;429;2880;0
879.712329;3076;3085;3025;414;2594;2605;2615;428;2877;0
880.212588;3096;3075;3025;414;2612;2600;2615;428;2877;0
880.712429;3076;3075;3025;413;2612;2600;2625;428;2877;0
881.212322;3076;3075;3025;414;2612;2600;2625;427;2877;0
881.712878;3096;3075;3020;414;2594;2605;2625;428;2874;0
882.212282;3076;3065;3025;414;2612;2600;2615;428;2880;0
882.711778;3076;3065;3035;414;2612;2600;2625;428;2883;0
883.212581;3076;3065;3020;414;2594;2600;2625;428;2883;0
883.712278;3076;3065;3010;414;2612;2600;2615;428;2874;0
884.2134;3076;3065;3020;414;2612;2600;2635;428;2877;0
884.711415;3056;3065;3020;414;2612;2605;2615;428;2880;0
885.21338;3086;3065;3020;414;2604;2600;2625;428;2880;0
885.712092;3056;3065;3020;414;2594;2600;2625;428;2877;0
886.212417;3066;3055;3010;414;2622;2600;2615;428;2880;0
886.712452;3056;3055;3010;414;2594;2600;2615;428;2877;0
887.212389;3056;3055;3010;415;2612;2600;2625;428;2877;0
887.714803;3056;3055;3010;414;2612;2600;2615;428;2877;0
888.21292;3056;3045;3010;414;2594;2600;2615;428;2880;0
888.712319;3056;3045;3010;415;2612;2600;2615;428;2877;0
889.212596;3066;3045;3000;415;2604;2600;2615;428;2880;0
889.71308;3056;3045;3000;415;2612;2590;2615;428;2877;0
890.212437;3036;3035;3000;415;2612;2600;2615;428;2883;0
890.712332;3056;3035;3000;415;2612;2600;2615;428;2877;0
891.213033;3056;3035;3000;415;2594;2600;2615;428;2880;0
891.712813;3036;3035;3000;415;2594;2600;2615;428;2880;0
892.212799;3066;3035;3000;415;2604;2600;2615;428;2883;0
892.711714;3056;3025;3000;415;2612;2600;2615;428;2877;0
893.213262;3036;3025;3000;415;2594;2600;2615;428;2877;0
893.712651;3036;3035;2990;415;2594;2600;2615;428;2880;0
894.212549;3036;3025;2990;415;2594;2600;2625;428;2880;0
894.712462;3036;3025;2990;416;2612;2600;2615;428;2877;0
895.212458;3036;3020;2990;415;2594;2590;2615;428;2880;0
895.712933;3036;3025;2990;415;2594;2600;2615;428;2877;0
896.213121;3036;3020;2990;415;2612;2590;2615;428;2880;0
896.712534;3017;3020;2980;415;2594;2600;2605;428;2877;0
897.21217;3036;3020;2980;416;2594;2600;2605;428;2880;0
897.712656;3036;3020;2980;416;2612;2590;2615;428;2883;0
898.21217;3017;3020;2970;416;2594;2590;2615;428;2877;0
898.712262;3017;3010;2970;416;2594;2590;2615;428;2880;0
899.212035;3017;3010;2970;416;2594;2590;2605;429;2883;0
899.712266;3017;3025;2970;416;2612;2590;2605;428;2880;0
900.21298;3017;3000;2970;416;2594;2590;2615;428;2880;0
900.712346;3017;3000;2970;416;2594;2590;2615;428;2877;0
901.212178;3017;3010;2960;416;2594;2590;2615;428;2877;0
901.712679;2999;3000;2960;416;2594;2590;2615;428;2880;0
902.212479;2999;3000;2960;416;2594;2590;2615;428;2877;0
902.71208;3017;2990;2960;417;2612;2590;2605;428;2880;0
903.212199;2999;2990;2960;415;2612;2580;2605;429;2883;0
903.712332;3017;2990;2960;416;2612;2590;2615;428;2880;0
904.21308;2999;2990;2960;416;2612;2590;2615;428;2880;0
904.712839;2999;2980;2960;416;2612;2590;2605;429;2877;0
905.212581;2980;2990;2960;416;2612;2590;2605;428;2880;0
905.712745;2999;2980;2955;416;2594;2580;2615;428;2877;0
906.213127;2980;2980;2955;416;2594;2590;2615;428;2880;0
906.712653;2999;2980;2955;417;2594;2580;2605;427;2880;0
907.212521;2999;2980;2955;417;2594;2590;2605;428;2877;0
907.712601;2980;2980;2955;417;2594;2590;2625;428;2877;0
908.212651;2980;2980;2945;417;2594;2590;2605;428;2877;0
908.712722;2999;2980;2945;417;2594;2590;2605;428;2880;0
909.212316;2999;2970;2945;416;2612;2590;2605;428;2880;0
909.712944;2999;2970;2945;417;2594;2580;2605;428;2877;0
910.212368;2999;2970;2945;416;2594;2580;2605;428;2880;0
910.712261;2980;2970;2945;417;2594;2580;2605;428;2877;0
911.21309;2960;2960;2935;417;2594;2580;2605;428;2883;0
911.713807;2970;2960;2935;417;2585;2580;2605;428;2877;0
912.212405;2960;2960;2935;417;2612;2580;2605;428;2877;0
912.712272;2960;2960;2935;417;2594;2580;2605;428;2880;0
913.212055;2960;2960;2925;417;2594;2580;2605;428;2880;0
913.712027;2980;2960;2935;417;2594;2580;2605;429;2880;0
914.212476;2960;2945;2935;417;2594;2580;2605;428;2877;0
914.711401;2970;2955;2925;418;2585;2580;2600;428;2880;0
915.212985;2960;2960;2925;417;2612;2580;2605;428;2883;0
915.712491;2960;2955;2925;417;2594;2570;2605;429;2880;0
916.212412;2960;2955;2925;417;2594;2580;2605;429;2877;0
916.712235;2960;2955;2925;417;2594;2580;2605;428;2880;0
917.212934;2960;2955;2915;417;2594;2580;2605;429;2883;0
917.712485;2960;2945;2925;418;2575;2580;2600;428;2880;0
918.212603;2980;2945;2925;418;2575;2580;2600;428;2880;0
918.712515;2960;2945;2915;417;2594;2580;2600;429;2880;0
919.211963;2940;2945;2925;417;2594;2580;2605;428;2877;0
919.710636;2960;2945;2915;418;2575;2580;2605;428;2880;0
920.21265;2940;2945;2915;418;2594;2580;2600;428;2880;0
920.712936;2960;2945;2915;417;2594;2580;2605;428;2877;0
921.212674;2960;2945;2915;418;2612;2580;2605;428;2880;0
921.713601;2980;2945;2915;418;2594;2580;2605;428;2880;0
922.213213;2940;2945;2905;418;2594;2580;2600;428;2883;0
922.712045;2940;2935;2905;418;2594;2580;2600;428;2880;0
923.21307;2940;2935;2905;418;2594;2580;2600;428;2877;0
923.713818;2940;2935;2905;418;2594;2580;2600;428;2877;0
924.213271;2940;2935;2905;418;2594;2580;2600;428;2880;0
924.713049;2940;2935;2905;418;2594;2570;2600;428;2877;0
925.2137;2940;2935;2900;418;2575;2570;2600;428;2880;0
925.7137;2940;2935;2905;418;2594;2570;2600;428;2880;0
926.213204;2940;2925;2905;417;2575;2570;2605;428;2880;0
926.713086;2921;2925;2900;418;2594;2570;2600;428;2880;0
927.213894;2940;2925;2905;418;2594;2570;2605;429;2877;0
927.713284;2921;2925;2900;418;2594;2580;2600;428;2877;0
928.213194;2921;2925;2900;419;2612;2570;2600;428;2877;0
928.71335;2940;2925;2900;419;2575;2580;2600;429;2883;0
929.212386;2940;2925;2900;419;2594;2580;2600;428;2877;0
929.713785;2940;2925;2890;418;2575;2570;2600;428;2880;0
930.213069;2911;2915;2900;418;2585;2570;2600;428;2877;0
930.713081;2921;2925;2890;418;2594;2570;2600;428;2880;0
931.213086;2921;2915;2890;418;2594;2580;2600;429;2880;0
931.713355;2921;2915;2890;418;2594;2570;2600;428;2877;0
932.212723;2921;2915;2880;419;2575;2570;2600;429;2883;0
932.71344;2940;2915;2890;419;2575;2570;2600;429;2877;0
933.213404;2921;2915;2880;419;2594;2570;2590;429;2877;0
933.713579;2921;2915;2870;418;2594;2580;2600;429;2877;0
934.212854;2903;2905;2880;419;2575;2580;2600;428;2877;0
934.713388;2903;2905;2880;418;2575;2570;2600;429;2877;0
935.213277;2921;2905;2880;419;2575;2580;2600;429;2883;0
935.713899;2903;2905;2890;419;2575;2580;2600;429;2883;0
936.213106;2903;2905;2880;418;2594;2570;2600;428;2877;0
936.713475;2903;2905;2890;419;2594;2570;2600;429;2877;0
937.213035;2884;2905;2880;419;2594;2570;2600;428;2880;0
937.71341;2921;2905;2880;419;2594;2565;2600;429;2877;0
938.213732;2903;2905;2870;419;2594;2570;2600;428;2877;0
938.713075;2903;2905;2870;419;2594;2580;2605;428;2883;0
939.213654;2903;2905;2890;419;2594;2580;2600;428;2877;0
939.71339;2903;2890;2880;419;2594;2570;2600;428;2880;0
940.213036;2884;2900;2870;419;2594;2580;2590;429;2880;0
940.713441;2893;2900;2870;419;2585;2570;2590;429;2883;0
941.213097;2903;2900;2860;419;2575;2580;2600;429;2880;0
941.713848;2903;2900;2860;420;2575;2570;2600;429;2877;0
942.213104;2903;2900;2870;419;2594;2580;2600;428;2877;0
942.713021;2903;2900;2870;419;2575;2580;2590;428;2877;0
943.213256;2903;2900;2860;419;2575;2570;2600;429;2880;0
943.7134;2903;2900;2860;419;2594;2565;2600;429;2880;0
944.212577;2884;2900;2860;420;2575;2570;2600;428;2883;0
944.7133;2903;2890;2860;419;2594;2580;2590;429;2877;0
945.212886;2903;2890;2860;419;2575;2570;2600;429;2877;0
945.712984;2884;2880;2860;419;2575;2580;2600;429;2883;0
946.213299;2903;2870;2860;420;2594;2580;2600;428;2877;0
946.713337;2913;2890;2860;420;2604;2580;2590;428;2883;0
947.21314;2903;2880;2870;419;2575;2570;2590;427;2880;0
947.713056;2884;2880;2860;419;2575;2580;2600;429;2880;0
948.21316;2884;2880;2860;419;2575;2570;2590;429;2877;0
948.712858;2884;2880;2850;419;2575;2580;2590;428;2877;0
949.213339;2864;2880;2850;420;2575;2580;2590;429;2874;0
949.712888;2884;2890;2850;420;2575;2570;2600;429;2877;0
950.21334;2884;2880;2850;420;2575;2570;2605;429;2880;0
950.713934;2884;2870;2850;419;2594;2580;2590;429;2877;0
951.212557;2884;2880;2835;420;2575;2580;2590;429;2880;0
951.711729;2903;2880;2845;420;2575;2580;2590;430;2877;0
952.213131;2884;2870;2845;420;2575;2570;2590;429;2883;0
952.713476;2884;2870;2845;420;2594;2570;2590;428;2880;0
953.212929;2884;2870;2845;420;2575;2570;2600;429;2883;0
953.713228;2864;2870;2845;420;2575;2570;2590;429;2877;0
954.213202;2864;2870;2845;420;2594;2570;2590;428;2877;0
954.713452;2884;2870;2845;420;2575;2570;2590;429;2880;0
955.213376;2884;2860;2845;420;2575;2570;2590;429;2880;0
955.712313;2864;2860;2835;420;2575;2570;2590;428;2877;0
956.212225;2864;2860;2835;420;2575;2565;2590;428;2880;0
956.713056;2884;2850;2835;421;2575;2570;2590;429;2880;0
957.213338;2884;2850;2835;420;2594;2555;2590;429;2883;0
957.713133;2864;2850;2835;420;2594;2565;2590;428;2877;0
958.213432;2864;2850;2825;420;2575;2565;2590;429;2880;0
958.713139;2844;2850;2825;420;2575;2565;2590;428;2880;0
959.213266;2864;2850;2825;420;2575;2565;2590;428;2877;0
959.713413;2864;2850;2825;420;2555;2565;2590;429;2880;0
960.213124;2864;2845;2825;421;2575;2570;2580;429;2880;0
960.712455;2854;2845;2815;420;2565;2555;2590;429;2877;0
961.212913;2844;2845;2825;420;2575;2565;2580;429;2877;0
961.713567;2864;2845;2815;420;2575;2570;2590;429;2877;0
962.212574;2844;2845;2815;421;2575;2565;2580;428;2877;0
962.713266;2864;2845;2815;420;2575;2565;2580;429;2880;0
963.213452;2864;2835;2815;420;2575;2565;2590;431;2877;0
963.713407;2864;2835;2805;421;2575;2565;2590;429;2877;0
964.213875;2864;2835;2805;421;2575;2565;2590;429;2877;0
964.713035;2854;2835;2795;421;2565;2555;2580;429;2880;0
965.213019;2844;2835;2805;421;2575;2565;2580;429;2883;0
965.713256;2834;2835;2795;420;2565;2555;2580;429;2877;0
966.212803;2824;2825;2805;421;2575;2555;2590;429;2880;0
966.712865;2824;2835;2805;421;2575;2565;2580;429;2883;0
967.213294;2844;2825;2805;421;2575;2555;2580;429;2883;0
967.713062;2844;2825;2805;421;2575;2555;2580;429;2877;0
968.213669;2844;2825;2795;421;2594;2555;2580;429;2880;0
968.712417;2824;2825;2805;421;2575;2555;2580;429;2877;0
969.213474;2844;2825;2795;421;2575;2565;2580;429;2883;0
969.713283;2844;2825;2805;421;2575;2555;2580;429;2880;0
970.213654;2824;2825;2795;421;2575;2555;2580;429;2883;0
970.713278;2814;2825;2795;421;2565;2555;2580;429;2877;0
971.212893;2834;2815;2795;421;2545;2565;2580;429;2880;0
971.713003;2824;2815;2795;421;2575;2555;2580;429;2877;0
972.213356;2844;2825;2795;421;2575;2565;2580;429;2877;0
972.713348;2797;2815;2795;421;2565;2555;2580;429;2880;0
973.21352;2814;2825;2790;421;2585;2565;2580;429;2880;0
973.713001;2824;2815;2790;421;2575;2555;2580;429;2877;0
974.213414;2824;2815;2795;421;2575;2565;2580;429;2880;0
974.713814;2844;2815;2790;421;2575;2555;2580;429;2877;0
975.212984;2844;2825;2790;421;2575;2555;2580;429;2880;0
975.713923;2824;2815;2795;422;2575;2565;2580;429;2880;0
976.213294;2824;2815;2790;422;2575;2555;2590;429;2880;0
976.713551;2824;2815;2790;421;2575;2565;2580;429;2877;0
977.213053;2824;2815;2790;421;2575;2565;2580;429;2877;0
977.712518;2814;2815;2790;421;2565;2555;2580;429;2877;0
978.212477;2814;2815;2790;422;2565;2555;2580;429;2880;0
978.713093;2824;2815;2790;421;2555;2565;2570;429;2877;0
979.21205;2807;2815;2780;422;2575;2565;2580;429;2877;0
979.712829;2824;2815;2790;421;2575;2565;2580;429;2880;0
980.213734;2824;2815;2790;421;2575;2565;2580;429;2880;0
980.713738;2807;2815;2780;423;2594;2565;2570;429;2883;0
981.21281;2817;2805;2790;422;2604;2565;2570;429;2877;0
981.713237;2814;2815;2790;422;2565;2565;2570;429;2877;0
982.213119;2814;2805;2790;422;2545;2565;2580;429;2877;0
982.713075;2824;2805;2780;421;2575;2565;2570;429;2880;0
983.213633;2797;2805;2780;422;2565;2565;2580;429;2880;0
983.713449;2807;2805;2780;421;2575;2565;2580;429;2880;0
984.212886;2807;2805;2780;422;2575;2565;2580;429;2880;0
984.713647;2807;2805;2780;422;2575;2565;2580;429;2880;0
985.212425;2807;2795;2780;421;2575;2565;2580;429;2880;0
985.713387;2824;2795;2780;422;2575;2565;2580;429;2877;0
986.212863;2807;2805;2780;422;2575;2565;2580;429;2877;0
986.713211;2807;2805;2780;422;2575;2570;2580;429;2877;0
987.21322;2824;2795;2770;422;2575;2565;2580;429;2880;0
987.713421;2807;2795;2780;422;2575;2565;2565;429;2877;0
988.212457;2807;2795;2770;422;2555;2565;2580;429;2880;0
988.71287;2807;2795;2770;422;2555;2565;2580;429;2883;0
989.213057;2787;2795;2770;422;2575;2570;2570;429;2880;0
989.713023;2807;2790;2770;422;2555;2565;2580;428;2880;0
990.213435;2787;2795;2770;422;2555;2565;2580;429;2880;0
990.713058;2797;2790;2780;422;2565;2570;2580;429;2877;0
991.213813;2807;2795;2770;422;2575;2565;2580;429;2877;0
991.713271;2807;2795;2760;423;2555;2565;2570;429;2883;0
992.212731;2824;2790;2770;422;2555;2565;2570;429;2877;0
992.712975;2787;2790;2770;422;2575;2565;2580;429;2883;0
993.212554;2767;2790;2770;422;2575;2565;2580;429;2880;0
993.713208;2807;2790;2770;422;2555;2565;2580;429;2880;0
994.213394;2797;2790;2760;422;2545;2565;2580;429;2880;0
994.712848;2787;2790;2770;422;2575;2580;2580;429;2880;0
995.212425;2787;2790;2770;423;2575;2565;2580;429;2880;0
995.713714;2787;2780;2760;422;2555;2565;2570;429;2883;0
996.213038;2797;2790;2760;423;2545;2565;2570;429;2880;0
996.713345;2807;2790;2760;422;2575;2565;2570;429;2877;0
997.213161;2787;2780;2760;422;2575;2565;2570;429;2880;0
997.713301;2777;2780;2760;423;2565;2565;2580;429;2877;0
998.212737;2787;2780;2760;422;2575;2565;2580;429;2877;0
998.713292;2767;2770;2760;422;2575;2565;2570;429;2886;0
999.213701;2767;2770;2760;422;2575;2565;2570;429;2877;0
999.713816;2767;2780;2750;422;2575;2565;2580;429;2877;0
1000.213412;2787;2780;2760;422;2555;2565;2580;429;2883;0
1000.713497;2787;2770;2760;422;2555;2565;2580;429;2880;0
1001.213081;2767;2770;2760;423;2555;2565;2570;429;2883;0
1001.713053;2767;2770;2760;422;2575;2565;2580;429;2877;0
1002.213574;2767;2770;2760;422;2555;2565;2570;429;2877;0
1002.713028;2767;2790;2750;423;2575;2565;2580;428;2883;0
1003.213364;2787;2770;2750;422;2575;2565;2580;429;2877;0
1003.712336;2758;2770;2760;423;2565;2565;2580;429;2880;0
1004.212817;2767;2770;2750;423;2575;2565;2580;429;2877;0
1004.713279;2777;2770;2750;423;2545;2565;2570;429;2880;0
1005.213665;2767;2770;2750;423;2575;2565;2580;429;2883;0
1005.713544;2787;2770;2750;423;2575;2565;2580;429;2880;0
1006.211202;2758;2770;2745;423;2565;2565;2580;429;2874;0
1006.713323;2767;2770;2750;422;2575;2565;2570;429;2877;0
1007.212931;2777;2760;2750;423;2565;2565;2570;429;2877;0
1007.71234;2767;2770;2750;423;2575;2565;2570;429;2877;0
1008.214013;2767;2770;2750;423;2575;2555;2580;429;2880;0
1008.712672;2748;2770;2745;423;2575;2565;2580;430;2880;0
1009.213419;2767;2770;2745;423;2555;2555;2570;429;2877;0
1009.711232;2767;2760;2750;423;2555;2565;2570;429;2880;0
1010.213726;2767;2760;2745;423;2575;2565;2570;429;2877;0
1010.712484;2767;2760;2745;423;2555;2565;2570;429;2880;0
1011.213838;2758;2760;2745;423;2545;2555;2580;429;2877;0
1011.712209;2767;2760;2745;423;2575;2565;2570;430;2877;0
1012.213349;2767;2760;2745;423;2555;2565;2570;429;2877;0
1012.712891;2767;2760;2745;423;2555;2565;2570;429;2877;0
1013.213318;2767;2760;2745;423;2555;2565;2570;429;2877;0
1013.711278;2758;2760;2745;423;2545;2555;2570;430;2877;0
1014.212909;2767;2760;2745;423;2575;2555;2570;429;2880;0
1014.712595;2767;2760;2735;423;2575;2565;2570;429;2880;0
1015.213156;2767;2750;2735;423;2575;2565;2570;429;2877;0
1015.711553;2748;2750;2735;423;2555;2555;2570;429;2877;0
1016.212725;2787;2750;2735;423;2575;2565;2570;429;2883;0
1016.713503;2748;2760;2735;423;2555;2565;2570;429;2874;0
1017.2126;2738;2750;2735;424;2545;2565;2570;429;2877;0
1017.713309;2748;2750;2735;424;2555;2565;2570;429;2877;0
1018.213802;2767;2750;2735;424;2575;2555;2570;429;2877;0
1018.71314;2767;2750;2735;423;2555;2555;2570;429;2880;0
1019.2139;2748;2750;2735;423;2555;2555;2570;429;2880;0
1019.71331;2767;2735;2735;424;2575;2555;2570;430;2880;0
1020.21345;2748;2750;2725;423;2555;2555;2570;429;2877;0
1020.712491;2748;2745;2735;424;2575;2555;2570;429;2880;0
1021.213287;2748;2750;2735;423;2575;2555;2570;429;2877;0
1021.713502;2748;2750;2725;424;2555;2555;2570;429;2877;0
1022.211415;2728;2745;2725;423;2555;2555;2570;429;2874;0
1022.713277;2748;2745;2735;423;2555;2555;2570;429;2877;0
1023.213079;2748;2745;2735;424;2555;2555;2570;429;2883;0
1023.713451;2738;2745;2735;424;2545;2555;2580;429;2883;0
1024.213102;2748;2745;2725;423;2555;2555;2570;429;2880;0
1024.713069;2728;2745;2735;423;2555;2555;2565;429;2880;0
1025.213539;2728;2745;2725;424;2575;2555;2570;429;2880;0
1025.712983;2728;2745;2725;424;2555;2545;2570;429;2877;0
1026.21372;2748;2745;2725;424;2555;2555;2570;429;2880;0
1026.712419;2728;2745;2725;423;2555;2545;2570;429;2877;0
1027.213435;2748;2735;2725;423;2555;2555;2565;430;2880;0
1027.71334;2748;2735;2725;424;2555;2555;2565;430;2877;0
1028.212897;2728;2735;2725;423;2555;2555;2565;429;2880;0
1028.713377;2738;2745;2725;424;2545;2555;2565;430;2880;0
1029.213139;2748;2735;2725;424;2555;2555;2565;429;2883;0
1029.713272;2718;2735;2725;424;2545;2555;2570;429;2880;0
1030.213457;2748;2735;2715;424;2555;2555;2565;429;2880;0
1030.713959;2748;2735;2715;424;2575;2555;2565;429;2880;0
1031.212756;2738;2735;2725;424;2565;2555;2570;429;2880;0
1031.712728;2718;2735;2735;424;2545;2555;2565;429;2877;0
1032.212273;2748;2735;2715;424;2575;2555;2565;429;2880;0
1032.712799;2728;2715;2715;424;2555;2555;2565;430;2880;0
1033.213348;2748;2725;2715;424;2555;2555;2565;429;2880;0
1033.714021;2728;2725;2715;424;2555;2555;2565;429;2880;0
1034.213212;2708;2735;2715;424;2555;2545;2570;430;2877;0
1034.712824;2728;2735;2705;424;2535;2555;2565;429;2874;0
1035.213412;2728;2735;2705;424;2555;2555;2565;429;2880;0
1035.712906;2728;2735;2715;424;2555;2555;2565;430;2877;0
1036.212839;2708;2725;2715;424;2555;2555;2565;429;2877;0
1036.71359;2728;2725;2715;424;2555;2545;2565;429;2877;0
1037.212456;2718;2725;2715;424;2545;2545;2565;429;2880;0
1037.712643;2728;2725;2705;424;2535;2555;2565;429;2877;0
1038.211927;2728;2725;2705;424;2535;2555;2565;429;2880;0
1038.712127;2708;2725;2705;424;2555;2555;2565;430;2877;0
1039.213378;2728;2715;2705;424;2555;2555;2565;428;2880;0
1039.713189;2718;2715;2705;424;2545;2545;2565;429;2883;0
1040.21205;2728;2735;2705;424;2555;2545;2565;429;2877;0
1040.713445;2728;2715;2705;424;2555;2545;2565;430;2880;0
1041.213012;2708;2715;2705;424;2555;2545;2565;429;2877;0
1041.713586;2698;2715;2705;424;2545;2545;2565;429;2880;0
1042.210988;2738;2715;2705;424;2565;2545;2565;429;2877;0
1042.713257;2708;2715;2705;424;2555;2545;2565;430;2880;0
1043.213665;2728;2715;2705;425;2555;2545;2565;429;2880;0
1043.712136;2708;2715;2705;424;2555;2545;2565;430;2877;0
1044.212294;2728;2705;2695;424;2555;2545;2555;429;2880;0
1044.712734;2708;2715;2695;424;2555;2535;2565;430;2880;0
1045.212919;2708;2705;2695;424;2535;2535;2570;430;2880;0
1045.713419;2708;2715;2695;424;2555;2535;2565;429;2880;0
1046.212829;2728;2715;2695;424;2555;2535;2565;430;2883;0
1046.713245;2708;2705;2695;424;2555;2535;2565;430;2886;0
1047.213114;2708;2705;2695;424;2555;2535;2565;430;2880;0
1047.713168;2718;2705;2695;424;2545;2535;2555;429;2877;0
1048.212429;2708;2705;2695;424;2555;2535;2565;430;2880;0
1048.713145;2708;2705;2695;424;2535;2535;2565;430;2877;0
1049.212316;2708;2705;2695;425;2535;2535;2545;429;2877;0
1049.713928;2708;2695;2695;424;2555;2535;2555;429;2880;0
1050.213469;2728;2705;2695;424;2555;2535;2555;431;2880;0
1050.713329;2708;2695;2695;424;2555;2535;2555;429;2880;0
1051.212337;2698;2705;2690;425;2525;2535;2555;429;2877;0
1051.713461;2691;2695;2695;425;2535;2535;2565;430;2877;0
1052.213013;2698;2695;2690;425;2545;2535;2565;430;2877;0
1052.713203;2691;2695;2690;425;2555;2535;2555;430;2883;0
1053.213181;2691;2695;2690;425;2535;2535;2555;430;2880;0
1053.712377;2718;2695;2680;425;2565;2535;2555;429;2883;0
1054.212683;2708;2695;2690;424;2535;2525;2555;429;2880;0
1054.712629;2691;2695;2680;425;2555;2525;2555;429;2880;0
1055.212499;2708;2695;2680;425;2535;2525;2545;428;2880;0
1055.712734;2708;2695;2690;424;2555;2535;2555;429;2880;0
1056.212785;2708;2695;2690;425;2555;2535;2555;430;2877;0
1056.71332;2691;2695;2680;425;2555;2525;2555;430;2877;0
1057.210865;2681;2690;2680;425;2545;2525;2555;429;2877;0
1057.713307;2691;2695;2680;425;2555;2525;2555;430;2877;0
1058.213388;2691;2690;2680;425;2555;2525;2555;430;2883;0
1058.71338;2691;2690;2680;425;2555;2525;2545;429;2880;0
1059.213031;2698;2690;2680;425;2545;2525;2555;430;2880;0
1059.713385;2681;2690;2680;425;2545;2525;2555;429;2877;0
1060.212064;2661;2695;2680;425;2545;2525;2555;429;2880;0
1060.713326;2681;2690;2680;425;2525;2525;2555;430;2874;0
1061.213236;2681;2695;2680;425;2545;2525;2555;430;2883;0
1061.713843;2698;2680;2680;425;2545;2525;2555;430;2877;0
1062.213255;2681;2690;2680;425;2525;2525;2555;430;2880;0
1062.71342;2698;2690;2680;425;2525;2525;2555;429;2880;0
1063.213331;2681;2690;2670;425;2545;2525;2555;430;2877;0
1063.713367;2681;2690;2670;425;2545;2535;2555;430;2880;0
1064.211791;2681;2690;2670;425;2545;2525;2555;431;2880;0
1064.713461;2661;2690;2670;425;2545;2525;2555;430;2883;0
1065.212948;2681;2690;2670;425;2545;2535;2555;429;2880;0
1065.712503;2681;2690;2670;425;2545;2525;2555;430;2880;0
1066.212234;2681;2690;2670;425;2525;2525;2555;430;2877;0
1066.71334;2681;2680;2670;425;2525;2525;2555;430;2880;0
1067.213398;2698;2680;2670;425;2525;2525;2545;429;2880;0
1067.713012;2661;2680;2660;425;2525;2520;2555;430;2877;0
1068.213754;2681;2680;2660;425;2545;2510;2545;430;2883;0
1068.712152;2691;2680;2670;425;2535;2525;2555;430;2883;0
1069.213708;2671;2680;2660;425;2535;2525;2555;430;2880;0
1069.712579;2681;2670;2660;425;2545;2520;2545;430;2880;0
1070.213413;2661;2670;2660;425;2525;2525;2555;430;2880;0
1070.713862;2661;2680;2660;425;2525;2520;2545;430;2880;0
1071.213292;2661;2670;2660;424;2545;2520;2545;429;2883;0
1071.71298;2681;2670;2660;425;2525;2520;2555;429;2877;0
1072.213033;2661;2660;2660;425;2545;2520;2545;430;2880;0
1072.712529;2661;2670;2660;425;2545;2525;2545;430;2877;0
1073.213197;2661;2670;2660;425;2525;2520;2565;430;2877;0
1073.71315;2681;2670;2660;425;2525;2520;2545;430;2880;0
1074.213379;2681;2670;2660;426;2545;2525;2545;429;2880;0
1074.712291;2661;2670;2660;425;2525;2520;2545;429;2877;0
1075.213528;2661;2670;2660;425;2525;2520;2555;430;2880;0
1075.710615;2661;2670;2650;425;2525;2520;2545;430;2877;0
1076.213268;2661;2660;2660;425;2545;2520;2545;430;2877;0
1076.71306;2661;2660;2660;426;2525;2520;2545;429;2877;0
1077.213984;2691;2660;2650;425;2555;2520;2545;430;2880;0
1077.712768;2661;2660;2660;425;2545;2525;2545;430;2880;0
1078.213232;2681;2660;2660;426;2545;2520;2545;429;2880;0
1078.712997;2671;2660;2660;426;2535;2520;2545;430;2883;0
1079.213291;2661;2660;2660;426;2545;2520;2545;429;2877;0
1079.713944;2661;2650;2650;426;2525;2520;2545;430;2877;0
1080.213075;2641;2680;2660;425;2525;2520;2555;430;2880;0
1080.713651;2661;2660;2650;426;2525;2520;2545;430;2880;0
1081.21264;2681;2650;2650;426;2525;2520;2545;430;2880;0
1081.713274;2661;2650;2650;425;2525;2520;2545;430;2880;0
1082.213395;2661;2650;2650;425;2545;2510;2545;430;2877;0
1082.713721;2661;2650;2645;426;2545;2510;2555;430;2880;0
1083.213412;2641;2650;2645;426;2525;2510;2545;432;2877;0
1083.712689;2661;2650;2645;426;2525;2520;2545;430;2883;0
1084.212008;2651;2650;2645;426;2515;2510;2545;430;2880;0
1084.713188;2641;2650;2645;426;2545;2520;2545;430;2877;0
1085.21332;2661;2650;2645;425;2525;2520;2545;430;2880;0
1085.71296;2641;2660;2650;426;2545;2520;2545;430;2880;0
1086.213088;2641;2650;2650;426;2525;2520;2545;430;2877;0
1086.713001;2641;2650;2645;426;2545;2520;2545;430;2880;0
1087.213754;2651;2650;2645;426;2555;2520;2545;430;2877;0
1087.713393;2661;2650;2645;426;2525;2520;2545;430;2883;0
1088.213007;2641;2650;2645;425;2525;2520;2545;430;2880;0
1088.713319;2661;2650;2645;426;2545;2520;2545;430;2877;0
1089.212419;2641;2650;2635;426;2525;2520;2545;430;2874;0
1089.713429;2641;2645;2635;426;2525;2520;2545;430;2877;0
1090.213134;2641;2650;2635;425;2525;2510;2545;430;2880;0
1090.713119;2661;2645;2645;426;2525;2510;2545;430;2880;0
1091.213493;2641;2645;2645;426;2525;2520;2535;430;2877;0
1091.713197;2641;2645;2645;426;2545;2510;2545;430;2877;0
1092.213974;2661;2645;2645;426;2525;2510;2545;430;2877;0
1092.713257;2661;2645;2645;426;2525;2510;2535;430;2880;0
1093.213183;2671;2645;2635;426;2535;2510;2535;430;2877;0
1093.713351;2641;2645;2645;426;2545;2520;2545;430;2880;0
1094.21229;2651;2645;2635;426;2535;2510;2525;430;2877;0
1094.71285;2651;2645;2635;426;2555;2520;2545;430;2883;0
1095.213431;2622;2645;2645;426;2525;2520;2535;429;2877;0
1095.713676;2641;2645;2635;426;2505;2510;2535;430;2883;0
1096.213345;2641;2635;2645;426;2505;2520;2535;430;2877;0
1096.712933;2622;2635;2635;426;2545;2510;2545;430;2880;0
1097.212398;2641;2635;2635;426;2525;2510;2545;430;2883;0
1097.7123;2641;2635;2635;426;2545;2510;2535;430;2880;0
1098.21293;2632;2635;2635;426;2515;2520;2535;430;2877;0
1098.711561;2641;2645;2635;426;2525;2510;2535;430;2874;0
1099.213469;2632;2645;2635;426;2535;2500;2545;430;2880;0
1099.711644;2622;2635;2635;426;2525;2510;2535;429;2877;0
1100.211583;2622;2635;2635;426;2525;2510;2535;430;2877;0
1100.713093;2641;2645;2635;426;2525;2510;2535;430;2877;0
1101.213213;2641;2635;2635;426;2525;2510;2535;430;2880;0
1101.712381;2651;2635;2625;426;2535;2510;2535;430;2874;0
1102.21187;2622;2635;2635;426;2505;2510;2535;430;2880;0
1102.712453;2641;2615;2625;426;2525;2510;2535;430;2877;0
1103.212548;2641;2635;2635;426;2545;2510;2535;430;2883;0
1103.713807;2641;2645;2635;426;2525;2510;2545;430;2880;0
1104.210943;2641;2635;2625;426;2525;2510;2535;431;2880;0
1104.712927;2622;2635;2635;426;2525;2510;2535;430;2880;0
1105.213405;2641;2635;2635;429;2545;2520;2535;430;2880;0
1105.713302;2651;2635;2635;427;2535;2520;2535;430;2880;0
1106.212481;2622;2635;2635;427;2525;2520;2535;430;2877;0
1106.712433;2622;2635;2635;427;2525;2520;2535;430;2877;0
1107.212495;2641;2645;2625;426;2525;2520;2535;431;2877;0
1107.714204;2622;2635;2635;427;2525;2510;2535;430;2877;0
1108.213345;2622;2635;2625;426;2525;2520;2535;430;2877;0
1108.713065;2602;2635;2625;427;2505;2520;2535;430;2877;0
1109.213291;2622;2645;2625;426;2525;2510;2535;430;2877;0
1109.712859;2632;2635;2625;426;2535;2510;2535;431;2877;0
1110.212983;2622;2635;2635;427;2505;2520;2535;430;2877;0
1110.713157;2622;2645;2625;427;2525;2510;2535;430;2880;0
1111.212602;2641;2635;2625;427;2525;2520;2535;430;2877;0
1111.713447;2641;2635;2625;427;2505;2520;2535;430;2880;0
1112.211488;2632;2645;2615;426;2535;2520;2535;430;2874;0
1112.7131;2632;2635;2625;426;2535;2520;2535;430;2883;0
1113.21227;2622;2635;2625;427;2505;2520;2535;430;2877;0
1113.713219;2632;2635;2625;426;2535;2520;2535;430;2877;0
1114.21326;2622;2635;2625;427;2505;2520;2535;430;2883;0
1114.713207;2622;2635;2625;427;2525;2520;2535;430;2880;0
1115.213224;2641;2635;2625;427;2525;2520;2525;430;2880;0
1115.71434;2622;2635;2615;427;2545;2520;2525;430;2883;0
1116.212694;2602;2635;2625;426;2505;2520;2535;430;2880;0
1116.713237;2622;2635;2625;427;2525;2520;2535;430;2877;0
1117.213073;2622;2635;2625;427;2525;2520;2535;430;2880;0
1117.713518;2622;2635;2615;427;2505;2520;2535;430;2877;0
1118.213282;2632;2625;2615;427;2535;2520;2535;431;2883;0
1118.713136;2602;2635;2625;427;2505;2520;2525;430;2880;0
1119.213633;2632;2625;2615;427;2535;2520;2535;431;2877;0
1119.712418;2622;2625;2625;427;2545;2520;2535;430;2880;0
1120.213061;2622;2625;2615;426;2525;2510;2535;430;2880;0
1120.71307;2622;2625;2625;427;2525;2520;2525;430;2880;0
1121.213501;2622;2625;2615;427;2525;2520;2525;430;2883;0
1121.712855;2622;2625;2615;427;2525;2520;2535;430;2883;0
1122.213071;2622;2625;2615;427;2525;2520;2525;430;2877;0
1122.713256;2602;2625;2615;427;2525;2520;2535;430;2877;0
1123.213487;2602;2625;2615;427;2525;2520;2535;430;2877;0
1123.713725;2632;2625;2615;427;2535;2520;2525;430;2880;0
1124.212377;2622;2625;2615;427;2525;2520;2520;430;2880;0
1124.713334;2632;2615;2615;429;2535;2510;2535;430;2880;0
1125.213503;2622;2625;2615;427;2525;2520;2525;430;2880;0
1125.713404;2602;2615;2615;427;2505;2510;2535;430;2877;0
1126.211007;2602;2615;2615;427;2525;2520;2525;430;2883;0
1126.713114;2602;2625;2615;427;2525;2520;2525;431;2877;0
1127.212968;2612;2615;2615;426;2535;2510;2535;430;2880;0
1127.713936;2622;2615;2615;427;2505;2520;2525;431;2877;0
1128.213045;2622;2615;2615;427;2505;2510;2525;431;2877;0
1128.711867;2622;2615;2615;427;2525;2510;2525;430;2880;0
1129.213206;2602;2615;2605;427;2525;2510;2525;430;2883;0
1129.713285;2602;2615;2615;427;2525;2510;2535;430;2877;0
1130.212302;2612;2615;2605;427;2535;2510;2535;430;2880;0
1130.712877;2602;2615;2605;427;2525;2510;2525;430;2880;0
1131.214063;2612;2615;2605;427;2535;2510;2525;430;2877;0
1131.713086;2622;2605;2605;427;2505;2510;2525;430;2877;0
1132.212064;2602;2615;2605;427;2525;2520;2525;430;2880;0
1132.712829;2602;2615;2605;427;2505;2510;2535;430;2877;0
1133.212996;2602;2615;2605;427;2505;2510;2535;430;2877;0
1133.713306;2602;2605;2605;427;2505;2510;2525;430;2880;0
1134.212394;2632;2615;2605;426;2535;2510;2525;430;2880;0
1134.713008;2602;2615;2605;427;2525;2520;2545;430;2880;0
1135.212367;2602;2605;2605;427;2525;2520;2525;430;2880;0
1135.712157;2602;2605;2605;427;2505;2510;2525;430;2880;0
1136.212855;2602;2605;2605;427;2525;2510;2525;430;2877;0
1136.712873;2602;2615;2605;428;2525;2520;2525;430;2883;0
1137.213125;2602;2605;2605;428;2505;2510;2535;430;2877;0
1137.712452;2602;2605;2600;427;2505;2510;2525;430;2877;0
1138.213594;2632;2605;2600;427;2535;2510;2535;430;2877;0
1138.713527;2602;2605;2600;427;2525;2510;2525;430;2883;0
1139.212998;2622;2605;2600;428;2505;2510;2525;430;2880;0
1139.713293;2602;2605;2600;427;2525;2510;2525;430;2880;0
1140.213866;2612;2605;2600;427;2535;2510;2525;430;2877;0
1140.713315;2602;2605;2600;427;2525;2500;2525;431;2877;0
1141.213371;2612;2605;2600;427;2535;2510;2525;431;2880;0
1141.712919;2602;2600;2600;427;2505;2510;2525;430;2877;0
1142.213248;2602;2600;2600;427;2525;2500;2525;430;2877;0
1142.712506;2602;2600;2600;428;2525;2500;2535;430;2880;0
1143.213355;2622;2600;2600;427;2525;2500;2525;431;2880;0
1143.712874;2602;2600;2600;427;2525;2500;2525;430;2883;0
1144.213403;2602;2600;2600;427;2525;2500;2525;431;2877;0
1144.712672;2585;2600;2590;427;2505;2500;2525;430;2883;0
1145.213101;2585;2600;2600;427;2505;2500;2525;430;2880;0
1145.71283;2575;2600;2590;428;2515;2500;2525;432;2883;0
1146.213336;2585;2600;2590;426;2505;2500;2525;430;2880;0
1146.713394;2585;2600;2600;428;2505;2500;2525;430;2877;0
1147.213217;2585;2600;2590;427;2505;2500;2525;431;2877;0
1147.712881;2602;2600;2600;427;2525;2500;2525;429;2880;0
1148.21245;2602;2600;2600;428;2505;2500;2520;430;2877;0
1148.713376;2602;2600;2590;427;2505;2500;2525;430;2877;0
1149.213074;2602;2600;2590;427;2525;2500;2520;430;2877;0
1149.712413;2585;2600;2600;428;2525;2500;2525;430;2883;0
1150.212895;2602;2600;2590;428;2505;2500;2520;430;2880;0
1150.713123;2612;2600;2590;428;2535;2500;2520;430;2880;0
1151.212899;2602;2600;2590;428;2525;2500;2525;431;2880;0
1151.713169;2602;2590;2590;427;2505;2500;2520;430;2877;0
1152.212971;2602;2600;2590;428;2525;2500;2525;430;2877;0
1152.71356;2585;2590;2590;428;2505;2500;2525;431;2880;0
1153.213318;2585;2590;2590;428;2525;2500;2520;430;2877;0
1153.712952;2585;2600;2590;428;2525;2500;2525;430;2877;0
1154.213015;2602;2590;2600;427;2505;2500;2520;430;2877;0
1154.7125;2602;2600;2590;428;2525;2500;2520;430;2880;0
1155.213171;2585;2590;2590;428;2505;2500;2535;430;2877;0
1155.713741;2585;2600;2580;427;2525;2500;2520;430;2880;0
1156.21225;2585;2590;2590;427;2525;2500;2525;431;2880;0
1156.713022;2585;2590;2590;427;2525;2490;2525;431;2877;0
1157.213477;2585;2590;2590;428;2505;2500;2525;431;2877;0
1157.713448;2612;2590;2590;427;2515;2500;2525;430;2877;0
1158.212141;2585;2600;2590;428;2525;2500;2520;430;2877;0
1158.712375;2602;2600;2590;427;2505;2500;2525;431;2877;0
1159.213019;2602;2600;2590;428;2525;2500;2525;431;2880;0
1159.712819;2585;2590;2590;428;2505;2500;2520;431;2880;0
1160.213051;2602;2590;2590;428;2525;2500;2520;430;2883;0
1160.711119;2565;2590;2580;428;2505;2500;2525;431;2877;0
1161.213179;2585;2590;2580;428;2505;2490;2520;430;2880;0
1161.712259;2585;2590;2590;427;2505;2500;2525;431;2883;0
1162.212666;2565;2590;2590;428;2505;2500;2520;431;2880;0
1162.713656;2585;2590;2590;428;2505;2500;2520;430;2877;0
1163.212712;2585;2590;2580;428;2525;2500;2520;431;2880;0
1163.713706;2585;2590;2580;428;2505;2500;2525;430;2880;0
1164.212752;2585;2590;2580;428;2505;2500;2525;430;2877;0
1164.71246;2585;2600;2590;428;2505;2500;2520;431;2877;0
1165.213421;2565;2600;2580;428;2505;2510;2510;431;2883;0
1165.713063;2575;2590;2580;428;2515;2510;2525;431;2877;0
1166.213128;2565;2590;2590;428;2525;2500;2520;431;2877;0
1166.713418;2585;2590;2590;428;2505;2500;2520;431;2883;0
1167.212204;2565;2590;2580;428;2505;2510;2520;430;2877;0
1167.713229;2585;2590;2580;428;2505;2500;2520;432;2877;0
1168.213492;2585;2590;2580;428;2505;2500;2520;431;2877;0
1168.71349;2602;2590;2580;428;2505;2500;2520;430;2880;0
1169.213392;2585;2590;2580;428;2505;2500;2520;431;2880;0
1169.713302;2602;2590;2590;428;2505;2510;2520;430;2880;0
1170.213412;2585;2590;2580;428;2488;2510;2520;430;2877;0
1170.713248;2585;2590;2580;428;2505;2500;2520;431;2880;0
1171.213591;2565;2590;2590;429;2525;2500;2520;430;2883;0
1171.712569;2585;2590;2580;428;2505;2500;2520;431;2877;0
1172.211479;2585;2590;2580;428;2505;2500;2520;430;2877;0
1172.712938;2585;2580;2580;428;2505;2510;2520;431;2883;0
1173.213224;2585;2590;2580;428;2505;2500;2520;431;2880;0
1173.712699;2585;2580;2580;428;2505;2500;2520;430;2883;0
1174.213383;2585;2580;2580;428;2505;2500;2520;431;2877;0
1174.713267;2565;2590;2580;428;2505;2500;2525;430;2883;0
1175.212973;2585;2580;2580;428;2505;2500;2520;430;2883;0
1175.713808;2565;2580;2580;428;2505;2500;2520;430;2877;0
1176.213215;2565;2580;2580;428;2505;2500;2520;431;2880;0
1176.713062;2565;2580;2580;428;2505;2520;2520;430;2880;0
1177.213192;2565;2580;2570;428;2505;2500;2520;431;2877;0
1177.712528;2585;2580;2570;428;2505;2490;2520;430;2877;0
1178.213774;2565;2580;2570;428;2505;2500;2520;431;2877;0
1178.713293;2585;2570;2570;428;2505;2500;2520;431;2877;0
1179.213059;2565;2580;2580;428;2505;2500;2520;430;2883;0
1179.713552;2585;2580;2570;428;2505;2500;2520;431;2883;0
1180.212623;2565;2580;2570;428;2505;2500;2520;431;2877;0
1180.71334;2585;2580;2570;428;2505;2490;2520;431;2877;0
1181.213079;2565;2580;2570;428;2505;2500;2520;430;2877;0
1181.713322;2565;2580;2570;428;2505;2500;2510;430;2880;0
1182.213431;2585;2580;2570;428;2525;2500;2520;430;2874;0
1182.71349;2565;2580;2570;428;2505;2500;2520;431;2880;0
1183.212964;2565;2580;2570;428;2505;2500;2520;430;2877;0
1183.712716;2585;2580;2570;429;2505;2500;2520;430;2874;0
1184.213433;2585;2570;2570;428;2505;2500;2520;431;2877;0
1184.713123;2585;2580;2570;428;2505;2510;2520;431;2880;0
1185.213504;2565;2580;2570;429;2505;2500;2520;430;2877;0
1185.711239;2585;2580;2570;428;2505;2500;2520;430;2877;0
1186.212877;2565;2580;2570;428;2505;2500;2520;431;2880;0
1186.713093;2565;2580;2570;428;2505;2500;2520;430;2883;0
1187.213075;2565;2570;2570;428;2505;2510;2510;431;2880;0
1187.712785;2585;2580;2570;428;2525;2510;2520;430;2877;0
1188.21233;2585;2580;2570;428;2505;2510;2520;430;2877;0
1188.712842;2565;2570;2570;428;2505;2510;2520;430;2883;0
1189.213137;2565;2580;2570;429;2505;2500;2520;431;2880;0
1189.711791;2565;2570;2570;429;2505;2510;2520;430;2877;0
1190.213401;2585;2580;2570;429;2505;2510;2520;431;2880;0
1190.712415;2565;2570;2565;428;2505;2510;2520;431;2880;0
1191.212535;2565;2580;2570;428;2505;2510;2520;430;2880;0
1191.712539;2565;2580;2570;428;2505;2510;2520;431;2877;0
1192.209814;2585;2580;2570;428;2505;2510;2510;431;2877;0
1192.712442;2555;2570;2565;428;2515;2510;2535;431;2880;0
1193.212723;2565;2570;2570;428;2505;2510;2520;431;2883;0
1193.713111;2565;2580;2570;429;2505;2510;2520;430;2880;0
1194.209943;2585;2580;2570;428;2505;2510;2520;431;2877;0
1194.713411;2565;2570;2570;429;2505;2510;2510;431;2877;0
1195.213098;2565;2580;2555;428;2505;2510;2520;431;2877;0
1195.710827;2585;2580;2565;428;2505;2510;2535;431;2877;0
1196.213349;2565;2565;2570;428;2505;2510;2520;431;2880;0
1196.709828;2565;2580;2570;428;2505;2510;2520;431;2883;0
1197.212044;2565;2580;2570;428;2505;2510;2525;431;2877;0
1197.712307;2565;2580;2570;428;2505;2510;2520;431;2880;0
1198.212662;2575;2580;2570;429;2515;2510;2520;432;2880;0
1198.712872;2575;2570;2570;428;2535;2510;2520;431;2880;0
1199.213304;2575;2570;2570;428;2515;2510;2510;431;2877;0
