Zeit;TE1;TE2;Ush;TMref;TM11;TM12;UBE1;TM21;TM22;UBE2;UCE
0.575599;3;0;4294967256;1024;1012;1012;857;1024;1020;861;1800
1.101158;3;0;4294967255;1024;1012;1013;858;1023;1021;861;1803
1.61917;2;1;4294967255;1025;1012;1014;855;1023;1021;861;1802
2.120285;3;0;4294967254;1025;1012;1014;857;1023;1021;861;1799
2.619339;3;1;4294967255;1025;1012;1014;858;1023;1022;862;1801
3.118887;3;1;4294967255;1024;1012;1015;856;1023;1023;861;1800
3.619265;2;0;4294967256;1024;1012;1013;858;1024;1021;861;1800
4.119389;3;1;4294967256;1025;1011;1014;858;1024;1021;861;1800
4.619499;3;1;4294967257;1024;1013;1014;858;1024;1022;861;1800
5.119242;2;1;4294967256;1025;1012;1013;858;1023;1021;861;1802
5.619596;3;1;4294967255;1024;1014;1014;858;1024;1021;861;1802
6.120004;2;0;4294967257;1025;1013;1014;857;1023;1022;861;1803
6.619101;2;1;4294967255;1025;1012;1014;857;1023;1022;861;1800
7.119993;2;1;4294967253;1025;1012;1014;858;1024;1022;862;1802
7.619685;2;1;4294967256;1024;1012;1014;857;1024;1021;862;1801
8.119222;2;429496729;4294967255;1024;1013;1014;858;1024;1021;861;1802
8.618303;2;0;4294967254;1025;1013;1015;858;1023;1022;861;1801
9.118438;3;0;4294967258;1024;1013;1015;857;1024;1022;862;1800
9.618526;2;0;4294967257;1025;1013;1014;859;1024;1022;861;1800
10.119567;2;1;4294967252;1023;1014;1016;857;1024;1022;861;1801
10.619481;3;0;4294967256;1025;1013;1015;858;1023;1021;861;1801
11.119428;3;1;4294967258;1024;1013;1014;858;1024;1021;865;1802
11.618254;3;0;4294967259;1024;1014;1014;858;1022;1021;861;1804
12.118521;3;0;4294967254;1024;1013;1013;859;1023;1022;862;1801
12.618967;3;0;4294967257;1024;1013;1014;859;1022;1021;861;1800
13.118845;3;0;4294967253;1025;1013;1015;858;1022;1020;860;1803
13.619248;3;1;4294967258;1025;1014;1014;858;1022;1020;861;1802
14.11901;2;0;4294967260;1025;1012;1015;857;1023;1021;860;1802
14.618518;3;0;4294967253;1024;1013;1014;857;1022;1020;861;1802
15.118602;3;0;4294967252;1025;1014;1013;858;1021;1020;861;1800
15.619288;3;1;4294967258;1023;1013;1014;858;1021;1021;861;1803
16.119323;2;0;4294967256;1024;1013;1015;857;1022;1021;861;1801
16.61802;3;1;4294967257;1024;1013;1014;855;1022;1021;861;1799
17.118807;3;0;4294967255;1023;1013;1012;859;1021;1021;861;1799
17.618494;3;1;4696;1024;1013;1013;859;1021;1021;1618;1294
18.119057;2;0;4699;1023;1014;1015;858;1022;1021;1610;1274
18.619604;2;1;4703;1025;1013;1015;858;1021;1018;1603;1262
19.118519;3;1;4695;1024;1013;1015;858;1022;1022;1599;1253
19.61886;2;2;4700;1024;1013;1015;858;1022;1022;1596;1251
20.118282;3;2;4700;1024;1014;1014;858;1022;1022;1592;1245
20.618854;3;3;4699;1024;1014;1015;858;1022;1021;1588;1239
21.118625;1;4;4700;1025;1019;1015;858;1023;1021;1587;1238
21.619079;2;5;4702;1025;1015;1015;858;1023;1021;1583;1234
22.119429;2;7;4694;1023;1014;1016;858;1023;1020;1581;1229
22.618622;2;9;4699;1023;1014;1015;859;1022;1021;1577;1228
23.119376;2;9;4700;1024;1014;1018;859;1024;1019;1576;1224
23.618314;2;12;4697;1024;1015;1016;859;1023;1020;1575;1223
24.11892;2;13;4702;1024;1014;1016;858;1023;1019;1573;1221
24.618555;2;15;4698;1024;1015;1016;859;1022;1020;1571;1217
25.118064;2;16;4704;1024;1015;1016;859;1022;1017;1569;1216
25.618479;2;18;4703;1024;1015;1017;859;1022;1017;1567;1215
26.118248;2;19;4702;1024;1015;1016;858;1024;1016;1566;1209
26.619761;2;21;4700;1023;1015;1016;858;1021;1016;1564;1199
27.119317;2;22;4698;1023;1015;1016;858;1021;1016;1563;1198
27.618462;1;25;4702;1023;1016;1016;859;1019;1014;1562;1196
28.118598;2;27;4699;1024;1015;1016;858;1019;1012;1560;1195
28.619019;2;29;4698;1025;1018;1016;858;1017;1011;1558;1193
29.119184;2;31;4701;1023;1015;1016;859;1016;1009;1559;1191
29.618346;2;33;4700;1023;1016;1017;858;1012;1008;1558;1192
30.11898;2;33;4697;1024;1016;1016;859;1013;1007;1557;1192
30.61886;2;36;4700;1023;1014;1014;858;1012;1005;1555;1187
31.119017;3;38;4698;1024;1014;1016;860;1010;1003;1554;1188
31.619315;2;38;4698;1024;1015;1016;859;1008;1001;1553;1187
32.11881;1;41;4697;1024;1015;1016;858;1007;999;1553;1187
32.618512;2;42;4697;1023;1014;1016;859;1006;997;1551;1184
33.119122;2;44;4705;1024;1014;1016;859;1004;995;1551;1185
33.618525;2;47;4703;1024;1014;1016;858;1001;993;1550;1183
34.11881;1;48;4698;1024;1015;1016;858;1000;992;1548;1184
34.618251;2;49;4706;1024;1014;1017;859;999;989;1548;1182
35.119282;2;50;4701;1028;1015;1015;859;996;990;1548;1184
35.619116;2;52;4694;1023;1014;1016;859;995;985;1546;1182
36.119233;1;54;4698;1023;1015;1016;859;990;982;1546;1183
36.6185;2;55;4699;1024;1015;1017;859;991;981;1544;1182
37.118645;2;57;4697;1024;1011;1016;858;990;978;1545;1181
37.618357;2;59;4702;1023;1017;1017;859;988;977;1543;1179
38.118813;2;60;4699;1024;1015;1016;859;986;974;1542;1179
38.61902;2;61;4698;1023;1016;1016;859;984;972;1542;1177
39.118761;2;62;4698;1023;1016;1016;859;983;969;1539;1179
39.619033;2;63;4697;1022;1015;1016;858;981;966;1541;1176
40.118847;3;65;4696;1025;1015;1017;859;979;965;1541;1177
40.618436;1;66;4698;1025;1016;1017;859;977;962;1538;1175
41.119062;1;69;4697;1023;1015;1017;859;974;959;1539;1174
41.618219;2;69;4699;1024;1016;1017;859;972;957;1539;1173
42.118052;2;71;4696;1024;1016;1017;859;969;953;1538;1172
42.619056;2;71;4698;1024;1017;1017;858;968;950;1534;1174
43.118533;2;73;4693;1023;1016;1017;859;965;950;1537;1175
43.618501;2;75;4698;1024;1015;1014;858;964;945;1536;1172
44.118953;1;76;4697;1024;1016;1017;859;960;943;1535;1171
44.618934;1;77;4700;1023;1015;1016;859;958;940;1535;1172
45.118198;2;77;4698;1025;1016;1017;859;957;938;1534;1171
45.618852;2;79;4696;1024;1015;1017;859;955;937;1534;1169
46.11908;2;80;4697;1023;1016;1017;858;952;932;1534;1168
46.61853;2;82;4700;1024;1015;1017;859;949;929;1533;1169
47.118812;2;82;4693;1024;1016;1017;858;947;926;1533;1168
47.617963;1;83;4698;1024;1016;1017;859;945;924;1532;1171
48.118632;2;85;4694;1024;1016;1017;859;943;926;1531;1170
48.618618;1;86;4700;1024;1016;1018;859;940;918;1530;1170
49.118893;1;87;4699;1024;1013;1017;860;937;917;1530;1169
49.619241;2;88;4699;1024;1016;1018;859;934;913;1529;1167
50.118959;1;88;4699;1024;1016;1015;859;932;911;1529;1166
50.618336;1;90;4698;1024;1015;1017;860;928;908;1528;1169
51.118559;2;91;4700;1025;1015;1016;859;926;905;1528;1166
51.618304;2;92;4699;1024;1015;1017;860;924;901;1528;1164
52.119483;2;92;4694;1024;1016;1017;859;920;899;1524;1168
52.618653;1;94;4698;1024;1016;1016;859;918;897;1526;1164
53.117274;1;95;4696;1024;1017;1017;859;916;893;1527;1163
53.618965;2;96;4703;1025;1016;1017;859;913;891;1526;1163
54.117355;3;97;4699;1023;1016;1017;859;909;888;1525;1166
54.618389;2;98;4697;1024;1015;1017;860;907;886;1524;1164
55.119131;1;98;4704;1024;1016;1017;858;905;883;1524;1164
55.618481;2;99;4698;1024;1016;1017;858;903;880;1524;1164
56.118001;2;99;4700;1024;1015;1017;859;899;877;1524;1162
56.619051;3;101;4700;1024;1020;1018;859;896;874;1522;1163
57.118675;2;102;4698;1024;1015;1017;860;893;871;1522;1163
57.619107;2;103;4701;1025;1015;1018;859;890;869;1522;1161
58.11816;2;103;4697;1024;1015;1017;860;886;867;1522;1161
58.618876;1;104;4697;1024;1015;1017;860;883;864;1520;1162
59.118865;2;105;4698;1025;1016;1017;859;879;861;1522;1160
59.618759;2;106;4699;1025;1016;1017;860;876;856;1521;1160
60.118926;1;107;4702;1024;1015;1017;859;873;857;1519;1159
60.619418;2;108;4694;1024;1015;1018;859;875;853;1520;1161
61.118497;2;108;4699;1024;1014;1018;859;868;851;1518;1160
61.619001;1;110;4698;1024;1016;1017;859;865;848;1519;1157
62.119873;2;110;4696;1024;1014;1018;859;862;846;1518;1161
62.618544;2;111;4696;1023;1014;1018;859;860;842;1518;1158
63.118354;2;111;4699;1024;1013;1018;858;856;840;1517;1156
63.619279;2;112;4699;1025;1016;1018;860;854;839;1516;1156
64.118174;1;113;4696;1025;1016;1019;859;851;835;1517;1156
64.618451;2;114;4697;1024;1016;1017;859;849;833;1516;1158
65.118679;2;114;4697;1025;1015;1017;859;848;835;1516;1155
65.618844;1;115;4697;1023;1016;1017;860;850;833;1515;1159
66.118733;2;115;4699;1025;1014;1017;859;847;830;1515;1154
66.618975;2;116;4698;1023;1015;1017;859;847;828;1515;1155
67.118807;2;117;4698;1023;1013;1018;859;845;827;1515;1154
67.618363;1;117;4702;1025;1016;1017;859;843;824;1514;1154
68.1185;2;118;4696;1025;1016;1018;859;841;821;1514;1153
68.618843;2;119;4700;1024;1015;1017;859;838;818;1512;1156
69.118854;1;120;4696;1025;1015;1018;859;836;816;1513;1155
69.618554;1;120;4696;1025;1016;1018;860;832;815;1512;1156
70.118435;2;120;4696;1025;1016;1018;860;829;811;1512;1155
70.618312;2;122;4697;1024;1016;1017;859;827;809;1511;1155
71.11859;2;122;4695;1025;1016;1018;859;825;807;1511;1155
71.619049;1;122;4697;1024;1016;1017;860;822;804;1510;1154
72.119358;1;123;4697;1024;1014;1017;859;821;802;1510;1158
72.618737;1;124;4696;1024;1015;1018;859;817;799;1510;1151
73.118502;2;125;4697;1025;1015;1018;859;815;797;1510;1150
73.618608;1;125;4696;1023;1015;1018;859;812;796;1508;1151
74.118634;1;126;4695;1022;1015;1018;859;810;795;1508;1151
74.619392;1;126;4695;1024;1017;1018;859;807;792;1508;1151
75.118533;1;127;4695;1024;1014;1018;859;805;789;1508;1147
75.619144;1;128;4698;1024;1016;1018;859;801;787;1507;1147
76.11845;2;129;4694;1025;1015;1017;859;798;784;1508;1146
76.618338;2;129;4699;1024;1014;1017;860;796;782;1506;1150
77.119414;2;130;4699;1024;1015;1018;859;794;779;1506;1144
77.618981;1;130;4698;1023;1015;1018;858;791;777;1506;1148
78.119137;1;131;4696;1024;1016;1017;859;788;775;1505;1145
78.61884;1;131;4696;1024;1017;1017;860;785;771;1505;1147
79.118408;2;132;4696;1023;1015;1017;859;783;770;1505;1144
79.618131;1;133;4694;1024;1015;1018;860;781;768;1504;1143
80.118662;2;133;4698;1023;1015;1018;860;778;767;1505;1146
80.618641;1;134;4696;1024;1015;1017;859;775;765;1507;1143
81.118469;2;134;4697;1023;1015;1017;857;773;762;1504;1142
81.61846;1;135;4693;1023;1016;1017;859;772;759;1503;1142
82.118175;1;135;4698;1024;1012;1018;859;769;758;1503;1142
82.618551;2;136;4700;1024;1017;1018;859;766;755;1503;1141
83.118619;2;137;4693;1024;1016;1017;860;764;751;1503;1142
83.618644;1;137;4696;1024;1015;1017;859;762;751;1502;1141
84.118259;1;137;4696;1024;1014;1017;859;760;748;1502;1140
84.618951;2;138;4695;1024;1016;1017;862;759;747;1503;1141
85.119021;2;139;4694;1024;1015;1018;859;757;744;1502;1141
85.619;2;139;4696;1024;1016;1017;859;756;742;1501;1141
86.118547;2;140;4694;1024;1019;1018;859;756;740;1500;1146
86.618833;1;140;4697;1025;1016;1018;859;753;738;1500;1142
87.118112;1;141;4697;1025;1015;1018;859;755;737;1500;1140
87.619203;1;141;4696;1025;1016;1014;859;754;735;1499;1142
88.118853;1;142;4704;1025;1016;1018;859;752;734;1498;1142
88.619498;1;142;4697;1024;1016;1017;859;752;731;1499;1139
89.118568;1;143;4699;1024;1016;1017;859;750;729;1499;1139
89.618006;1;143;4695;1024;1016;1018;859;749;728;1499;1139
90.117995;1;143;4694;1023;1017;1017;859;747;726;1498;1141
90.618665;2;144;4697;1024;1016;1018;859;744;723;1498;1138
91.118167;1;145;4696;1024;1018;1018;859;743;722;1498;1138
91.621089;1;145;4692;1024;1016;1018;859;740;719;1497;1140
92.11811;1;146;4693;1025;1016;1018;859;739;717;1497;1137
92.618476;2;146;4696;1025;1016;1019;859;738;715;1496;1138
93.118418;2;146;4693;1024;1013;1017;859;735;713;1496;1137
93.617738;2;147;4699;1025;1016;1017;858;733;711;1497;1137
94.11793;2;148;4698;1025;1017;1017;860;730;711;1495;1137
94.619771;1;148;4696;1024;1016;1017;860;730;708;1496;1138
95.118423;2;148;4695;1025;1016;1017;859;727;706;1495;1136
95.61848;1;148;4696;1025;1016;1018;859;723;705;1495;1135
96.119527;2;150;4695;1025;1016;1017;859;721;703;1494;1136
96.618125;2;150;4698;1025;1016;1017;858;718;701;1494;1137
97.118424;1;150;4697;1025;1016;1018;859;715;700;1495;1136
97.617968;1;151;4699;1024;1015;1018;859;714;697;1494;1134
98.117409;1;151;4697;1024;1015;1018;860;711;695;1494;1135
98.618335;1;152;4693;1024;1016;1018;860;707;694;1493;1135
99.118733;2;153;4694;1025;1016;1017;860;705;691;1494;1134
99.618774;1;153;4694;1024;1017;1018;860;702;690;1493;1134
100.118254;2;153;4695;1025;1017;1017;858;701;688;1493;1133
100.619319;2;154;4697;1024;1016;1018;859;700;686;1492;1134
101.118553;1;155;4697;1024;1017;1017;860;700;685;1491;1137
101.618595;1;155;4694;1025;1015;1018;859;697;683;1492;1132
102.120197;1;155;4699;1024;1016;1017;859;696;681;1491;1133
102.618526;1;156;4693;1025;1016;1018;859;693;679;1492;1133
103.118396;1;156;4693;1025;1018;1018;859;691;678;1490;1136
103.618621;2;157;4692;1024;1016;1019;859;689;677;1490;1132
104.117457;1;157;4693;1025;1016;1018;859;688;677;1489;1133
104.619391;1;158;4695;1024;1015;1018;859;686;673;1489;1131
105.118571;1;158;4697;1024;1016;1017;860;683;672;1488;1132
105.618677;2;159;4695;1023;1017;1016;860;681;671;1489;1132
106.118626;2;159;4697;1025;1015;1017;859;681;670;1489;1133
106.618787;2;159;4696;1024;1021;1018;859;680;668;1488;1133
107.118655;2;159;4693;1024;1015;1017;859;679;670;1488;1132
107.61939;1;160;4697;1025;1016;1018;859;681;666;1487;1131
108.118342;1;161;4693;1024;1016;1017;859;680;664;1489;1131
108.618471;1;161;4698;1024;1017;1017;860;680;662;1488;1130
109.118442;2;161;4698;1024;1015;1018;859;680;661;1487;1131
109.619671;1;162;4696;1024;1017;1017;859;680;659;1487;1130
110.118522;1;162;4695;1024;1016;1018;859;678;659;1486;1134
110.618604;1;163;4698;1023;1016;1017;860;678;657;1485;1130
111.118952;1;163;4699;1025;1016;1017;859;678;655;1486;1130
111.618907;2;163;4694;1024;1015;1017;860;676;653;1486;1130
112.118844;1;164;4698;1024;1015;1017;859;675;652;1485;1133
112.61879;1;164;4697;1024;1016;1017;859;673;650;1485;1129
113.119087;1;165;4695;1024;1016;1018;859;672;649;1484;1130
113.619194;0;165;4695;1024;1015;1017;860;671;649;1484;1129
114.119027;1;165;4696;1023;1016;1018;859;671;647;1484;1131
114.619624;1;166;4698;1024;1016;1017;859;670;645;1484;1131
115.119139;2;166;4697;1024;1014;1018;859;669;645;1484;1131
115.619146;1;166;4697;1022;1017;1018;860;667;644;1484;1130
116.119402;1;167;4695;1024;1016;1020;860;666;641;1484;1131
116.619358;1;168;4694;1024;1016;1017;859;665;641;1483;1130
117.118356;2;167;4696;1024;1015;1017;860;664;640;1482;1130
117.618206;1;169;4694;1024;1017;1018;859;661;638;1482;1128
118.118696;2;168;4700;1024;1017;1018;859;656;637;1483;1128
118.618666;0;169;4694;1025;1015;1019;858;656;635;1481;1127
119.119186;1;169;4695;1024;1016;1019;860;656;634;1478;1130
119.618942;1;170;4695;1025;1016;1019;859;656;631;1481;1127
120.118963;1;170;4696;1024;1016;1019;860;655;631;1481;1131
120.619093;1;171;4695;1024;1016;1019;859;655;629;1481;1128
121.118731;1;171;4696;1024;1018;1018;860;655;627;1481;1130
121.617945;1;171;4699;1022;1016;1018;859;655;626;1481;1128
122.119435;1;172;4696;1024;1016;1018;860;655;625;1480;1127
122.61925;2;172;4698;1025;1017;1018;859;654;624;1480;1127
123.118733;1;173;4694;1024;1016;1018;860;652;622;1479;1126
123.618968;1;173;4696;1024;1020;1018;859;650;622;1479;1128
124.11924;1;174;4697;1024;1015;1017;860;648;620;1478;1126
124.618769;1;174;4696;1024;1017;1019;860;646;619;1478;1129
125.119325;1;174;4695;1024;1017;1019;859;645;617;1478;1129
125.618526;1;174;4696;1024;1016;1018;859;642;616;1478;1126
126.119203;2;174;4698;1024;1016;1019;860;640;615;1479;1126
126.618751;2;175;4695;1025;1016;1018;859;640;613;1479;1128
127.118536;1;175;4694;1024;1015;1018;860;639;613;1478;1128
127.61968;2;176;4695;1025;1015;1018;859;638;611;1477;1127
128.119332;1;176;4696;1024;1016;1018;860;637;611;1477;1126
128.618759;2;176;4696;1024;1016;1018;860;635;609;1477;1127
129.117972;2;176;4699;1023;1016;1019;859;635;608;1478;1124
129.619307;1;177;4695;1025;1016;1019;859;634;608;1476;1121
130.118972;1;177;4701;1024;1016;1018;859;634;606;1477;1126
130.619038;1;178;4697;1025;1016;1018;860;633;604;1476;1124
131.118518;1;178;4698;1024;1017;1017;859;634;604;1476;1124
131.618759;1;179;4697;1025;1017;1018;860;633;603;1476;1127
132.119263;1;179;4692;1024;1017;1019;859;632;602;1476;1125
132.619447;2;180;4696;1024;1016;1018;860;632;600;1475;1124
133.118863;1;180;4697;1025;1017;1018;862;633;599;1476;1127
133.618577;1;180;4696;1024;1018;1019;860;632;598;1474;1123
134.118958;1;180;4698;1029;1016;1019;859;632;599;1474;1125
134.618446;2;181;4696;1024;1016;1019;860;631;596;1474;1124
135.11941;1;181;4696;1025;1016;1019;860;629;595;1474;1126
135.619364;1;182;4697;1024;1016;1019;860;630;595;1475;1123
136.119078;1;182;4694;1024;1017;1019;860;628;593;1474;1123
136.618835;2;183;4694;1025;1017;1020;859;627;593;1474;1121
137.118745;2;182;4691;1027;1017;1019;859;626;591;1473;1123
137.618533;0;182;4694;1024;1017;1018;857;624;590;1473;1125
138.119032;1;183;4698;1024;1016;1018;859;622;589;1473;1121
138.618487;1;183;4696;1024;1017;1018;861;620;588;1472;1123
139.119121;1;183;4698;1024;1016;1019;859;619;588;1473;1125
139.618863;1;184;4696;1022;1016;1018;860;617;588;1473;1123
140.118915;1;184;4693;1024;1016;1019;859;616;586;1472;1124
140.61904;1;184;4699;1024;1017;1019;859;617;584;1472;1121
141.118325;2;185;4695;1024;1016;1018;860;615;583;1472;1120
141.619146;1;185;4699;1023;1016;1018;860;614;583;1471;1122
142.119058;1;186;4698;1025;1016;1019;859;613;583;1471;1123
142.619303;1;186;4692;1025;1016;1019;859;613;581;1472;1122
143.117831;1;186;4696;1023;1016;1020;859;613;580;1471;1123
143.619019;1;187;4694;1025;1018;1018;859;611;580;1471;1123
144.118419;1;187;4696;1025;1016;1022;860;611;579;1470;1122
144.619315;2;187;4694;1025;1016;1019;858;609;578;1470;1119
145.119092;1;187;4699;1024;1016;1018;859;608;577;1470;1121
145.618126;1;187;4694;1025;1017;1018;859;606;576;1470;1122
146.118886;1;188;4695;1025;1017;1019;860;607;575;1470;1119
146.618914;1;188;4695;1024;1017;1019;860;606;573;1470;1120
147.11849;1;189;4696;1024;1018;1019;860;604;573;1470;1121
147.618876;1;189;4695;1025;1017;1018;860;603;572;1470;1120
148.117963;1;189;4695;1025;1017;1018;860;603;572;1468;1119
148.619062;1;190;4699;1026;1019;1018;860;601;570;1467;1119
149.119273;2;190;4692;1026;1016;1018;860;601;568;1469;1121
149.619338;1;190;4697;1023;1017;1018;859;599;568;1469;1121
150.119347;1;190;4696;1025;1017;1018;859;598;567;1469;1122
150.61853;1;190;4699;1025;1017;1019;860;596;567;1468;1119
151.119418;2;191;4698;1025;1015;1019;859;596;566;1468;1118
151.618547;2;191;4699;1025;1016;1014;859;595;565;1467;1121
152.117004;1;191;4697;1025;1016;1018;859;596;563;1468;1121
152.618265;2;192;4695;1026;1017;1019;860;595;563;1468;1119
153.11913;1;192;4694;1025;1017;1019;859;595;561;1468;1121
153.619112;1;192;4698;1025;1017;1021;860;594;562;1468;1120
154.119339;2;192;4697;1025;1017;1020;859;593;561;1467;1119
154.619317;1;193;4699;1026;1017;1020;859;594;557;1467;1118
155.118505;2;193;4695;1025;1015;1019;859;593;560;1467;1119
155.618949;1;193;4693;1025;1017;1020;860;592;559;1466;1118
156.119575;1;194;4698;1025;1016;1020;859;592;558;1466;1119
156.619037;1;194;4695;1025;1016;1021;860;592;557;1467;1118
157.119797;2;194;4694;1026;1016;1020;859;591;556;1467;1118
157.619258;1;194;4693;1025;1017;1019;859;591;556;1466;1117
158.120341;1;194;4691;1025;1016;1020;859;590;555;1465;1120
158.618272;1;195;4696;1025;1017;1020;859;589;555;1465;1119
159.119479;2;196;4695;1025;1020;1019;860;589;553;1465;1118
159.618062;1;196;4700;1024;1017;1020;859;590;553;1465;1120
160.119645;1;196;4697;1024;1018;1021;859;589;552;1466;1116
160.619518;1;196;4698;1024;1017;1020;860;589;551;1465;1119
161.119103;1;196;4698;1026;1017;1019;860;590;549;1466;1118
161.619421;1;197;4696;1025;1017;1021;859;589;549;1464;1113
162.119155;1;197;4695;1025;1018;1020;859;590;549;1465;1120
162.619159;1;197;4698;1026;1017;1019;860;590;547;1464;1117
163.119288;1;198;4697;1027;1018;1019;859;590;547;1464;1119
163.619207;1;197;4695;1026;1018;1020;859;587;546;1464;1117
164.119562;2;198;4695;1026;1017;1019;860;588;545;1463;1118
164.619255;1;198;4694;1026;1017;1019;860;586;545;1463;1118
165.119456;2;198;4693;1026;1018;1019;859;586;544;1463;1118
165.619156;1;199;4697;1026;1018;1019;860;585;544;1463;1117
166.11942;2;199;4694;1027;1018;1020;860;583;542;1464;1119
166.619658;2;199;4698;1026;1017;1019;859;582;542;1462;1117
167.119486;2;199;4697;1026;1017;1020;859;583;541;1462;1116
167.618553;1;200;4699;1026;1017;1019;860;582;540;1463;1117
168.119029;1;200;4701;1027;1017;1019;859;581;540;1464;1119
168.619394;1;200;4696;1026;1016;1019;860;580;538;1462;1115
169.119074;2;200;4697;1026;1017;1015;860;580;537;1462;1115
169.619552;1;201;4697;1027;1016;1020;859;580;537;1462;1118
170.119133;1;201;4694;1026;1017;1019;859;579;537;1464;1117
170.619449;1;201;4695;1026;1017;1020;859;580;535;1462;1115
171.119283;1;201;4696;1026;1017;1019;860;579;535;1462;1117
171.619426;1;202;4696;1026;1017;1020;860;578;535;1462;1115
172.118672;2;203;4699;1026;1018;1020;859;579;533;1461;1114
172.61922;1;202;4698;1026;1018;1020;859;577;533;1458;1115
173.118227;2;203;4698;1027;1018;1019;859;576;533;1461;1115
173.618499;1;202;4694;1026;1017;1020;859;576;532;1460;1115
174.119352;1;203;4695;1025;1018;1019;860;575;530;1462;1118
174.619355;1;203;4696;1026;1017;1020;859;575;531;1461;1116
175.119201;1;204;4696;1026;1016;1020;859;574;530;1461;1116
175.61904;1;204;4695;1026;1017;1021;859;574;530;1461;1118
176.117716;1;204;4694;1026;1017;1020;859;574;529;1460;1115
176.619609;1;204;4696;1025;1016;1020;860;573;529;1460;1118
177.119847;2;204;4697;1025;1017;1020;860;573;529;1460;1118
177.618844;1;205;4697;1025;1017;1020;859;573;531;1459;1115
178.118356;1;205;4695;1026;1018;1020;859;573;527;1460;1114
178.619152;2;205;4695;1025;1017;1019;860;572;525;1460;1115
179.119317;2;206;4696;1026;1018;1016;860;571;525;1459;1113
179.619099;2;206;4695;1025;1017;1019;860;569;525;1459;1118
180.119377;0;206;4693;1026;1017;1018;860;567;524;1459;1117
180.619622;1;206;4696;1026;1017;1019;859;565;524;1459;1114
181.119664;1;206;4698;1026;1018;1020;859;563;522;1459;1115
181.618968;2;206;4698;1025;1017;1020;859;561;522;1459;1113
182.119442;2;206;4694;1025;1017;1019;860;559;521;1459;1116
182.619443;1;207;4694;1025;1017;1019;859;557;520;1459;1114
183.119441;2;207;4697;1025;1017;1020;859;555;521;1458;1116
183.619279;1;207;4697;1026;1017;1019;860;555;520;1458;1114
184.118983;2;208;4695;1026;1017;1019;860;553;519;1458;1114
184.61912;1;208;4699;1024;1016;1019;859;551;519;1458;1116
185.119135;1;208;4700;1025;1016;1019;859;552;518;1457;1116
185.619144;1;209;4698;1025;1017;1020;859;551;518;1458;1113
186.119332;2;209;4699;1026;1017;1020;859;551;517;1457;1116
186.619524;1;209;4696;1026;1016;1020;860;549;517;1457;1113
187.119291;2;209;4697;1026;1017;1020;859;548;516;1458;1113
187.619065;1;209;4701;1026;1017;1019;859;551;515;1457;1115
188.119066;2;209;4698;1024;1017;1020;859;548;514;1458;1115
188.617204;1;210;4699;1025;1016;1019;859;547;514;1457;1113
189.118376;2;209;4697;1025;1017;1019;859;548;509;1457;1115
189.617638;1;209;4697;1026;1016;1020;859;548;512;1457;1113
190.119184;2;211;4697;1025;1015;1019;859;546;512;1456;1114
190.619441;2;210;4696;1026;1016;1020;859;545;512;1456;1114
191.119432;1;211;4699;1026;1017;1020;859;546;510;1456;1114
191.619389;2;210;4696;1026;1016;1020;858;544;510;1456;1112
192.119864;1;211;4694;1026;1016;1019;859;543;510;1456;1114
192.61933;2;210;4695;1027;1016;1020;859;543;509;1456;1114
193.11933;2;211;4695;1026;1014;1020;859;543;508;1456;1111
193.617497;2;211;4695;1025;1016;1019;859;542;509;1455;1112
194.118954;1;212;4696;1025;1016;1016;859;541;508;1455;1111
194.619017;1;212;4697;1025;1016;1019;859;543;506;1455;1111
195.118453;1;212;4699;1025;1016;1019;859;540;506;1455;1115
195.619244;2;212;4697;1025;1017;1019;859;542;506;1455;1112
196.11933;1;213;4697;1025;1017;1019;859;540;505;1454;1113
196.619207;2;213;4699;1025;1017;1020;859;540;505;1455;1112
197.119288;2;213;4697;1025;1016;1019;860;540;505;1455;1112
197.619434;1;213;4696;1026;1016;1019;859;541;505;1454;1114
198.119585;1;213;4699;1025;1015;1020;860;540;505;1454;1115
198.61967;2;213;4694;1026;1017;1019;860;540;504;1455;1113
199.119198;2;213;4704;1026;1016;1019;860;540;501;1454;1112
199.619456;1;214;4694;1026;1016;1019;859;540;502;1454;1113
200.119318;1;214;4698;1025;1017;1017;860;540;502;1454;1110
200.618977;1;214;4698;1026;1017;1019;859;541;502;1454;1112
201.11822;1;215;4697;1026;1016;1020;860;541;501;1454;1111
201.619653;2;215;4696;1026;1017;1019;859;540;501;1454;1112
202.119327;1;214;4693;1025;1017;1019;860;539;500;1453;1111
202.618476;1;214;4698;1026;1016;1019;860;540;500;1453;1111
203.119222;1;215;4699;1026;1017;1019;859;540;499;1454;1111
203.619374;1;216;4699;1026;1016;1019;859;540;498;1454;1110
204.120054;1;216;4697;1025;1016;1020;859;542;499;1453;1113
204.618577;2;215;4694;1026;1016;1020;860;542;497;1453;1112
205.119568;2;216;4699;1025;1017;1019;859;541;498;1453;1113
205.619119;2;216;4699;1025;1018;1022;860;541;498;1453;1113
206.119251;2;216;4699;1026;1017;1021;859;543;498;1453;1111
206.619707;2;216;4697;1025;1017;1020;859;542;496;1453;1108
207.119661;1;217;4698;1026;1016;1020;859;543;497;1453;1110
207.619477;2;216;4699;1026;1017;1021;859;543;496;1452;1111
208.119851;2;217;4698;1026;1017;1020;858;543;495;1452;1110
208.619458;1;217;4694;1026;1017;1019;860;541;495;1452;1113
209.119592;2;217;4699;1025;1013;1020;858;541;496;1451;1113
209.619601;1;217;4698;1026;1016;1021;859;541;494;1452;1112
210.119451;1;218;4697;1026;1017;1020;859;542;493;1452;1112
210.61852;1;217;4697;1025;1017;1020;859;542;489;1452;1113
211.119038;1;218;4694;1026;1016;1020;860;541;492;1452;1109
211.61921;1;218;4701;1026;1018;1020;860;541;492;1452;1110
212.119462;2;218;4696;1026;1017;1020;859;541;492;1451;1110
212.619516;2;218;4697;1026;1017;1020;859;540;492;1452;1110
213.119445;2;218;4699;1026;1017;1021;859;539;491;1451;1111
213.620001;2;218;4695;1025;1018;1020;859;540;490;1452;1109
214.119817;2;219;4695;1026;1017;1020;859;539;491;1451;1107
214.619802;2;218;4699;1025;1017;1021;860;538;490;1451;1112
215.118908;2;219;4700;1026;1017;1019;860;537;490;1451;1109
215.619402;1;219;4699;1026;1017;1020;859;538;490;1455;1110
216.118014;1;219;4700;1025;1018;1020;858;536;489;1450;1110
216.619496;1;219;4696;1030;1016;1020;860;534;488;1451;1109
217.11943;2;219;4696;1025;1018;1019;860;535;489;1450;1110
217.619381;1;219;4701;1026;1017;1020;860;535;487;1451;1109
218.119824;2;219;4696;1026;1017;1020;860;535;487;1450;1110
218.61964;2;220;4696;1026;1017;1020;859;535;487;1451;1110
219.118989;2;221;4694;1025;1017;1020;859;533;487;1450;1111
219.619486;2;220;4694;1025;1017;1021;859;534;486;1450;1111
220.119414;2;220;4698;1025;1017;1021;859;533;485;1450;1110
220.619361;2;220;4698;1024;1015;1020;860;533;486;1450;1110
221.119716;3;221;4695;1025;1017;1021;859;533;485;1450;1109
221.619578;2;221;4696;1030;1017;1020;859;531;485;1450;1110
222.11903;2;221;4694;1026;1018;1020;859;531;485;1450;1111
222.619443;1;221;4694;1025;1017;1021;859;530;485;1450;1110
223.119512;2;222;4696;1026;1017;1021;859;530;485;1450;1111
223.619366;2;221;4697;1026;1018;1021;859;532;485;1449;1108
224.119978;1;222;4693;1026;1017;1021;859;531;484;1451;1107
224.617276;1;222;4690;1026;1017;1020;859;530;485;1450;1109
225.119666;3;222;4701;1025;1016;1020;859;529;484;1449;1113
225.618959;1;223;4697;1026;1018;1020;859;530;482;1448;1108
226.119448;2;223;4695;1025;1017;1021;859;531;482;1449;1107
226.619806;2;223;4700;1026;1017;1020;859;530;484;1453;1107
227.11904;1;222;4694;1025;1017;1020;859;530;482;1448;1110
227.61911;2;223;4695;1026;1017;1022;860;530;481;1449;1107
228.118296;1;222;4693;1026;1017;1020;859;530;480;1449;1111
228.619676;2;223;4694;1026;1017;1020;859;530;480;1449;1109
229.119312;2;223;4698;1025;1017;1020;859;529;480;1449;1108
229.619644;2;223;4698;1025;1016;1020;859;528;480;1450;1110
230.120106;2;223;4697;1025;1015;1020;859;526;479;1448;1110
230.620202;1;224;4695;1025;1017;1020;859;525;480;1449;1107
231.119358;1;224;4698;1026;1017;1019;859;522;480;1448;1107
231.619295;2;224;4697;1025;1016;1020;859;519;480;1449;1108
232.119766;2;224;4694;1025;1017;1020;859;517;479;1448;1108
232.619446;2;224;4698;1024;1017;1019;859;516;478;1449;1108
233.119765;2;224;4698;1025;1016;1019;859;514;479;1448;1109
233.619349;1;223;4698;1026;1016;1020;859;513;477;1448;1107
234.119573;2;224;4693;1025;1016;1019;859;511;477;1449;1109
234.618816;2;224;4696;1025;1016;1020;858;510;477;1448;1111
235.119146;1;223;4698;1025;1016;1019;859;509;478;1448;1109
235.619184;1;224;4695;1025;1016;1020;860;509;477;1452;1108
236.119878;2;223;4694;1025;1015;1019;859;510;476;1447;1110
236.619019;1;224;4694;1025;1016;1020;859;509;476;1447;1107
237.118349;2;224;4697;1025;1017;1019;859;509;476;1445;1106
237.618316;1;225;4700;1025;1016;1020;860;509;475;1447;1110
238.119417;2;225;4700;1024;1016;1020;859;507;475;1448;1110
238.618382;2;225;4696;1025;1015;1020;859;506;474;1447;1110
239.119264;1;225;4698;1025;1016;1022;859;505;474;1448;1105
239.619;1;225;4696;1025;1015;1019;860;504;473;1448;1107
240.119514;2;225;4696;1024;1015;1020;858;501;473;1447;1107
240.619383;2;225;4692;1025;1014;1020;858;501;474;1447;1107
241.119935;2;226;4698;1025;1015;1019;859;499;472;1447;1107
241.618434;2;226;4697;1026;1015;1019;860;496;472;1447;1111
242.119522;2;225;4698;1025;1014;1019;859;494;471;1447;1107
242.619809;2;226;4697;1025;1014;1019;860;494;472;1448;1108
243.118932;2;226;4695;1025;1014;1020;859;494;469;1447;1108
243.618565;2;226;4698;1025;1015;1018;859;493;471;1446;1107
244.118489;2;226;4695;1025;1014;1019;860;492;472;1447;1106
244.619068;2;226;4698;1025;1013;1019;859;489;471;1447;1110
245.119061;2;226;4702;1025;1013;1019;860;489;470;1446;1106
245.617036;2;227;4693;1025;1014;1018;859;487;470;1446;1110
246.119977;2;227;4704;1023;1013;1019;859;485;469;1446;1106
246.619817;1;227;4695;1026;1014;1019;859;485;468;1446;1107
247.119407;2;227;4697;1025;1014;1018;859;485;468;1446;1108
247.619032;2;227;4695;1025;1013;1018;859;482;468;1446;1110
248.119794;2;227;4697;1025;1016;1018;859;483;467;1446;1109
248.616969;2;227;4696;1026;1013;1019;859;483;466;1446;1106
249.119474;2;228;4695;1024;1013;1017;858;481;465;1445;1106
249.619084;2;228;4699;1026;1014;1018;858;482;465;1446;1106
250.119553;2;228;4698;1025;1013;1018;860;483;463;1446;1104
250.619361;2;228;4698;1026;1013;1018;859;484;464;1445;1109
251.120457;1;228;4696;1025;1013;1017;859;485;465;1445;1109
251.619073;2;229;4703;1025;1015;1018;858;485;463;1445;1108
252.120166;1;228;4694;1025;1014;1017;859;486;463;1445;1107
252.618863;2;228;4697;1026;1014;1017;862;487;462;1445;1108
253.119532;2;228;4699;1025;1014;1018;859;487;462;1444;1107
253.619354;3;229;4698;1025;1015;1017;859;488;461;1446;1107
254.119471;1;229;4698;1025;1014;1017;858;489;461;1445;1106
254.619481;2;229;4696;1025;1013;1017;858;489;461;1445;1107
255.118624;3;229;4698;1025;1014;1017;859;490;460;1445;1107
255.619723;2;230;4697;1025;1017;1017;859;491;461;1445;1106
256.119641;2;229;4698;1026;1014;1018;859;491;461;1445;1109
256.619216;2;230;4697;1025;1013;1018;859;493;460;1444;1110
257.119361;1;230;4699;1023;1015;1017;858;494;460;1445;1106
257.619683;2;230;4697;1025;1015;1017;858;494;460;1445;1108
258.119342;2;230;4703;1025;1014;1018;859;495;460;1444;1105
258.618524;2;230;4693;1025;1014;1017;859;494;460;1444;1109
259.11942;2;230;4698;1025;1015;1018;859;494;459;1444;1107
259.620156;2;231;4700;1025;1015;1017;859;494;460;1444;1107
260.119375;1;230;4699;1026;1015;1017;859;493;460;1444;1107
260.619477;2;230;4694;1025;1014;1017;860;493;459;1444;1106
261.119728;2;230;4699;1025;1016;1017;859;493;459;1444;1106
261.619599;2;231;4698;1026;1015;1017;859;493;459;1443;1105
262.119834;2;231;4700;1026;1014;1018;859;493;459;1444;1105
262.619114;2;231;4699;1025;1014;1017;859;493;460;1443;1102
263.118984;2;231;4701;1025;1014;1018;859;494;459;1444;1105
263.619159;3;231;4698;1025;1015;1018;859;492;459;1443;1104
264.119437;2;231;4695;1025;1015;1018;859;492;459;1443;1106
264.619319;2;231;4694;1025;1014;1018;858;491;460;1444;1107
265.120065;2;231;4697;1025;1015;1018;859;491;459;1444;1104
265.618841;2;231;4700;1025;1014;1017;859;491;458;1443;1107
266.1195;2;231;4699;1026;1013;1017;859;488;457;1443;1105
266.617934;2;232;4698;1025;1013;1017;859;489;458;1443;1106
267.118905;2;232;4698;1025;1013;1019;859;489;458;1443;1102
267.619334;2;231;4695;1025;1014;1018;859;489;456;1444;1104
268.119247;2;232;4701;1026;1014;1018;857;489;456;1442;1108
268.619415;2;232;4694;1025;1014;1017;858;489;456;1443;1107
269.11898;2;232;4696;1025;1014;1018;857;489;456;1443;1105
269.619404;2;232;4695;1026;1014;1018;859;487;455;1443;1107
270.119523;2;232;4698;1026;1014;1017;859;486;454;1443;1104
270.619929;2;231;4694;1026;1014;1018;859;486;454;1442;1105
271.119562;3;232;4696;1026;1013;1020;858;485;453;1443;1104
271.619122;2;233;4693;1026;1014;1018;858;484;453;1442;1107
272.11934;2;233;4693;1025;1014;1016;859;484;454;1443;1108
272.619511;2;232;4695;1025;1014;1018;858;484;454;1443;1105
273.119593;2;233;4696;1025;1014;1017;859;485;454;1442;1105
273.619563;3;233;4699;1025;1014;1017;858;482;454;1443;1107
274.119306;3;233;4694;1025;1013;1017;857;485;454;1443;1104
274.619487;2;233;4693;1025;1013;1017;858;484;454;1442;1103
275.119248;2;233;4696;1026;1014;1018;858;484;453;1442;1107
275.619532;2;234;4698;1026;1013;1017;859;486;453;1442;1104
276.118644;2;233;4693;1026;1014;1018;858;487;452;1442;1107
276.619123;2;234;4695;1025;1014;1017;859;487;453;1441;1107
277.119512;2;234;4697;1025;1013;1019;858;487;452;1442;1107
277.61849;2;234;4695;1026;1012;1018;858;490;454;1441;1103
278.119586;2;234;4695;1026;1014;1017;859;494;451;1442;1106
278.616772;3;235;4697;1026;1014;1018;859;499;451;1441;1104
279.117577;1;234;4694;1026;1014;1017;859;501;451;1442;1107
279.618489;2;235;4700;1025;1014;1017;858;500;451;1441;1106
280.119635;3;235;4699;1025;1013;1017;859;500;451;1441;1103
280.616975;2;234;4696;1025;1014;1016;858;498;451;1441;1104
281.119675;2;234;4691;1025;1014;1018;858;494;451;1441;1104
281.619108;2;235;4696;1025;1014;1018;858;493;452;1442;1106
282.119596;2;235;4696;1025;1013;1017;859;490;451;1441;1107
282.617155;3;234;4698;1025;1013;1016;859;491;451;1441;1103
283.118309;2;235;4696;1025;1014;1018;858;494;449;1441;1103
283.61927;3;234;4697;1025;1013;1018;858;491;449;1442;1103
284.11817;2;235;4695;1024;1014;1016;859;490;448;1441;1104
284.618472;3;235;4694;1025;1014;1017;862;491;450;1442;1107
285.118357;3;234;4694;1025;1014;1016;858;492;448;1441;1103
285.618422;3;234;4699;1025;1014;1017;858;491;449;1442;1103
286.115903;3;235;4696;1025;1014;1017;858;490;449;1441;1105
286.619894;2;235;4693;1024;1012;1016;858;494;448;1442;1106
287.119373;2;235;4696;1025;1013;1016;858;492;448;1441;1106
287.616729;3;235;4695;1025;1013;1016;858;493;450;1440;1106
288.117569;3;235;4698;1025;1013;1016;858;495;449;1441;1104
288.619467;3;235;4695;1025;1013;1015;858;495;451;1441;1103
289.119267;3;235;4696;1025;1012;1016;859;494;452;1441;1105
289.619417;2;235;4692;1025;1012;1016;858;495;450;1441;1103
290.119474;2;236;4693;1026;1010;1015;858;494;450;1444;1105
290.61931;2;235;4696;1025;1009;1016;859;495;449;1441;1106
291.119519;2;236;4703;1025;1013;1016;858;496;449;1442;1105
291.619831;2;236;4696;1025;1013;1016;859;497;449;1441;1103
292.118932;3;236;4697;1025;1013;1016;858;494;449;1441;1103
292.618988;3;236;4695;1025;1012;1016;858;493;448;1441;1103
293.11922;2;236;4693;1024;1013;1016;859;493;449;1440;1104
293.61928;3;236;4699;1025;1012;1016;859;491;448;1440;1104
294.118523;1;236;4702;1025;1013;1015;859;489;449;1440;1104
294.61963;3;236;4696;1025;1012;1017;859;487;449;1440;1104
295.119268;2;235;4698;1025;1012;1017;858;485;449;1440;1103
295.619579;2;236;4700;1025;1011;1015;858;483;448;1441;1105
296.119451;2;235;4694;1024;1017;1015;858;479;448;1443;1106
296.619138;2;236;4699;1026;1013;1016;858;478;447;1440;1104
297.119506;3;235;4698;1026;1011;1015;858;475;447;1440;1105
297.618579;3;236;4698;1025;1012;1016;858;474;446;1440;1105
298.118762;3;235;4698;1025;1012;1015;858;470;446;1440;1106
298.61818;3;236;4697;1025;1011;1015;857;468;446;1440;1105
299.119409;3;236;4698;1025;1014;1015;858;467;444;1440;1103
299.61942;3;236;4696;1025;1011;1015;858;465;445;1440;1104
300.119212;2;237;4696;1025;1011;1016;858;464;443;1440;1104
300.619221;3;237;4699;1024;1011;1015;858;463;444;1440;1105
301.119409;2;236;4694;1025;1012;1015;859;462;443;1440;1102
301.619429;3;236;4696;1025;1012;1015;859;461;442;1440;1103
302.119664;3;236;4698;1025;1010;1014;857;462;442;1440;1106
302.618914;3;236;4696;1025;1006;1015;858;460;441;1441;1103
303.119451;3;237;4701;1024;1010;1015;859;459;441;1439;1103
303.619396;3;237;4698;1025;1010;1015;858;458;440;1440;1106
304.119094;4;237;4701;1025;1010;1015;858;457;439;1440;1106
304.619024;2;237;4695;1025;1011;1015;858;457;439;1440;1103
305.119346;3;236;4692;1025;1011;1017;858;456;440;1440;1101
305.616708;3;238;4701;1024;1011;1016;858;457;439;1440;1107
306.119344;3;237;4696;1024;1011;1014;858;455;439;1439;1102
306.619062;3;237;4692;1024;1009;1014;858;454;440;1439;1101
307.119065;2;237;4696;1025;1011;1014;858;454;440;1440;1104
307.619133;4;237;4694;1024;1011;1015;858;454;440;1439;1101
308.119077;3;237;4696;1024;1009;1014;858;455;439;1439;1103
308.617215;2;238;4701;1024;1010;1013;858;455;439;1439;1103
309.119179;4;238;4689;1024;1010;1014;858;454;438;1440;1104
309.619575;3;238;4693;1024;1008;1014;858;452;437;1439;1102
310.119743;3;238;4694;1024;1010;1013;859;452;438;1440;1106
310.618377;3;238;4698;1024;1009;1014;858;452;438;1440;1103
311.119128;3;238;4696;1024;1010;1013;857;454;436;1440;1104
311.619244;3;238;4694;1024;1009;1013;858;453;438;1439;1102
312.119186;3;238;4695;1024;1009;1013;858;452;438;1439;1102
312.618621;2;238;4699;1024;1010;1013;859;452;438;1439;1104
313.119973;3;238;4697;1024;1010;1013;858;451;436;1439;1105
313.618381;3;239;4696;1024;1009;1014;858;450;437;1439;1102
314.119277;3;238;4702;1024;1009;1013;860;449;436;1439;1104
314.619858;3;239;4700;1024;1008;1012;857;450;435;1439;1104
315.118758;3;239;4696;1024;1009;1012;858;450;436;1439;1105
315.619666;3;239;4695;1023;1009;1013;858;452;435;1439;1102
316.118832;3;239;4697;1023;1009;1013;858;450;435;1439;1103
316.619171;3;239;4693;1024;1009;1013;857;449;435;1438;1102
317.119288;3;239;4693;1025;1009;1012;858;447;435;1439;1104
317.619386;3;239;4696;1023;1009;1013;857;447;435;1439;1105
318.118573;4;239;4697;1024;1009;1014;858;447;435;1438;1105
318.619099;3;239;4698;1023;1009;1012;858;447;435;1438;1103
319.119367;3;239;4695;1024;1008;1012;858;447;434;1439;1103
319.619174;3;239;4696;1024;1007;1013;858;447;435;1438;1101
320.119621;3;239;4699;1024;1008;1012;858;447;435;1439;1104
320.618811;3;239;4699;1023;1009;1012;857;447;434;1438;1103
321.119226;3;239;4700;1024;1009;1011;858;446;433;1439;1101
321.619658;2;240;4698;1023;1008;1012;858;447;434;1438;1105
322.119349;3;239;4702;1024;1008;1011;858;447;432;1439;1100
322.61964;2;239;4696;1023;1009;1011;858;447;433;1441;1102
323.118863;3;239;4697;1024;1009;1012;857;448;432;1438;1105
323.61914;3;240;4696;1023;1008;1011;857;448;432;1439;1102
324.119474;3;240;4696;1023;1007;1012;857;448;432;1438;1104
324.618523;3;240;4694;1023;1008;1013;858;448;431;1438;1102
325.119464;3;240;4692;1024;1007;1012;861;449;431;1441;1104
325.618166;3;239;4694;1024;1008;1011;858;450;432;1438;1102
326.118629;2;239;4697;1024;1008;1012;858;451;431;1438;1100
326.6196;3;240;4693;1024;1008;1011;858;451;431;1438;1102
327.119527;3;240;4699;1023;1008;1011;857;450;432;1438;1105
327.618947;3;240;4699;1024;1008;1012;858;451;431;1438;1104
328.120004;3;240;4701;1024;1006;1011;858;451;431;1438;1102
328.619803;3;240;4697;1024;1006;1012;857;452;430;1438;1102
329.119148;4;240;4700;1024;1007;1012;857;452;430;1437;1102
329.620106;3;240;4699;1023;1007;1011;857;452;429;1437;1102
330.120166;3;240;4695;1024;1006;1012;858;454;430;1437;1100
330.618133;3;240;4696;1024;1007;1013;857;453;429;1438;1101
331.118602;3;241;4692;1024;1007;1010;858;452;428;1438;1104
331.618726;3;241;4696;1024;1008;1011;858;451;430;1437;1104
332.119426;4;241;4696;1024;1008;1012;857;450;430;1437;1103
332.619815;2;241;4699;1024;1007;1011;858;449;430;1437;1102
333.119036;3;241;4696;1024;1006;1011;858;446;430;1437;1104
333.619054;3;241;4697;1024;1007;1011;857;445;429;1437;1103
334.119352;3;241;4695;1025;1008;1012;857;444;429;1438;1101
334.618813;2;241;4698;1024;1007;1012;857;442;429;1438;1104
335.119915;3;242;4698;1024;1007;1010;858;440;429;1438;1104
335.619427;4;241;4696;1024;1007;1011;858;441;429;1438;1100
336.119424;3;241;4699;1024;1007;1010;858;438;429;1437;1103
336.619331;2;242;4694;1024;1007;1011;857;438;428;1437;1104
337.119261;4;241;4696;1024;1007;1010;857;438;428;1436;1101
337.618909;4;242;4693;1025;1007;1011;857;436;426;1437;1100
338.11981;3;242;4691;1025;1006;1011;855;436;427;1437;1101
338.619214;3;241;4696;1024;1007;1010;857;434;428;1437;1101
339.118775;4;242;4697;1024;1008;1012;857;435;426;1437;1102
339.61936;3;242;4697;1026;1007;1010;857;436;427;1436;1102
340.119279;3;242;4698;1025;1006;1010;857;437;426;1436;1101
340.619912;3;241;4697;1024;1003;1010;857;439;425;1437;1101
341.119076;4;242;4695;1024;1006;1010;857;440;426;1436;1103
341.619499;3;243;4692;1024;1006;1009;857;442;426;1437;1103
342.119372;3;243;4695;1024;1005;1010;858;441;425;1437;1101
342.618161;3;243;4695;1024;1009;1011;856;442;425;1437;1100
343.119265;3;242;4695;1024;1007;1010;857;440;426;1437;1104
343.619202;4;243;4697;1024;1007;1010;857;440;425;1437;1099
344.11976;3;243;4696;1023;1006;1011;857;439;425;1436;1100
344.618006;3;243;4698;1023;1006;1010;858;437;426;1436;1101
345.119216;3;243;4697;1025;1005;1010;858;436;425;1436;1103
345.619413;3;242;4693;1024;1006;1010;858;437;424;1437;1100
346.119265;4;243;4700;1025;1006;1011;856;435;424;1436;1104
346.61948;4;243;4696;1024;1006;1009;858;436;424;1437;1101
347.118265;5;243;4694;1024;1004;1010;857;436;424;1438;1103
347.619216;4;244;4694;1024;1006;1010;856;436;421;1436;1101
348.119173;4;244;4696;1024;1006;1010;857;435;425;1436;1102
348.619349;3;243;4694;1024;1005;1009;857;434;424;1437;1101
349.119555;4;244;4695;1025;1005;1009;857;433;424;1436;1101
349.619971;4;243;4696;1023;1006;1009;858;433;423;1436;1100
350.119518;4;244;4696;1024;1005;1009;857;433;424;1435;1100
350.619458;3;244;4696;1024;1005;1009;857;433;423;1436;1104
351.119322;4;244;4700;1025;1006;1010;857;432;424;1435;1104
351.619309;4;245;4696;1024;1005;1010;857;431;423;1436;1102
352.119049;4;244;4699;1024;1004;1009;857;430;424;1436;1103
352.618912;3;244;4697;1024;1004;1008;857;429;424;1435;1101
353.119546;3;244;4697;1023;1005;1009;857;429;423;1436;1100
353.6195;3;244;4696;1024;1006;1008;857;428;423;1436;1101
354.119108;3;244;4696;1024;1005;1009;857;426;423;1436;1100
354.619278;4;244;4702;1024;1005;1009;856;426;423;1435;1101
355.119096;3;244;4696;1023;1005;1008;857;426;422;1436;1100
355.619252;3;243;4694;1024;1004;1008;857;427;421;1435;1102
356.119677;4;245;4697;1024;1006;1008;857;428;421;1435;1103
356.619448;4;244;4694;1024;1005;1008;857;428;422;1436;1101
357.119367;3;245;4693;1024;1005;1008;857;428;422;1437;1103
357.619512;3;244;4696;1024;1003;1008;857;430;423;1435;1101
358.119946;4;245;4696;1024;1003;1008;856;430;422;1436;1101
358.61849;4;245;4699;1024;1003;1008;856;430;421;1435;1097
359.119061;3;245;4693;1024;1004;1008;856;430;424;1435;1103
359.619735;3;245;4696;1024;1004;1004;857;431;421;1436;1103
360.119494;4;245;4697;1026;1004;1007;857;434;422;1435;1102
360.619489;4;245;4696;1023;1003;1009;857;435;418;1435;1100
361.119651;4;246;4696;1024;1003;1008;857;436;424;1435;1100
361.619291;4;246;4696;1024;1003;1008;857;438;424;1435;1100
362.119616;5;246;4696;1023;1002;1007;856;440;424;1435;1099
362.619293;4;246;4696;1023;1002;1009;856;442;424;1434;1101
363.119125;4;245;4697;1022;1003;1008;856;441;424;1435;1101
363.619108;5;246;4700;1027;1004;1007;855;442;424;1435;1101
364.117467;4;246;4697;1024;1003;1007;856;442;424;1435;1099
364.619415;4;246;4698;1025;1003;1007;857;443;423;1435;1103
365.118933;4;246;4695;1024;1003;1006;857;442;421;1435;1101
365.61719;4;246;4694;1024;1003;1007;854;443;421;1435;1099
366.119156;4;246;4695;1024;1003;1007;857;445;421;1435;1101
366.619198;4;246;4693;1024;1003;1006;856;448;421;1435;1103
367.119773;4;246;4691;1024;1002;1005;857;450;421;1435;1102
367.618723;4;246;4696;1023;1003;1007;856;452;421;1435;1099
368.11929;4;246;4695;1023;1003;1007;856;455;421;1434;1103
368.616862;4;247;4696;1024;1003;1007;856;458;422;1436;1099
369.119195;5;246;4699;1024;1003;1007;857;459;422;1434;1103
369.619623;4;247;4696;1024;1003;1007;856;459;423;1434;1100
370.119245;4;246;4695;1023;1003;1007;857;460;423;1434;1102
370.619036;4;247;4695;1024;1003;1006;857;460;422;1435;1102
371.118404;4;247;4693;1023;1004;1007;857;459;422;1435;1101
371.618974;4;246;4699;1024;1004;1007;856;460;422;1436;1099
372.119007;4;246;4697;1023;1005;1007;857;460;422;1435;1101
372.619633;4;247;4691;1024;1005;1007;857;461;421;1434;1102
373.119216;4;247;4697;1024;1004;1008;856;462;422;1435;1099
373.618858;4;246;4696;1024;1004;1008;856;463;422;1435;1102
374.119577;4;246;4696;1024;1003;1007;856;463;422;1435;1101
374.619529;4;247;4692;1023;1003;1007;856;464;423;1434;1100
375.11937;4;246;4695;1023;1004;1007;857;462;425;1434;1102
375.619597;4;247;4699;1023;1004;1009;857;463;424;1434;1099
376.119664;4;246;4693;1023;1003;1007;857;462;423;1435;1101
376.619118;5;246;4695;1023;1003;1007;857;462;423;1434;1104
377.119436;4;246;4697;1024;1004;1007;855;459;422;1435;1099
377.619183;4;247;4698;1023;1003;1007;856;460;423;1439;1099
378.119553;4;246;4697;1023;1003;1007;857;460;421;1435;1102
378.618809;4;247;4699;1023;1004;1007;856;460;421;1435;1102
379.118122;4;247;4695;1024;1003;1007;857;459;421;1434;1099
379.619505;4;246;4695;1024;1003;1007;856;459;422;1434;1103
380.119505;4;247;4696;1023;1004;1008;856;458;422;1434;1102
380.61858;4;247;4698;1024;1003;1007;856;458;422;1434;1102
381.119409;4;247;4697;1023;1005;1008;856;457;422;1435;1101
381.619143;4;247;4696;1024;1004;1007;856;457;422;1435;1100
382.11835;4;247;4689;1024;1004;1007;856;455;423;1434;1102
382.619118;4;247;4696;1024;1004;1008;856;453;421;1434;1101
383.11957;4;247;4695;1024;1004;1008;856;458;424;1434;1100
383.619834;4;247;4699;1024;1003;1008;856;460;425;1434;1101
384.119391;4;246;4697;1025;1003;1009;856;465;426;1434;1100
384.619454;4;247;4707;1023;1004;1008;856;468;429;1435;1102
385.119415;5;247;4696;1024;1004;1008;857;469;427;1434;1100
385.618922;4;246;4693;1024;1003;1008;856;469;427;1433;1099
386.118803;4;246;4697;1024;1003;1008;856;469;426;1435;1099
386.617288;4;247;4695;1024;1002;1010;857;470;426;1437;1100
387.119216;4;247;4694;1024;1004;1008;856;470;426;1435;1099
387.619113;4;247;4696;1024;1003;1008;856;468;425;1434;1103
388.118925;4;247;4696;1024;1003;1008;855;466;426;1434;1099
388.619882;4;247;4698;1024;1003;1008;856;465;425;1434;1099
389.118428;4;247;4697;1024;1003;1008;856;463;425;1435;1103
389.618451;4;247;4698;1025;1003;1008;856;459;424;1434;1099
390.119423;4;247;4693;1024;1003;1008;856;456;425;1438;1101
390.619868;5;247;4696;1025;1003;1007;856;454;424;1434;1098
391.120114;4;247;4697;1024;1002;1007;856;453;422;1434;1100
391.619301;4;247;4693;1024;1002;1007;856;451;422;1435;1102
392.119431;5;246;4695;1023;1002;1007;856;450;421;1435;1102
392.619201;4;247;4696;1024;1002;1006;854;447;422;1434;1099
393.119399;4;247;4701;1023;1001;1007;856;444;422;1433;1103
393.617724;4;247;4700;1024;1002;1006;857;443;421;1435;1102
394.119921;4;247;4700;1024;1002;1006;857;442;420;1433;1103
394.619012;4;247;4695;1024;1002;1006;856;442;419;1435;1102
395.118884;5;247;4700;1023;1002;1007;855;441;419;1433;1099
395.619148;5;247;4692;1023;1002;1006;855;439;420;1434;1100
396.119481;5;247;4693;1024;1002;1007;856;439;420;1434;1098
396.618736;5;247;4696;1024;1003;1006;855;437;419;1433;1097
397.119216;5;248;4697;1024;1001;1006;856;436;419;1435;1100
397.619388;5;247;4699;1024;1002;1007;856;435;419;1438;1100
398.119083;5;248;4698;1023;999;1006;856;434;418;1431;1098
398.619352;4;247;4695;1024;1001;1006;856;430;418;1434;1100
399.119518;5;248;4697;1024;1001;1006;856;433;418;1433;1101
399.619073;5;248;4694;1024;1000;1006;857;432;418;1434;1100
400.119095;5;247;4701;1024;1001;1005;856;432;418;1433;1100
400.619499;4;248;4703;1023;1001;1006;856;432;418;1434;1101
401.119572;4;247;4704;1023;1001;1005;856;433;418;1433;1100
401.618583;5;248;4699;1023;1001;1006;855;433;417;1433;1099
402.119435;5;248;4700;1023;1000;1006;856;436;417;1433;1099
402.618927;4;248;4693;1023;1001;1005;855;438;415;1434;1099
403.119649;5;248;4694;1023;1000;1005;856;439;416;1433;1100
403.618752;5;248;4700;1023;1001;1006;856;439;417;1433;1100
404.118794;5;248;4694;1023;1001;1005;855;441;417;1433;1102
404.619444;5;248;4695;1023;1000;1005;856;442;416;1433;1101
405.11928;5;248;4698;1023;1002;1005;855;441;416;1431;1101
405.619362;5;248;4691;1023;1000;1004;856;440;416;1434;1100
406.11946;5;248;4696;1023;1000;1005;856;439;415;1434;1099
406.620057;4;248;4697;1023;1001;1004;856;438;416;1433;1100
407.119468;4;248;4695;1023;1000;1005;855;436;416;1434;1100
407.618307;5;248;4696;1023;1000;1005;856;436;415;1433;1099
408.11942;4;248;4695;1023;1000;1004;856;436;416;1434;1098
408.620165;5;248;4697;1023;1000;1004;856;437;415;1432;1102
409.119769;4;248;4697;1023;1000;1004;856;437;415;1433;1099
409.619417;5;248;4695;1022;1000;1004;856;437;415;1433;1098
410.119055;5;248;4694;1023;999;1005;855;438;416;1433;1102
410.618098;5;248;4696;1023;1000;1004;855;438;416;1433;1099
411.116332;5;248;4693;1023;1002;1003;856;435;414;1433;1102
411.619055;5;247;4697;1023;1001;1004;855;435;414;1433;1098
412.119942;5;248;4697;1023;1000;1004;854;434;414;1433;1103
412.619936;5;248;4695;1023;1001;1004;856;435;414;1432;1101
413.119495;4;247;4695;1024;1001;1004;856;435;417;1433;1098
413.619676;5;247;4697;1023;1000;1004;856;436;413;1433;1102
414.118841;4;247;4695;1023;1001;1004;855;436;414;1433;1101
414.619557;5;247;4694;1023;1000;1004;856;436;415;1434;1100
415.119212;5;247;4697;1023;1001;1004;856;436;414;1433;1099
415.619327;5;247;4692;1023;1001;1005;855;437;414;1433;1099
416.117912;5;247;4696;1022;999;1004;856;438;414;1433;1102
416.619161;4;246;4694;1023;1000;1004;856;439;414;1433;1100
417.119223;5;247;4698;1023;999;1004;855;438;414;1433;1100
417.619356;5;247;4698;1023;1000;1004;855;438;415;1433;1102
418.119986;4;247;4699;1023;1000;1004;855;437;414;1433;1101
418.619366;5;247;4697;1023;1000;1004;855;437;414;1434;1099
419.119093;6;247;4698;1023;999;1004;855;436;415;1432;1102
419.619432;5;248;4694;1023;999;1003;856;436;415;1434;1100
420.119026;5;248;4697;1023;1000;1004;856;436;415;1433;1099
420.61895;5;247;4698;1023;1000;1004;856;437;414;1434;1101
421.118502;6;247;4697;1023;1000;1003;855;437;415;1434;1098
421.619273;5;247;4697;1023;1000;1004;855;436;413;1433;1100
422.118736;5;247;4694;1023;1000;1004;855;437;414;1433;1100
422.618563;5;248;4698;1023;1000;1003;855;435;414;1433;1102
423.118491;5;247;4697;1023;999;1004;857;435;414;1433;1099
423.619097;5;248;4696;1022;999;1004;855;435;413;1433;1099
424.119277;5;247;4696;1023;1000;1004;854;436;413;1433;1099
424.619136;5;247;4696;1023;997;1004;855;434;414;1433;1100
425.118833;4;248;4702;1022;999;1003;856;433;414;1433;1100
425.617498;5;248;4699;1023;1000;1003;855;432;415;1433;1099
426.119217;6;247;4700;1023;999;1004;855;433;414;1433;1100
426.619091;5;247;4698;1021;999;1004;855;432;414;1433;1101
427.117141;5;248;4698;1022;999;1003;856;430;415;1432;1100
427.618684;5;248;4699;1023;999;1003;856;429;415;1433;1100
428.119139;5;248;4697;1021;999;1003;856;428;414;1433;1102
428.616638;5;248;4697;1021;1000;1003;856;428;413;1433;1099
429.11795;6;247;4696;1023;998;1004;855;428;412;1433;1099
429.619507;6;247;4696;1023;998;1003;855;427;413;1433;1102
430.118883;6;248;4697;1023;999;1003;855;426;412;1433;1099
430.619151;5;248;4697;1023;998;1004;855;424;412;1433;1100
431.119416;6;248;4697;1023;998;1003;856;423;412;1432;1099
431.618599;6;248;4692;1023;998;1003;854;424;412;1433;1099
432.119143;5;248;4696;1022;998;1002;856;423;413;1432;1100
432.619576;5;248;4695;1023;994;1003;854;424;413;1431;1101
433.119508;5;248;4698;1022;998;1002;855;423;414;1432;1099
433.61855;5;249;4702;1024;997;1003;856;423;414;1433;1099
434.118634;5;248;4702;1023;997;1003;854;423;412;1433;1101
434.619319;6;248;4695;1023;998;1002;855;425;413;1432;1100
435.119488;5;249;4696;1023;997;1002;856;421;413;1433;1099
435.619627;5;249;4695;1022;998;1002;855;421;412;1433;1099
436.119744;5;249;4696;1023;998;1002;856;420;412;1433;1096
436.619396;6;249;4700;1023;997;1003;855;422;411;1433;1101
437.119188;5;249;4694;1023;997;1003;855;422;411;1432;1097
437.619102;6;250;4699;1023;997;1002;855;423;407;1433;1098
438.119466;5;249;4694;1022;998;1002;853;424;411;1432;1102
438.618451;5;249;4694;1023;997;1002;855;424;412;1432;1099
439.119416;6;249;4691;1023;997;1002;855;423;411;1432;1102
439.619375;6;249;4698;1023;997;1002;855;423;411;1433;1101
440.119443;5;249;4694;1027;996;1003;855;422;411;1432;1099
440.618076;5;249;4695;1023;994;1002;854;421;411;1432;1101
441.119588;4;249;4695;1024;996;1001;854;422;410;1432;1099
441.619144;6;249;4698;1023;996;1003;854;423;410;1433;1097
442.118519;5;249;4695;1023;996;1002;855;422;411;1432;1099
442.618249;5;249;4695;1023;996;1002;855;424;409;1432;1100
443.119259;5;250;4696;1023;999;1002;855;423;410;1435;1101
443.619027;5;249;4694;1023;997;1002;854;425;410;1433;1100
444.117795;5;249;4702;1023;996;1001;856;425;410;1432;1102
444.618418;5;249;4696;1023;996;1001;855;425;409;1432;1098
445.119313;6;249;4695;1023;997;1002;854;425;409;1433;1098
445.618262;5;249;4695;1022;997;1001;855;423;410;1432;1097
446.118474;6;249;4695;1023;997;1002;855;421;408;1432;1097
446.618845;6;250;4696;1023;999;1001;854;422;409;1433;1098
447.118479;5;250;4697;1023;996;1001;855;420;409;1431;1102
447.618686;6;250;4696;1022;996;1001;855;420;409;1432;1098
448.118083;5;249;4697;1022;997;1000;855;420;409;1433;1098
448.618862;6;249;4694;1023;996;1001;854;419;409;1432;1100
449.118367;6;249;4697;1023;996;1001;856;418;409;1433;1099
449.618987;6;250;4694;1022;996;1001;855;417;410;1432;1100
450.118184;5;250;4700;1024;996;1000;854;417;405;1432;1101
450.619023;6;249;4695;1023;996;1001;855;416;410;1433;1098
451.118578;6;250;4694;1023;997;1000;855;416;409;1432;1099
451.619036;6;249;4696;1023;995;1000;856;415;409;1431;1101
452.119479;5;250;4697;1023;996;1000;855;416;410;1433;1099
452.618574;6;250;4695;1023;995;1001;854;417;410;1432;1098
453.118414;6;250;4694;1022;995;1000;855;417;410;1433;1101
453.61891;5;250;4699;1022;996;1000;855;417;411;1432;1102
454.11896;5;250;4693;1023;996;1000;855;417;411;1431;1099
454.61884;5;250;4696;1022;996;1000;854;416;410;1433;1100
455.118552;7;250;4695;1022;995;1000;854;417;411;1432;1099
455.618999;6;250;4694;1022;995;1000;855;416;410;1432;1101
456.118585;6;250;4696;1023;995;999;855;416;411;1432;1099
456.618389;6;250;4693;1022;995;1000;855;414;411;1432;1101
457.118402;6;251;4694;1023;996;1000;855;415;411;1432;1098
457.619167;5;251;4697;1022;995;1000;854;416;411;1432;1099
458.118415;5;251;4697;1023;996;1000;853;416;411;1432;1100
458.618889;6;250;4699;1023;996;1000;855;415;411;1431;1102
459.11837;6;251;4702;1023;995;999;855;414;411;1432;1097
459.618877;5;250;4697;1023;995;1000;855;414;410;1433;1098
460.11852;5;250;4698;1023;994;999;854;414;411;1432;1100
460.618562;6;251;4698;1022;995;999;854;413;410;1432;1100
461.119039;6;250;4697;1022;996;1000;854;413;411;1431;1099
461.618565;6;250;4695;1024;995;999;855;413;410;1433;1098
462.118429;5;251;4696;1023;996;1001;855;412;412;1432;1101
462.618219;5;250;4697;1022;995;1000;854;412;413;1432;1099
463.118344;5;251;4695;1022;995;999;855;412;410;1433;1101
463.618275;6;251;4698;1023;995;1000;854;412;412;1432;1099
464.118795;6;251;4695;1023;994;1000;854;412;410;1431;1099
464.618104;5;251;4698;1023;993;1000;855;412;409;1431;1101
465.118362;6;251;4692;1023;995;999;855;411;410;1431;1097
465.617932;6;251;4694;1023;995;1000;854;412;410;1432;1099
466.117556;5;250;4698;1022;994;1000;854;412;410;1432;1099
466.618574;6;251;4696;1022;994;999;854;413;408;1431;1097
467.118947;6;251;4696;1023;994;999;854;413;410;1436;1099
467.619254;5;251;4695;1022;995;1000;854;413;409;1431;1099
468.118936;6;252;4695;1023;994;998;854;413;409;1432;1100
468.618381;6;251;4697;1023;994;999;855;413;407;1432;1099
469.118464;6;251;4695;1026;995;999;855;413;407;1431;1101
469.61846;6;251;4694;1023;995;999;854;414;407;1432;1101
470.118721;6;251;4697;1023;994;998;858;416;408;1432;1102
470.61863;6;250;4696;1023;995;999;854;416;409;1431;1100
471.118533;5;251;4696;1023;995;998;853;417;408;1433;1099
471.618989;7;251;4694;1023;993;999;854;417;407;1432;1100
472.118247;5;250;4696;1024;995;998;854;418;407;1432;1098
472.618066;6;251;4697;1023;995;999;854;418;407;1432;1098
473.118595;5;251;4699;1023;994;1000;854;416;408;1431;1099
473.61867;6;250;4697;1023;995;999;853;417;408;1431;1101
474.118556;6;251;4695;1023;994;998;854;416;407;1431;1099
474.61897;6;250;4694;1023;994;999;854;416;407;1432;1100
475.118956;6;251;4695;1023;995;998;854;417;407;1432;1098
475.618195;6;251;4696;1023;995;998;854;417;408;1432;1099
476.118761;6;250;4695;1023;994;999;854;415;408;1432;1097
476.618062;7;251;4693;1023;994;998;855;414;408;1431;1100
477.118187;6;251;4696;1023;994;997;854;414;407;1432;1098
477.618986;6;251;4698;1023;994;997;855;414;408;1432;1099
478.118429;6;251;4698;1023;995;998;854;413;407;1431;1098
478.617924;6;251;4695;1022;994;997;854;412;408;1431;1099
479.118615;6;251;4700;1023;995;998;855;411;407;1432;1096
479.618598;6;251;4698;1023;993;998;855;411;407;1429;1098
480.118253;6;251;4697;1022;994;998;853;413;408;1432;1099
480.618827;6;251;4696;1023;994;998;854;414;411;1431;1098
481.118429;7;251;4700;1023;993;998;855;415;410;1432;1098
481.618996;6;252;4696;1023;994;997;854;415;410;1432;1098
482.118814;6;251;4690;1023;994;997;854;415;410;1432;1098
482.618778;6;251;4696;1025;993;998;854;415;411;1432;1098
483.119087;5;252;4697;1023;993;997;854;415;410;1432;1099
483.618562;6;251;4696;1023;993;997;854;414;411;1432;1098
484.118513;6;251;4695;1023;992;997;853;415;410;1432;1100
484.617667;5;251;4695;1023;993;998;854;414;409;1431;1099
485.118599;6;251;4695;1024;992;997;854;415;410;1431;1099
485.617622;5;252;4695;1023;992;998;853;414;408;1431;1100
486.118828;5;251;4696;1024;993;997;854;414;408;1432;1099
486.618528;6;251;4700;1024;992;997;854;414;409;1431;1099
487.118286;6;252;4696;1023;994;997;853;415;407;1432;1098
487.618739;7;252;4695;1023;993;996;854;417;408;1431;1098
488.11706;6;252;4695;1023;993;997;854;416;408;1432;1100
488.616974;6;251;4694;1024;993;996;853;418;408;1432;1100
489.118517;5;252;4695;1023;993;996;854;419;408;1432;1099
489.618268;6;252;4695;1023;992;997;854;419;407;1432;1097
490.118272;6;252;4696;1023;992;997;854;421;408;1431;1099
490.618629;6;252;4694;1023;993;998;854;421;407;1432;1098
491.118036;6;251;4692;1023;993;998;854;423;406;1431;1100
491.618149;6;251;4695;1023;993;997;854;425;406;1432;1099
492.118542;6;251;4693;1023;993;997;853;427;407;1431;1098
492.618254;6;252;4695;1024;992;998;853;426;407;1430;1101
493.117714;5;251;4698;1023;993;997;854;425;408;1431;1097
493.618452;6;251;4695;1023;992;997;853;423;407;1432;1097
494.118262;6;251;4696;1023;992;997;853;422;409;1431;1100
494.618361;7;252;4699;1023;992;998;853;420;408;1431;1101
495.117917;7;251;4692;1023;988;997;854;419;408;1430;1099
495.619061;6;251;4697;1023;992;996;854;419;407;1431;1097
496.119032;6;251;4695;1023;993;997;853;419;407;1432;1098
496.618847;6;251;4698;1023;992;997;854;419;407;1431;1098
497.118974;6;252;4693;1023;993;998;853;420;406;1432;1100
497.618326;6;251;4698;1023;992;997;853;420;406;1431;1101
498.119003;6;251;4692;1023;992;997;854;420;407;1430;1099
498.617787;6;252;4696;1023;991;998;854;421;407;1432;1098
499.118629;6;251;4697;1022;995;997;853;420;406;1430;1099
499.61855;7;251;4698;1023;992;997;853;418;406;1430;1101
500.118381;7;251;4698;1023;991;996;853;418;407;1431;1099
500.618538;6;252;4696;1021;991;997;853;416;407;1431;1098
501.118423;7;252;4697;1026;992;996;853;416;409;1432;1098
501.618949;7;252;4696;1023;992;996;854;414;408;1431;1098
502.118415;6;252;4695;1023;992;997;854;413;408;1431;1097
502.618342;7;251;4698;1022;991;997;852;413;407;1431;1098
503.118667;6;252;4694;1023;991;997;853;412;407;1431;1103
503.61824;6;251;4696;1023;992;997;854;411;407;1431;1100
504.117958;6;252;4698;1022;992;997;854;411;406;1431;1100
504.618923;6;252;4698;1023;991;997;854;409;407;1431;1099
505.118656;6;252;4694;1023;991;994;853;410;407;1431;1095
505.618231;6;252;4699;1023;991;995;853;408;407;1431;1096
506.118037;6;252;4695;1020;991;997;854;409;407;1431;1098
506.618435;6;252;4694;1022;991;996;853;408;407;1431;1098
507.119121;6;252;4697;1023;990;996;853;408;407;1432;1098
507.618203;7;253;4694;1023;990;996;854;407;408;1430;1098
508.1191;6;252;4695;1022;991;996;853;407;407;1431;1097
508.618498;7;253;4697;1022;991;996;853;408;405;1431;1097
509.118371;7;252;4695;1023;991;997;854;403;405;1431;1100
509.617943;6;253;4697;1022;991;996;853;407;405;1431;1098
510.117769;6;252;4697;1023;990;997;854;406;405;1430;1098
510.618374;7;253;4695;1023;991;994;854;406;406;1431;1094
511.118108;6;253;4695;1022;990;996;856;406;406;1432;1098
511.618409;6;253;4696;1023;990;995;853;406;406;1431;1102
512.1181;7;252;4692;1022;991;995;853;405;406;1431;1098
512.618719;7;253;4693;1022;990;995;854;405;406;1431;1102
513.118786;6;252;4698;1027;991;996;853;405;405;1431;1101
513.61893;6;252;4695;1024;991;995;853;406;406;1431;1099
514.11901;6;253;4694;1023;989;996;853;406;404;1430;1097
514.618903;7;252;4694;1023;990;995;853;405;405;1430;1100
515.11845;7;252;4695;1022;990;996;853;405;404;1431;1097
515.618058;7;252;4698;1023;991;995;853;405;404;1432;1098
516.118405;6;252;4695;1022;991;996;853;405;405;1430;1099
516.619097;7;252;4695;1023;990;996;853;406;404;1431;1097
517.118351;6;252;4692;1023;990;996;853;405;404;1430;1101
517.619166;7;253;4691;1023;991;996;854;405;403;1431;1099
518.118405;7;253;4693;1023;991;995;853;406;403;1431;1098
518.618511;6;253;4695;1023;990;996;853;408;404;1431;1096
519.119025;7;252;4694;1023;990;996;854;408;404;1431;1098
519.618135;7;253;4695;1024;991;996;852;409;403;1431;1098
520.118407;8;253;4695;1023;990;996;853;409;404;1430;1099
520.618892;6;252;4696;1023;990;995;852;410;407;1431;1097
521.118205;6;252;4696;1023;990;996;853;411;404;1431;1097
521.618488;7;252;4694;1023;989;996;854;411;405;1431;1100
522.118065;7;252;4694;1023;991;998;854;411;404;1431;1101
522.617812;6;253;4693;1023;991;996;856;411;405;1431;1100
523.118071;7;253;4695;1023;990;995;853;413;404;1431;1100
523.617838;7;252;4693;1023;990;996;854;407;405;1430;1097
524.118835;7;252;4694;1026;989;995;854;412;405;1430;1100
524.617723;6;252;4695;1022;990;995;854;412;404;1430;1101
525.118224;7;252;4695;1023;991;995;853;413;404;1430;1098
525.618278;7;252;4698;1022;990;995;850;412;404;1431;1098
526.118352;7;252;4699;1023;990;996;854;412;403;1431;1100
526.618617;6;253;4698;1022;991;996;853;413;404;1430;1099
527.118013;7;253;4699;1022;991;995;854;412;403;1434;1098
527.618838;7;253;4698;1022;991;996;852;411;404;1430;1098
528.119103;6;253;4693;1023;991;995;853;406;404;1430;1099
528.618739;8;253;4696;1023;992;995;852;413;404;1429;1100
529.118619;7;254;4703;1021;990;995;854;414;404;1429;1100
529.618086;6;253;4700;1022;990;995;853;416;403;1430;1100
530.118496;7;252;4693;1021;989;995;853;416;403;1431;1099
530.618429;7;253;4699;1021;990;995;854;418;403;1431;1096
531.118462;7;253;4694;1022;989;995;853;418;404;1429;1099
531.618338;7;252;4698;1021;988;994;852;420;405;1430;1100
532.118339;6;253;4698;1023;989;994;853;421;403;1427;1099
532.618091;7;254;4697;1025;989;994;850;422;403;1429;1097
533.117245;7;253;4696;1022;990;994;853;421;403;1430;1100
533.619185;6;253;4695;1022;990;994;854;421;404;1430;1097
534.118779;7;253;4694;1022;990;995;852;421;404;1430;1105
534.617884;7;253;4695;1022;989;994;853;423;404;1430;1097
535.118381;7;252;4697;1022;989;998;853;425;403;1430;1099
535.617909;7;253;4697;1022;989;994;852;426;403;1430;1096
536.118888;7;252;4696;1022;989;994;852;423;403;1430;1100
536.618494;7;253;4697;1022;991;993;853;422;403;1430;1096
537.118361;6;253;4695;1021;989;993;853;421;404;1429;1098
537.618853;7;253;4692;1022;991;993;852;421;404;1433;1099
538.118758;7;253;4697;1022;988;993;853;419;405;1429;1098
538.618003;6;253;4692;1019;989;994;852;419;404;1430;1099
539.118342;7;253;4695;1022;990;993;853;419;406;1429;1097
539.617998;7;252;4693;1022;990;994;853;418;406;1429;1099
540.11831;7;253;4694;1021;989;995;853;417;406;1429;1100
540.619322;7;254;4698;1022;989;994;853;417;402;1429;1097
541.118759;7;253;4697;1022;989;994;852;416;404;1430;1100
541.618771;7;253;4695;1022;990;994;853;416;406;1430;1097
542.118744;7;253;4698;1023;989;997;853;415;405;1430;1096
542.618566;7;253;4695;1022;989;995;854;414;404;1430;1098
543.117792;8;253;4696;1022;989;994;853;416;405;1429;1098
543.618125;7;254;4698;1022;988;993;853;414;405;1430;1098
544.118364;7;254;4697;1023;989;994;853;414;404;1435;1097
544.618402;8;253;4698;1022;988;994;852;414;401;1430;1099
545.118564;7;253;4696;1022;988;993;853;415;404;1429;1095
545.61836;7;254;4696;1022;989;994;853;414;406;1429;1097
546.118396;7;254;4699;1020;988;993;853;415;404;1430;1098
546.618574;6;254;4705;1023;988;994;853;414;405;1430;1098
547.118065;7;254;4697;1022;988;993;852;414;405;1430;1097
547.618618;7;254;4693;1022;989;994;852;413;405;1430;1097
548.118879;7;254;4700;1023;988;993;853;412;405;1430;1097
548.616544;7;255;4700;1022;988;994;852;411;404;1430;1098
549.118108;8;253;4698;1022;988;993;853;410;404;1430;1097
549.618035;8;254;4693;1022;988;994;852;411;403;1431;1098
550.11882;7;254;4697;1022;988;993;852;410;404;1430;1099
550.618494;7;254;4693;1022;989;994;853;411;403;1430;1098
551.116507;7;254;4695;1023;987;993;852;413;404;1430;1099
551.618063;7;254;4697;1022;989;993;852;415;403;1430;1099
552.118891;8;254;4695;1022;989;992;852;415;403;1431;1098
552.618086;7;254;4695;1022;989;992;852;417;404;1429;1100
553.118546;7;254;4700;1022;988;993;856;418;403;1429;1097
553.616557;7;254;4696;1023;988;993;852;418;403;1429;1099
554.120198;7;253;4698;1022;988;993;854;418;403;1429;1098
554.618746;8;253;4698;1022;989;993;852;418;403;1433;1096
555.118643;7;254;4694;1026;988;993;852;418;403;1430;1097
555.618547;7;254;4698;1022;988;992;852;417;403;1430;1096
556.118602;7;254;4695;1022;988;992;853;415;403;1430;1097
556.618375;8;253;4695;1022;988;993;853;415;404;1430;1097
557.118036;7;254;4695;1022;988;993;852;416;403;1430;1096
557.616843;7;254;4691;1022;988;992;852;415;404;1430;1097
558.118337;7;253;4697;1022;988;992;852;413;404;1430;1095
558.618888;8;253;4695;1022;988;992;852;414;404;1429;1100
559.11844;7;254;4696;1022;987;992;852;413;404;1429;1100
559.619028;8;253;4695;1022;988;992;852;413;403;1430;1101
560.119492;8;253;4697;1022;988;992;852;413;404;1429;1097
560.618432;7;254;4699;1022;988;992;852;416;404;1430;1097
561.117946;8;254;4696;1022;987;992;852;411;403;1430;1096
561.618441;7;253;4693;1022;988;992;854;410;403;1429;1100
562.118439;7;253;4695;1022;988;994;852;409;404;1429;1098
562.617661;7;254;4695;1022;988;991;851;409;405;1430;1098
563.118561;7;253;4694;1027;988;991;852;408;407;1429;1097
563.618662;7;254;4692;1022;988;991;852;409;405;1429;1097
564.118345;8;254;4696;1021;987;992;852;409;404;1430;1097
564.619423;7;253;4694;1023;988;992;852;407;404;1430;1098
565.118758;7;254;4694;1022;988;991;853;408;405;1428;1098
565.616868;8;253;4696;1019;987;991;852;408;404;1429;1097
566.118255;7;254;4696;1021;987;991;853;407;405;1429;1097
566.618018;7;255;4694;1022;986;992;852;407;404;1430;1096
567.118368;7;254;4699;1021;988;991;852;407;405;1430;1098
567.618949;8;254;4698;1022;987;991;853;405;404;1429;1097
568.118173;7;254;4696;1022;988;991;852;406;405;1430;1100
568.618252;7;254;4697;1021;986;991;853;404;403;1430;1097
569.117176;8;254;4697;1022;987;991;852;405;403;1431;1097
569.618432;8;254;4696;1022;987;991;852;405;403;1431;1096
570.118417;7;254;4699;1023;987;992;852;404;403;1430;1097
570.618526;8;254;4699;1022;987;991;852;405;402;1430;1097
571.118331;7;254;4696;1022;986;991;853;404;403;1430;1096
571.618752;7;254;4692;1022;987;991;852;404;402;1431;1097
572.117889;8;254;4697;1022;987;993;852;404;404;1430;1096
572.618376;7;254;4698;1021;988;992;852;402;400;1431;1098
573.118294;8;254;4695;1023;987;991;851;403;403;1429;1098
573.618819;7;254;4696;1023;985;991;852;403;403;1428;1098
574.11796;8;253;4700;1023;986;991;852;404;402;1429;1100
574.618643;7;254;4692;1022;987;992;852;403;404;1429;1098
575.118843;8;253;4699;1022;989;991;853;402;403;1432;1096
575.618974;6;254;4697;1022;988;991;853;401;403;1429;1097
576.118831;8;254;4693;1022;987;991;853;402;403;1429;1097
576.618493;7;255;4696;1021;988;992;852;401;402;1429;1097
577.118362;7;254;4696;1022;986;991;852;402;403;1431;1097
577.618634;8;255;4698;1022;987;991;852;401;402;1429;1097
578.117794;7;254;4699;1022;986;991;852;401;402;1431;1098
578.619658;8;254;4695;1021;988;992;852;401;403;1429;1095
579.118728;8;254;4697;1021;986;992;854;402;402;1430;1097
579.618102;7;254;4696;1022;986;991;852;401;403;1429;1098
580.11895;8;254;4694;1022;986;991;852;401;402;1430;1097
580.618757;8;254;4694;1022;987;991;852;403;403;1430;1098
581.118443;7;255;4696;1019;987;991;852;401;402;1430;1098
581.618096;7;255;4698;1022;987;991;852;401;402;1430;1097
582.116011;8;254;4694;1022;987;991;852;404;403;1430;1099
582.618036;8;254;4698;1022;987;992;853;404;402;1430;1099
583.117906;8;254;4699;1022;987;990;852;404;406;1429;1098
583.615967;8;254;4695;1022;987;991;852;405;401;1430;1099
584.117428;7;255;4697;1022;986;992;852;407;401;1430;1096
584.617755;7;254;4699;1023;987;991;851;406;401;1431;1099
585.118487;7;254;4697;1023;987;990;852;407;401;1430;1097
585.617786;7;254;4696;1021;987;991;852;407;401;1429;1100
586.118208;8;254;4697;1022;987;991;849;407;401;1429;1100
586.617761;8;254;4696;1022;987;992;852;409;400;1430;1098
587.118513;7;254;4695;1022;986;991;852;407;401;1429;1100
587.618285;8;254;4697;1021;987;991;853;407;400;1429;1100
588.118445;8;254;4694;1022;986;991;851;408;399;1429;1099
588.618426;8;254;4692;1022;987;991;853;407;400;1430;1097
589.118875;7;254;4694;1022;987;991;851;405;400;1430;1096
589.619077;9;254;4697;1022;986;990;849;405;400;1430;1096
590.118456;8;254;4692;1022;987;990;852;404;401;1429;1097
590.616418;7;254;4695;1023;987;991;852;405;399;1429;1096
591.118646;8;254;4696;1022;988;991;851;404;400;1430;1097
591.618084;8;255;4696;1022;986;991;853;404;400;1429;1099
592.118973;7;254;4695;1021;986;991;852;404;400;1429;1100
592.619017;8;255;4696;1022;986;991;852;405;400;1429;1098
593.118437;8;254;4695;1022;988;991;852;405;400;1428;1098
593.617388;7;254;4692;1022;987;991;852;405;401;1430;1098
594.118124;8;254;4694;1022;986;992;850;407;400;1430;1097
594.618809;8;254;4695;1023;987;992;852;409;400;1429;1099
595.118213;8;254;4700;1022;988;991;852;410;401;1430;1098
595.618525;8;255;4694;1023;988;991;853;412;400;1429;1096
596.117448;7;254;4695;1022;988;992;852;412;401;1429;1097
596.619198;7;254;4693;1022;988;992;852;414;400;1428;1097
597.118119;8;255;4698;1022;988;992;851;416;401;1429;1096
597.618518;7;255;4695;1021;988;992;852;416;399;1429;1096
598.117304;7;255;4695;1023;988;992;851;417;401;1428;1098
598.618201;8;255;4695;1022;987;991;852;419;400;1429;1099
599.118828;8;254;4697;1023;988;991;852;419;400;1428;1098
599.618782;8;255;4694;1023;988;991;852;423;399;1428;1099
600.118231;7;255;4692;1023;988;992;852;421;401;1429;1103
600.618156;8;255;4693;1022;988;992;851;423;400;1429;1113
601.118437;7;255;4294967258;1023;988;993;852;426;401;524;1800
601.618761;8;255;4294967258;1022;988;993;851;428;400;538;1802
602.118455;8;253;4294967258;1022;987;992;851;428;400;546;1801
602.618482;8;254;4294967255;1023;988;993;851;427;401;552;1800
603.118591;8;253;4294967255;1023;987;992;851;426;402;559;1801
603.618451;8;252;4294967254;1022;987;993;852;425;401;564;1799
604.118513;7;252;4294967257;1023;988;993;851;424;403;568;1801
604.61846;7;251;4294967256;1022;988;992;851;423;402;573;1800
605.118798;7;250;4294967256;1022;987;992;852;424;404;577;1800
605.617945;8;250;4294967258;1022;987;992;851;428;403;581;1798
606.118279;7;248;4294967255;1022;987;991;852;431;404;584;1801
606.61871;8;247;4294967251;1022;986;992;852;435;404;588;1797
607.118817;7;246;4294967257;1022;987;991;849;438;405;590;1803
607.618406;8;244;4294967254;1022;987;993;851;441;405;594;1802
608.119663;8;243;4294967255;1023;988;992;851;444;404;596;1802
608.618479;8;242;4294967256;1023;988;993;851;447;404;598;1802
609.118506;8;241;4294967257;1022;988;992;852;446;405;601;1800
609.618451;9;239;4294967257;1023;988;992;852;448;406;603;1803
610.119175;7;238;4294967253;1022;988;993;852;447;406;605;1801
610.618421;8;236;4294967255;1023;989;993;852;447;408;607;1800
611.118189;8;235;4294967258;1022;988;993;852;449;407;609;1799
611.618765;8;234;4294967256;1021;989;992;851;450;409;610;1801
612.118214;8;232;4294967258;1022;990;992;851;449;409;613;1799
612.618379;7;230;4294967250;1023;988;992;851;449;410;614;1803
613.119222;8;229;4294967259;1022;988;992;852;449;410;616;1800
613.618723;8;228;4294967256;1022;988;992;852;449;411;618;1800
614.117107;8;227;4294967257;1022;988;992;851;448;412;619;1801
614.618767;8;225;4294967257;1022;988;992;852;449;412;621;1799
615.118467;7;222;4294967259;1022;987;992;852;450;414;623;1801
615.618891;8;222;4294967254;1023;988;993;851;452;415;625;1803
616.118567;8;220;4294967256;1022;989;992;852;451;415;626;1799
616.618479;8;219;4294967254;1023;988;992;851;451;415;628;1798
617.11832;8;217;4294967255;1022;987;997;851;452;416;628;1799
617.61841;8;215;4294967257;1023;987;991;851;454;417;630;1801
618.118937;8;214;4294967254;1023;988;993;852;453;419;630;1801
618.618709;7;213;4294967255;1023;988;992;852;453;419;632;1801
619.11714;9;212;4294967255;1023;988;992;852;452;421;634;1799
619.618782;8;210;4294967254;1022;987;993;852;449;422;634;1802
620.118065;8;209;4294967255;1022;988;992;851;449;423;637;1803
620.618049;8;208;4294967256;1022;988;992;852;449;424;639;1800
621.118753;8;207;4294967254;1022;988;993;851;448;423;638;1802
621.618378;8;204;4294967258;1023;987;992;852;448;426;639;1803
622.118989;8;204;4294967258;1023;988;993;851;450;426;641;1803
622.618003;8;203;4294967259;1022;987;994;852;451;428;642;1802
623.117906;8;201;4294967252;1023;987;993;851;452;428;643;1800
623.617968;8;200;4294967256;1023;987;992;852;452;432;644;1801
624.118088;8;199;4294967257;1022;987;990;852;453;432;646;1802
624.618505;7;198;4294967255;1023;986;994;852;453;433;645;1802
625.118718;8;196;4294967255;1023;987;994;851;454;433;647;1803
625.618523;8;196;4294967255;1023;987;994;851;456;435;648;1801
626.118485;8;195;4294967254;1023;986;994;852;458;436;649;1802
626.618046;7;194;4294967255;1023;987;994;851;459;437;650;1803
627.118452;8;193;4294967252;1023;989;993;852;461;438;652;1800
627.618961;8;191;4294967253;1022;988;993;851;461;439;652;1802
628.119815;8;190;4294967256;1024;986;994;851;461;441;653;1800
628.618336;8;189;4294967255;1023;986;994;851;460;444;654;1800
629.118768;7;188;4294967255;1022;988;993;852;461;444;658;1802
629.619483;9;187;4294967259;1023;987;994;851;460;447;656;1803
630.119463;7;186;4294967255;1023;985;990;851;461;447;657;1804
630.618816;8;185;4294967253;1020;987;994;852;462;449;658;1800
631.119458;8;183;4294967258;1023;986;993;852;462;451;658;1800
631.61844;9;183;4294967255;1023;986;994;852;461;452;660;1801
632.119209;8;182;4294967259;1022;986;993;851;462;454;660;1801
632.616563;8;182;4294967257;1023;986;992;851;466;455;662;1801
633.118816;9;181;4294967257;1023;986;993;852;463;455;663;1802
633.619011;8;180;4294967260;1023;986;993;852;465;456;663;1803
634.118946;8;179;4294967253;1023;986;993;851;467;457;664;1802
634.618485;8;178;4294967254;1022;987;993;851;470;460;663;1800
635.119089;7;177;4294967257;1021;986;992;852;473;460;666;1799
635.61912;8;176;4294967258;1023;986;993;851;474;462;667;1800
636.119402;9;175;4294967252;1027;985;992;851;476;464;667;1801
636.618769;8;174;4294967254;1022;986;992;852;479;464;667;1799
637.116513;8;173;4294967253;1023;987;993;851;480;470;668;1800
637.617277;8;173;4294967257;1022;985;993;851;483;466;670;1803
638.119155;8;172;4294967254;1023;986;992;853;486;469;670;1802
638.620428;8;171;4294967257;1022;986;991;852;486;470;672;1800
639.11708;8;170;4294967255;1022;986;992;852;490;471;671;1801
639.619184;8;170;4294967258;1022;985;991;852;492;473;672;1802
640.119526;8;169;4294967255;1022;986;991;851;495;474;675;1802
640.618658;7;168;4294967255;1022;987;991;852;495;474;676;1802
641.11691;8;167;4294967255;1022;986;992;852;496;478;675;1798
641.618245;8;167;4294967255;1022;986;991;852;498;478;676;1801
642.118413;8;166;4294967260;1022;987;991;852;499;480;678;1799
642.618466;8;165;4294967257;1022;985;991;851;500;481;678;1800
643.119383;8;164;4294967256;1022;985;991;851;502;482;679;1801
643.619722;8;163;4294967252;1022;986;990;851;502;484;678;1804
644.119651;8;163;4294967255;1022;986;992;852;502;486;680;1799
644.616307;8;161;4294967255;1023;986;991;851;503;487;681;1803
645.118995;8;161;4294967256;1022;986;991;850;502;489;682;1800
645.619576;8;160;4294967256;1022;986;991;851;503;491;681;1801
646.117104;8;160;4294967257;1022;986;991;851;503;492;683;1801
646.619268;8;159;4294967258;1022;985;990;851;503;494;683;1801
647.118253;8;159;4294967261;1022;984;991;852;504;494;684;1800
647.618997;8;158;4294967258;1022;986;991;851;506;496;685;1802
648.119211;7;157;4294967255;1022;985;990;851;508;499;683;1800
648.619184;8;157;4294967257;1023;986;990;852;511;500;685;1801
649.119441;9;156;4294967252;1023;984;991;852;511;500;686;1801
649.619459;9;155;4294967256;1022;986;991;851;513;501;687;1800
650.118397;8;155;4294967256;1022;986;991;852;515;503;688;1802
650.618783;8;154;4294967257;1022;986;991;851;518;503;689;1804
651.118978;8;153;4294967254;1022;986;991;851;521;505;690;1799
651.617582;9;153;4294967255;1022;985;990;850;519;505;690;1802
652.119745;8;152;4294967256;1022;986;991;851;520;507;691;1800
652.619257;8;151;4294967256;1023;985;990;851;520;509;692;1800
653.118827;8;151;4294967256;1023;986;991;851;519;510;692;1803
653.617089;8;150;4294967256;1023;987;991;851;521;511;692;1800
654.118042;8;150;4294967259;1023;985;990;851;522;514;694;1800
654.619012;8;150;4294967253;1022;986;990;851;522;514;695;1800
655.118425;8;149;4294967249;1022;987;990;851;522;516;695;1800
655.618453;8;148;4294967258;1022;987;991;851;524;518;695;1800
656.118653;8;147;4294967256;1022;986;991;851;528;519;695;1800
656.61905;9;147;4294967256;1022;986;990;850;527;521;696;1803
657.118457;9;146;4294967247;1023;986;989;851;528;522;697;1803
657.619082;8;145;4294967255;1022;985;990;851;529;523;698;1801
658.117011;8;146;4294967254;1022;985;989;852;531;526;698;1801
658.619154;9;144;4294967257;1022;986;990;851;533;525;699;1802
659.118489;8;144;4294967254;1022;986;989;851;533;530;699;1800
659.617508;9;144;4294967254;1022;985;990;852;535;529;701;1802
660.11998;8;143;4294967258;1021;986;990;851;537;530;701;1799
660.619124;8;142;4294967256;1022;986;989;851;539;531;702;1801
661.119561;7;142;4294967253;1023;986;991;851;540;532;702;1801
661.618399;8;141;4294967258;1022;986;990;852;542;535;702;1803
662.118998;9;140;4294967256;1023;986;990;851;543;535;703;1799
662.619395;8;140;4294967256;1022;986;991;849;544;536;704;1803
663.11677;7;139;4294967254;1021;986;990;851;546;537;705;1801
663.619549;7;139;4294967257;1022;986;991;851;547;539;705;1800
664.117624;9;138;4294967257;1023;986;991;851;548;542;706;1801
664.619008;8;138;4294967254;1022;987;991;851;549;542;706;1802
665.119158;9;138;4294967253;1023;987;990;851;550;543;707;1803
665.616735;9;137;4294967254;1021;987;991;851;551;545;708;1802
666.118561;9;137;4294967257;1022;986;990;851;551;546;708;1803
666.619534;8;136;4294967254;1023;986;991;852;552;548;708;1800
667.119019;8;136;4294967251;1022;986;991;850;554;548;710;1801
667.617821;9;135;4294967258;1022;987;990;851;556;550;710;1799
668.119139;8;135;4294967257;1020;986;991;850;556;552;711;1803
668.618924;8;134;4294967255;1022;986;989;851;559;552;710;1801
669.118558;9;133;4294967254;1022;986;990;850;561;553;711;1803
669.619273;8;132;4294967256;1023;987;990;852;565;553;712;1802
670.119468;8;132;4294967256;1026;987;990;851;569;556;712;1804
670.618949;8;132;4294967255;1022;987;991;851;572;558;713;1801
671.119739;8;131;4294967259;1022;986;990;848;574;559;713;1801
671.619067;8;131;4294967257;1023;986;990;852;576;560;715;1800
672.119018;9;130;4294967257;1022;987;990;852;576;562;715;1801
672.619379;9;129;4294967255;1022;984;991;852;579;563;715;1800
673.118923;8;129;4294967258;1022;986;990;851;581;564;716;1803
673.618441;8;129;4294967255;1023;986;989;851;585;565;717;1803
674.119128;8;128;4294967258;1023;986;990;851;586;567;716;1803
674.618428;8;127;4294967255;1023;986;990;851;588;569;717;1801
675.119439;9;127;4294967254;1023;986;990;851;590;568;718;1800
675.618146;8;126;4294967254;1022;987;989;852;593;571;719;1802
676.120139;8;126;4294967256;1021;987;990;851;597;573;718;1800
676.617455;9;126;4294967255;1022;986;988;851;598;574;720;1800
677.119113;9;126;4294967256;1022;986;990;852;602;574;719;1803
677.619383;8;125;4294967253;1022;988;990;852;604;576;721;1804
678.119369;8;124;4294967248;1022;987;989;851;606;578;721;1800
678.618766;8;124;4294967256;1022;984;990;850;608;579;723;1803
679.119406;8;123;4294967258;1021;987;990;851;608;580;722;1801
679.618476;8;124;4294967255;1023;987;990;851;608;582;722;1802
680.119379;9;122;4294967254;1022;987;989;851;610;583;723;1801
680.619557;8;122;4294967251;1022;987;991;851;612;583;724;1803
681.118364;8;123;4294967255;1023;986;991;851;612;587;725;1799
681.618415;8;121;4294967253;1022;986;989;852;612;588;724;1804
682.119819;8;121;4294967256;1023;986;990;851;613;589;724;1801
682.619066;8;121;4294967256;1022;986;990;851;614;589;726;1797
683.119349;8;120;4294967258;1022;986;989;851;614;591;726;1800
683.619413;8;120;4294967258;1022;986;990;852;614;591;731;1802
684.118837;8;120;4294967257;1022;986;990;851;613;593;727;1800
684.619347;8;119;4294967257;1023;986;990;852;614;595;727;1804
685.119599;8;118;4294967252;1021;986;991;851;616;595;728;1801
685.617581;8;118;4294967254;1022;986;989;851;616;596;729;1799
686.11925;8;118;4294967257;1022;985;990;851;616;598;728;1801
686.619237;9;117;4294967257;1022;986;990;856;618;599;730;1803
687.119618;8;118;4294967260;1021;987;990;851;620;600;730;1800
687.618566;8;116;4294967256;1023;986;989;851;620;602;731;1801
688.119793;8;116;4294967257;1022;985;990;851;621;602;730;1802
688.616651;9;116;4294967258;1022;987;989;851;621;602;731;1804
689.117389;8;115;4294967257;1023;986;990;852;623;605;731;1801
689.618936;8;115;4294967255;1022;986;990;852;624;606;732;1802
690.117255;9;114;4294967258;1022;986;991;851;627;606;733;1799
690.617073;9;113;4294967257;1022;986;990;852;625;608;733;1800
691.119092;8;114;4294967253;1023;986;990;851;627;608;734;1800
691.617305;8;113;4294967254;1022;985;990;851;627;611;734;1798
692.117855;8;113;4294967254;1022;986;991;852;626;610;735;1800
692.619477;8;112;4294967254;1021;986;990;851;627;611;735;1799
693.119187;8;112;4294967254;1022;985;990;851;625;614;735;1803
693.619274;8;111;4294967258;1022;985;990;852;627;613;736;1803
694.119286;9;111;4294967254;1022;986;990;851;628;616;737;1803
694.618331;9;111;4294967257;1021;987;990;852;628;618;737;1801
695.118865;9;110;4294967259;1022;987;989;851;629;619;736;1802
695.619363;9;110;4294967254;1022;986;991;851;630;621;737;1802
696.118379;8;110;4294967255;1023;986;991;851;631;624;737;1800
696.619654;8;109;4294967254;1022;986;990;851;632;625;738;1803
697.118866;8;109;4294967256;1022;986;991;852;634;627;739;1801
697.619414;7;109;4294967256;1021;984;990;852;633;626;738;1801
698.119455;8;107;4294967257;1023;985;991;850;634;629;739;1803
698.61875;8;107;4294967257;1023;989;990;851;635;630;743;1800
699.119329;8;108;4294967253;1022;986;991;852;636;630;740;1799
699.617861;9;107;4294967257;1022;986;991;851;637;631;741;1801
700.119415;8;107;4294967254;1022;985;991;851;639;632;740;1800
700.619277;8;107;4294967253;1021;983;992;850;639;634;742;1800
701.119121;8;106;4294967254;1022;984;991;851;640;634;742;1803
701.619143;8;105;4294967258;1025;985;991;851;641;636;743;1802
702.119149;9;106;4294967253;1023;985;991;852;643;637;744;1803
702.619464;8;104;4294967256;1023;984;991;851;642;638;744;1800
703.116855;8;104;4294967255;1022;984;991;852;644;639;744;1801
703.619874;8;105;4294967259;1022;985;991;851;645;640;745;1802
704.119603;8;104;4294967257;1023;984;991;850;647;641;745;1800
704.619419;8;104;4294967257;1022;985;991;852;647;642;745;1802
705.119338;8;103;4294967254;1022;985;992;850;648;643;746;1800
705.619356;8;104;4294967256;1023;986;991;852;650;645;747;1800
706.119137;8;102;4294967254;1022;985;991;850;651;645;747;1801
706.618894;8;102;4294967257;1022;985;992;852;653;648;746;1801
707.118913;8;102;4294967254;1022;984;992;852;654;649;747;1801
707.618952;8;101;4294967256;1022;985;992;851;655;649;748;1803
708.119402;8;101;4294967252;1027;984;992;851;656;650;748;1803
708.619231;9;101;4294967258;1023;984;992;851;658;651;749;1800
709.11937;9;100;4294967259;1023;985;991;851;658;658;749;1801
709.619403;8;100;4294967257;1022;985;991;852;659;655;750;1800
710.119051;8;100;4294967255;1021;985;991;851;661;655;751;1800
710.619713;8;100;4294967259;1022;986;991;851;662;656;750;1803
711.119358;8;99;4294967254;1023;986;991;852;662;656;751;1803
711.619177;8;98;4294967254;1022;986;990;851;664;657;751;1800
712.11885;8;98;4294967259;1023;986;991;852;666;659;752;1800
712.619094;8;98;4294967255;1022;985;991;852;668;659;752;1797
713.118259;8;98;4294967257;1023;986;991;852;669;660;752;1803
713.619396;8;97;4294967254;1022;986;992;852;670;661;753;1801
714.119153;8;97;4294967256;1023;987;991;852;672;663;753;1799
714.619082;7;97;4294967257;1022;987;991;851;673;664;752;1802
715.119039;8;97;4294967254;1022;987;990;851;673;666;754;1802
715.617451;8;96;4294967254;1022;986;993;852;674;666;755;1800
716.119105;8;95;4294967256;1022;987;990;852;674;669;754;1799
716.619225;8;95;4294967257;1022;987;990;850;674;669;755;1802
717.119014;9;95;4294967255;1022;986;990;851;675;669;755;1803
717.618541;9;95;4294967256;1022;986;991;851;675;670;755;1802
718.118127;8;94;4294967255;1022;986;990;852;675;672;756;1802
718.619491;8;94;4294967256;1023;987;991;851;676;673;756;1802
719.117888;8;94;4294967256;1022;988;991;851;677;674;756;1804
719.617561;8;93;4294967258;1023;986;990;852;678;675;757;1803
720.119054;8;93;4294967255;1022;986;989;851;680;675;757;1799
720.618443;8;93;4294967252;1023;987;990;851;681;677;758;1802
721.118945;9;92;4294967256;1022;987;990;851;681;677;758;1804
721.618113;9;92;4294967256;1023;988;991;851;680;678;759;1800
722.119005;8;91;4294967252;1022;988;991;851;680;680;758;1800
722.61672;8;92;4294967256;1023;987;990;851;682;680;759;1800
723.118442;9;91;4294967254;1022;988;991;851;682;681;759;1800
723.617103;8;90;4294967251;1022;988;990;852;683;681;759;1803
724.118316;8;91;4294967257;1022;987;990;851;684;682;759;1801
724.619219;8;90;4294967256;1022;987;991;851;684;683;761;1803
725.116889;8;89;4294967256;1023;987;991;851;685;685;761;1802
725.617328;7;90;4294967258;1022;988;991;851;685;686;761;1802
726.117677;8;89;4294967257;1022;987;989;851;687;687;761;1800
726.617272;9;88;4294967256;1023;988;990;851;688;687;762;1801
727.117574;8;88;4294967253;1022;988;991;851;689;691;762;1802
727.618822;8;88;4294967256;1022;986;991;851;690;691;763;1800
728.1192;8;88;4294967253;1022;987;991;854;693;691;763;1803
728.618499;8;88;4294967252;1023;987;989;851;695;692;764;1804
729.119107;8;87;4294967253;1022;987;990;851;697;693;762;1799
729.619111;9;87;4294967263;1022;987;990;852;699;693;764;1801
730.118623;8;86;4294967256;1022;987;990;852;701;695;764;1800
730.617296;8;87;4294967257;1023;987;991;851;704;696;764;1802
731.119088;7;86;4294967252;1022;986;990;851;704;697;764;1800
731.619133;8;85;4294967256;1023;989;990;851;705;697;765;1802
732.1195;8;85;4294967251;1023;988;990;850;705;698;765;1800
732.619735;9;86;4294967254;1022;987;991;851;706;699;767;1801
733.119738;8;84;4294967256;1023;988;990;852;707;699;765;1800
733.618813;8;85;4294967255;1022;987;990;851;707;700;763;1799
734.11945;8;85;4294967256;1023;988;991;852;708;701;767;1803
734.618404;8;84;4294967257;1023;988;990;853;709;702;768;1800
735.119243;9;84;4294967256;1022;988;991;851;710;703;767;1801
735.618643;8;83;4294967254;1022;987;992;850;710;705;768;1802
736.119481;8;83;4294967255;1023;988;990;852;712;706;767;1802
736.618618;8;84;4294967255;1022;988;990;851;712;708;768;1802
737.118475;8;83;4294967255;1023;988;991;852;714;708;768;1800
737.618836;8;82;4294967257;1022;991;990;851;714;710;770;1803
738.118454;8;82;4294967256;1023;988;991;851;717;711;769;1802
738.619187;8;82;4294967256;1023;988;991;852;716;711;769;1799
739.118347;8;81;4294967253;1023;987;991;852;718;713;770;1801
739.619097;8;81;4294967255;1023;988;991;852;720;713;770;1803
740.119236;8;81;4294967254;1023;987;993;850;722;714;770;1801
740.618955;8;81;4294967256;1023;988;991;852;724;716;770;1803
741.116426;8;81;4294967256;1023;988;991;852;724;716;770;1801
741.616221;8;81;4294967254;1023;989;991;851;729;718;771;1800
742.119408;8;80;4294967260;1023;988;990;853;726;718;771;1802
742.619589;8;79;4294967256;1023;988;991;851;728;718;772;1801
743.117789;8;79;4294967254;1023;988;991;851;728;720;771;1800
743.619101;9;78;4294967257;1023;988;991;851;731;721;772;1803
744.119037;9;79;4294967254;1023;989;991;851;733;721;772;1802
744.618415;8;78;4294967257;1027;989;991;852;735;723;773;1802
745.118348;8;78;4294967257;1022;990;991;852;737;723;773;1803
745.617578;8;78;4294967259;1023;989;993;851;736;724;774;1801
746.120378;8;78;4294967254;1023;989;992;851;738;725;773;1802
746.618378;8;77;4294967254;1021;989;991;852;739;725;774;1803
747.119793;7;77;4294967256;1022;991;991;852;739;726;774;1800
747.619126;9;77;4294967257;1023;990;992;852;740;730;773;1801
748.118547;8;76;4294967253;1023;989;995;851;739;728;775;1802
748.619343;7;76;4294967255;1022;989;993;851;739;730;775;1801
749.11916;8;76;4294967255;1022;988;991;851;739;729;776;1799
749.618679;7;76;4294967255;1023;989;992;851;740;731;776;1800
750.118558;8;76;4294967257;1023;990;991;851;743;732;776;1800
750.619236;8;75;4294967253;1023;988;991;851;743;733;777;1799
751.119016;8;75;4294967256;1022;990;992;852;743;734;777;1800
751.618094;8;75;4294967256;1023;989;991;852;743;734;777;1803
752.11954;7;74;4294967258;1022;989;992;852;744;735;777;1801
752.619467;9;74;4294967256;1024;990;992;852;744;736;777;1801
753.118955;8;75;4294967255;1022;989;991;852;745;735;777;1803
753.619572;7;74;4294967256;1022;989;991;852;745;738;778;1801
754.119414;8;74;4294967252;1023;989;992;852;745;738;778;1799
754.618781;7;73;4294967256;1023;990;991;852;745;740;779;1801
755.119598;7;72;4294967253;1023;989;991;853;745;742;779;1801
755.619547;7;72;4294967254;1023;990;992;852;746;741;779;1801
756.119095;8;72;4294967259;1019;989;991;852;746;743;779;1802
756.619418;7;72;4294967255;1022;989;991;852;748;743;780;1800
757.118935;8;72;4294967257;1022;989;991;851;749;743;780;1800
757.61913;8;71;4294967254;1022;989;991;852;750;744;780;1802
758.119004;8;72;4294967255;1023;988;991;852;752;746;780;1803
758.618793;9;71;4294967255;1023;988;991;855;754;746;781;1801
759.119033;8;70;4294967257;1022;989;991;852;755;746;782;1800
759.619522;8;70;4294967255;1025;989;991;852;755;747;782;1800
760.118613;8;71;4294967257;1023;988;991;852;754;747;782;1800
760.619285;8;71;4294967256;1023;989;991;852;755;749;782;1803
761.118983;8;70;4294967256;1021;989;991;852;754;749;782;1800
761.619618;9;71;4294967255;1023;988;992;852;755;749;783;1800
762.119124;7;70;4294967255;1022;990;991;851;755;750;783;1802
762.618823;8;70;4294967256;1022;989;991;852;755;751;783;1800
763.119149;7;69;4294967257;1022;988;992;852;756;753;783;1800
763.61796;8;70;4294967256;1022;988;991;852;758;754;784;1801
764.119807;8;70;4294967254;1022;988;991;851;759;754;784;1801
764.61908;8;69;4294967256;1022;989;991;851;759;755;783;1802
765.119363;8;68;4294967258;1022;989;991;852;761;755;785;1800
765.617811;7;69;4294967255;1021;988;991;851;761;757;784;1801
766.119226;8;68;4294967259;1022;986;992;852;761;757;784;1802
766.619453;8;67;4294967251;1022;989;991;852;762;758;786;1802
767.119567;7;68;4294967255;1022;989;991;851;763;759;785;1800
767.618625;7;67;4294967255;1022;988;991;852;763;761;785;1803
768.119166;8;68;4294967257;1023;988;992;851;765;761;786;1800
768.619769;7;67;4294967252;1022;988;993;852;764;763;785;1799
769.119145;7;66;4294967257;1022;989;992;853;765;763;786;1800
769.619054;7;67;4294967256;1022;989;992;851;767;764;788;1803
770.119228;8;66;4294967256;1023;989;992;852;768;765;787;1803
770.618629;7;67;4294967256;1022;988;992;853;768;766;786;1801
771.119194;8;66;4294967250;1022;989;993;852;770;767;788;1799
771.616498;8;66;4294967253;1022;989;993;852;770;767;787;1802
772.118463;7;65;4294967254;1023;989;994;852;772;768;788;1803
772.618273;8;66;4294967257;1022;988;993;852;773;770;786;1799
773.117245;7;65;4294967254;1023;989;992;852;775;770;789;1802
773.618415;7;64;4294967257;1022;989;992;851;776;771;787;1799
774.118395;6;65;4294967256;1023;984;993;851;778;772;789;1800
774.618829;8;64;4294967254;1022;989;994;853;779;773;788;1802
775.119536;8;65;4294967257;1022;988;992;853;782;774;789;1802
775.619723;7;64;4294967256;1022;988;992;852;784;776;789;1803
776.120913;7;64;4294967255;1022;989;993;852;785;776;789;1800
776.618976;7;63;4294967256;1023;989;993;852;787;776;789;1801
777.119932;8;64;4294967259;1023;989;993;853;787;778;790;1801
777.618325;8;64;4294967257;1021;989;993;852;788;779;790;1800
778.11628;8;63;4294967257;1022;989;993;852;789;779;790;1803
778.618433;8;63;4294967254;1023;990;993;853;788;779;791;1799
779.119134;7;62;4294967254;1023;989;993;853;789;782;791;1801
779.618918;8;62;4294967253;1023;989;993;852;790;781;791;1800
780.117912;7;61;4294967257;1022;990;994;852;790;781;792;1801
780.618788;6;63;4294967256;1023;991;993;851;791;781;793;1799
781.119136;7;61;4294967257;1023;990;993;853;790;783;792;1799
781.618435;7;62;4294967255;1022;990;992;852;787;783;792;1801
782.119173;7;61;4294967257;1022;990;993;852;791;784;793;1801
782.618311;7;61;4294967259;1022;989;994;852;791;784;794;1803
783.117317;7;61;4294967257;1023;990;991;853;792;785;793;1801
783.620355;7;61;4294967258;1023;992;993;852;793;785;794;1800
784.119658;7;60;4294967256;1022;990;993;852;793;787;792;1802
784.619553;7;60;4294967258;1022;990;993;852;794;788;795;1803
785.119625;7;60;4294967255;1023;991;996;852;794;788;794;1802
785.619097;7;60;4294967257;1023;990;993;852;794;789;795;1799
786.118456;7;59;4294967258;1022;990;993;852;795;790;794;1801
786.619066;7;60;4294967253;1023;990;993;853;795;792;793;1802
787.11931;8;59;4294967254;1022;990;993;852;797;791;795;1801
787.61928;8;59;4294967259;1023;991;993;852;796;793;794;1801
788.119807;7;60;4294967256;1021;990;993;852;798;793;795;1800
788.618631;7;58;4294967253;1023;995;994;852;797;796;794;1799
789.119538;8;59;4294967259;1022;989;993;852;797;794;796;1800
789.619463;8;59;4294967257;1023;991;994;852;799;795;797;1803
790.11872;8;59;4294967260;1023;991;993;852;799;794;796;1803
790.618589;7;58;4294967257;1023;990;993;852;799;796;797;1800
791.118071;8;58;4294967256;1021;989;993;853;799;798;797;1802
791.618535;7;58;4294967251;1022;990;993;852;801;798;796;1800
792.119171;7;58;4294967255;1022;991;992;852;802;799;797;1802
792.619332;7;57;4294967260;1022;990;992;853;802;798;798;1801
793.119645;7;57;4294967255;1022;990;992;852;802;799;797;1799
793.619261;8;58;4294967253;1023;990;993;852;802;799;796;1800
794.119454;7;57;4294967254;1022;990;992;853;804;800;798;1800
794.61927;8;57;4294967253;1022;990;992;852;804;800;798;1801
795.119132;6;56;4294967258;1022;991;993;852;805;802;798;1800
795.619631;7;56;4294967252;1022;990;992;852;807;802;798;1801
796.118984;8;56;4294967254;1023;991;992;856;807;804;799;1800
796.619107;7;56;4294967257;1022;990;993;852;806;804;799;1800
797.119392;7;56;4294967257;1022;991;993;850;808;804;799;1800
797.617671;9;56;4294967253;1022;990;992;852;809;807;800;1802
798.117496;7;56;4294967251;1022;990;995;852;810;806;799;1802
798.619258;7;55;4294967254;1022;991;993;852;809;807;799;1801
799.119375;7;54;4294967255;1023;990;993;852;812;808;800;1801
799.619969;7;55;4294967253;1022;991;993;852;811;809;800;1803
800.118834;7;54;4294967257;1023;990;994;852;813;810;801;1802
800.619378;6;55;4294967258;1023;991;994;853;813;811;800;1799
801.119089;7;54;4294967249;1023;991;994;852;815;810;801;1802
801.617511;7;54;4294967255;1023;991;994;851;815;811;801;1800
802.119377;7;54;4294967258;1022;990;995;850;815;814;801;1800
802.618648;7;54;4294967258;1023;992;995;852;818;813;802;1800
803.119046;7;53;4294967258;1022;990;995;853;818;814;801;1802
803.617155;8;53;4294967256;1022;991;994;852;819;815;801;1804
804.118908;8;54;4294967256;1023;992;994;852;820;816;801;1801
804.618989;7;53;4294967257;1023;991;994;853;819;816;800;1803
805.118922;7;53;4294967261;1023;992;995;852;820;817;802;1802
805.619192;6;52;4294967254;1023;992;995;852;821;817;803;1799
806.119304;7;53;4294967256;1023;992;995;852;822;819;802;1801
806.618454;8;52;4294967257;1022;991;994;852;822;819;803;1800
807.119299;7;52;4294967260;1023;992;995;852;823;819;803;1799
807.618667;7;52;4294967255;1023;992;994;853;823;819;804;1800
808.119334;7;52;4294967254;1021;992;994;852;823;821;802;1799
808.619123;7;51;4294967258;1024;992;995;853;825;820;805;1803
809.119347;7;52;4294967254;1023;992;995;853;824;822;804;1800
809.619062;7;51;4294967257;1022;993;994;851;825;822;805;1801
810.119623;7;51;4294967258;1023;992;994;853;825;823;804;1800
810.619042;7;51;4294967257;1023;993;994;852;825;822;805;1803
811.119587;6;51;4294967254;1022;992;994;853;827;824;805;1801
811.617743;8;50;4294967258;1023;993;994;852;827;825;805;1800
812.119029;6;50;4294967254;1023;992;994;853;828;825;804;1802
812.619102;7;50;4294967259;1023;992;994;853;829;825;805;1800
813.118876;7;50;4294967256;1024;992;994;852;830;826;805;1803
813.618204;6;50;4294967254;1023;992;994;853;830;828;805;1801
814.119347;7;50;4294967256;1023;992;994;852;833;828;806;1800
814.618883;7;50;4294967253;1023;993;994;853;832;828;808;1799
815.119198;7;49;4294967254;1023;992;995;852;832;829;806;1804
815.61909;7;49;4294967255;1023;994;994;852;832;828;807;1801
816.118123;7;49;4294967254;1023;993;994;852;833;831;807;1800
816.619243;7;49;4294967256;1023;992;994;852;830;831;806;1803
817.119302;8;48;4294967260;1024;993;994;853;834;831;806;1801
817.617787;7;49;4294967257;1023;992;994;853;834;833;811;1800
818.119588;7;49;4294967257;1023;993;995;853;836;833;807;1800
818.619085;6;48;4294967258;1023;992;995;852;836;834;807;1803
819.118415;7;49;4294967256;1024;992;996;852;836;833;807;1802
819.617983;7;47;4294967257;1023;992;993;853;836;835;809;1801
820.120009;7;48;4294967256;1024;992;995;851;838;834;808;1803
820.618676;6;48;4294967257;1024;992;996;853;838;836;808;1802
821.119645;7;47;4294967255;1023;992;995;853;837;836;808;1803
821.619335;7;48;4294967256;1024;993;996;852;838;836;808;1803
822.11642;7;47;4294967255;1023;992;996;852;839;836;809;1802
822.617934;7;47;4294967256;1023;992;997;853;840;838;808;1801
823.116106;7;48;4294967253;1023;992;996;852;841;838;809;1799
823.618686;7;48;4294967257;1023;993;995;853;842;838;809;1801
824.118333;7;48;4294967256;1024;992;995;853;842;839;809;1800
824.618482;7;47;4294967256;1023;993;996;852;843;840;809;1804
825.119;7;46;4294967255;1023;992;996;852;844;840;809;1802
825.616631;7;47;4294967256;1023;993;996;852;845;841;810;1801
826.118568;7;46;4294967259;1023;993;995;853;844;841;810;1803
826.618884;7;46;4294967258;1023;993;994;852;847;842;810;1801
827.118352;7;46;4294967255;1023;993;996;852;847;843;810;1803
827.619501;7;45;4294967254;1023;993;995;852;843;843;810;1800
828.119241;7;45;4294967255;1023;994;995;853;848;843;810;1800
828.619475;7;46;4294967254;1024;994;996;852;849;843;811;1801
829.118991;6;46;4294967250;1022;993;995;853;848;844;811;1801
829.618954;7;45;4294967252;1022;991;995;853;849;846;810;1802
830.11854;6;44;4294967257;1023;993;995;851;850;845;811;1798
830.619117;7;45;4294967257;1023;994;997;853;849;850;811;1800
831.118649;7;44;4294967254;1023;994;996;853;850;847;811;1804
831.618466;6;44;4294967258;1023;993;996;855;851;847;812;1801
832.119173;6;44;4294967253;1023;995;995;853;852;848;812;1802
832.618496;7;44;4294967255;1023;994;995;852;854;847;812;1801
833.117553;7;44;4294967255;1023;995;995;853;854;848;813;1803
833.618948;7;44;4294967261;1023;994;997;853;853;849;812;1803
834.11702;6;43;4294967254;1023;994;995;854;853;849;813;1801
834.618515;7;44;4294967257;1023;994;995;853;854;850;813;1801
835.117606;7;43;4294967255;1023;994;996;852;853;850;812;1799
835.619564;7;43;4294967260;1023;994;995;854;855;851;812;1802
836.121167;7;42;4294967255;1023;995;995;853;854;851;814;1799
836.619854;7;42;4294967255;1023;995;995;853;855;851;813;1801
837.117848;7;43;4294967251;1023;993;995;853;857;852;814;1801
837.619537;6;43;4294967252;1023;993;995;856;857;852;813;1803
838.11957;7;42;4294967254;1023;993;995;853;856;853;814;1801
838.619411;7;43;4294967256;1023;993;995;853;856;854;813;1802
839.119879;7;43;4294967259;1022;993;995;853;856;854;814;1802
839.619147;7;41;4294967254;1022;994;996;853;857;854;813;1800
840.120069;7;42;4294967253;1022;994;995;853;857;855;814;1803
840.619612;6;42;4294967254;1023;993;995;852;858;856;814;1804
841.118422;7;41;4294967254;1022;994;995;852;857;856;814;1801
841.618908;7;42;4294967254;1023;994;996;853;857;857;815;1800
842.11979;7;41;4294967254;1022;993;995;854;858;858;815;1799
842.619228;6;41;4294967258;1023;994;995;853;858;858;815;1801
843.11686;7;40;4294967256;1022;991;996;853;858;858;818;1802
843.619467;7;41;4294967258;1022;993;995;854;859;858;816;1799
844.119343;6;41;4294967256;1023;993;995;852;859;858;816;1802
844.619512;7;40;4294967257;1023;994;994;852;860;857;816;1800
845.119397;7;41;4294967258;1023;994;995;854;860;859;815;1800
845.619465;7;40;4294967258;1022;994;995;854;860;859;813;1802
846.117563;6;40;4294967259;1023;993;995;853;861;861;816;1802
846.619656;7;40;4294967256;1023;994;994;853;862;860;816;1803
847.119343;6;40;4294967255;1022;994;995;853;861;861;816;1802
847.619082;7;40;4294967258;1022;993;996;852;861;862;816;1800
848.119836;7;40;4294967253;1023;994;994;853;862;862;818;1802
848.619575;6;40;4294967255;1023;994;998;853;863;862;818;1799
849.119119;7;39;4294967251;1022;993;996;853;864;863;816;1803
849.619013;7;39;4294967256;1022;994;994;853;864;863;816;1802
850.119185;6;40;4294967257;1022;994;995;853;865;864;818;1802
850.619415;7;40;4294967254;1022;993;995;853;865;864;816;1801
851.119455;6;39;4294967253;1022;993;995;853;867;865;817;1803
851.617867;7;38;4294967251;1023;991;994;853;867;865;817;1801
852.118821;7;39;4294967258;1022;994;995;853;868;865;819;1800
852.618791;6;39;4294967254;1022;992;994;853;867;866;818;1801
853.119036;7;39;4294967252;1022;994;995;853;869;867;818;1800
853.617654;7;38;4294967255;1022;994;995;853;868;867;818;1801
854.118936;6;39;4294967256;1021;997;995;854;868;867;818;1801
854.618951;7;38;4294967257;1022;994;995;852;869;868;818;1802
855.119403;7;38;4294967259;1022;994;995;854;870;868;818;1800
855.618111;6;38;4294967251;1022;994;995;853;869;868;818;1803
856.119499;7;38;4294967258;1022;994;996;853;869;868;819;1804
856.619213;6;38;4294967251;1022;994;995;853;871;870;819;1800
857.118367;7;38;4294967251;1023;993;995;853;870;870;819;1802
857.618172;7;38;4294967253;1023;993;995;853;872;870;818;1801
858.118378;6;38;4294967255;1023;994;996;854;873;870;819;1797
858.619062;6;37;4294967257;1022;994;996;853;874;870;819;1800
859.118087;6;37;4294967257;1022;994;993;853;873;872;820;1800
859.619216;6;36;4294967259;1022;994;995;853;875;872;819;1801
860.116269;6;37;4294967257;1022;993;995;853;875;875;820;1800
860.618501;6;36;4294967256;1019;994;994;853;877;873;820;1803
861.119784;7;36;4294967257;1022;995;995;853;877;874;820;1799
861.619819;6;36;4294967260;1022;994;997;854;878;873;820;1805
862.119563;6;36;4294967254;1022;995;995;854;878;873;821;1802
862.619731;6;36;4294967255;1022;994;996;853;880;875;819;1803
863.12008;6;37;4294967256;1022;993;996;854;878;875;821;1799
863.617746;6;36;4294967254;1022;994;997;853;880;875;820;1803
864.118636;6;37;4294967255;1022;994;995;853;879;875;820;1802
864.619045;7;36;4294967258;1022;995;996;853;876;875;821;1801
865.119431;6;36;4294967256;1022;994;996;853;880;876;821;1799
865.619398;6;36;4294967255;1022;995;996;854;881;876;822;1802
866.120094;6;35;4294967256;1023;994;996;852;882;876;820;1801
866.618988;6;36;4294967258;1022;994;996;852;881;877;822;1800
867.119357;6;36;4294967254;1022;994;996;852;881;877;820;1801
867.619462;7;35;4294967255;1020;994;996;854;880;878;820;1802
868.119115;6;34;4294967255;1023;994;996;854;880;879;822;1803
868.619178;7;35;4294967261;1023;994;997;853;882;878;822;1799
869.119349;7;35;4294967257;1020;996;996;853;882;879;822;1800
869.619476;7;35;4294967256;1022;995;996;852;884;881;821;1800
870.11989;6;35;4294967257;1022;994;997;853;885;880;822;1803
870.618981;7;35;4294967254;1022;995;996;853;885;881;821;1799
871.119669;7;35;4294967255;1022;995;998;856;885;881;822;1801
871.618831;7;34;4294967257;1022;995;997;853;886;882;823;1799
872.119485;6;34;4294967256;1022;995;998;854;886;882;822;1801
872.619207;5;34;4294967255;1022;995;997;853;886;882;823;1801
873.118476;6;34;4294967253;1022;995;998;852;888;883;823;1799
873.618839;6;35;4294967255;1022;995;997;854;889;884;823;1802
874.116846;6;34;4294967256;1022;995;997;854;889;884;824;1801
874.619003;7;34;4294967256;1022;996;997;853;891;885;823;1800
875.119216;7;34;4294967252;1022;996;998;853;892;884;823;1802
875.61849;7;34;4294967257;1022;995;998;853;893;885;823;1801
876.119471;6;34;4294967257;1022;996;999;854;892;885;823;1801
876.619214;6;33;4294967255;1022;996;997;854;895;886;823;1801
877.119387;6;34;4294967258;1022;995;998;854;895;887;823;1803
877.61947;6;32;4294967258;1022;995;997;854;895;888;824;1803
878.119432;6;33;4294967257;1022;995;998;853;895;888;824;1800
878.618301;6;34;4294967257;1022;996;998;854;895;887;824;1800
879.119386;6;34;4294967255;1023;997;999;853;897;888;824;1798
879.618806;7;33;4294967258;1022;997;998;855;898;889;823;1801
880.118817;6;33;4294967254;1022;995;997;853;899;889;824;1799
880.619149;6;33;4294967255;1022;997;998;854;900;890;824;1801
881.119795;6;33;4294967256;1023;997;998;853;900;890;825;1800
881.617138;6;33;4294967257;1023;998;998;853;901;891;824;1798
882.119498;6;32;4294967259;1023;997;998;854;901;890;826;1801
882.619256;6;32;4294967258;1022;997;999;854;902;891;825;1799
883.119373;6;32;4294967255;1022;998;998;854;903;892;825;1801
883.619034;7;32;4294967251;1022;997;998;853;904;893;825;1800
884.11893;7;32;4294967255;1023;999;998;854;906;893;825;1800
884.619624;5;32;4294967253;1022;997;999;853;906;893;826;1802
885.120019;6;31;4294967256;1022;999;1000;854;906;894;825;1804
885.619536;6;31;4294967258;1023;999;998;854;908;894;825;1802
886.119631;6;32;4294967254;1023;999;998;854;908;895;825;1800
886.619559;6;32;4294967257;1022;999;999;855;908;896;825;1802
887.119141;6;32;4294967252;1020;998;999;853;909;897;825;1800
887.619114;5;32;4294967251;1023;998;1000;853;909;896;825;1802
888.119837;6;32;4294967251;1023;999;999;854;909;897;825;1801
888.619238;6;31;4294967255;1022;998;1000;854;910;896;826;1800
889.119595;6;32;4294967255;1023;999;999;854;909;898;826;1801
889.619459;5;31;4294967256;1022;999;1003;853;911;899;826;1801
890.119819;5;31;4294967255;1022;999;1000;854;911;898;827;1801
890.619535;6;31;4294967257;1022;999;1000;854;912;899;826;1802
891.119316;6;31;4294967253;1022;1000;1000;853;912;898;827;1800
891.619406;5;31;4294967252;1022;998;1000;854;911;899;826;1801
892.119173;6;31;4294967261;1022;999;1000;854;912;900;826;1802
892.619164;5;31;4294967257;1022;1000;1000;854;913;900;827;1801
893.117492;6;31;4294967255;1023;999;1000;854;913;901;826;1799
893.619365;5;30;4294967254;1023;998;1001;853;913;901;827;1800
894.119014;5;30;4294967256;1023;999;1000;853;914;900;826;1802
894.618915;6;31;4294967252;1022;999;1001;854;913;901;826;1800
895.119877;5;31;4294967254;1023;999;1001;855;913;901;828;1800
895.619964;6;30;4294967255;1023;999;1000;854;913;902;828;1798
896.118733;6;29;4294967256;1020;999;1001;854;913;903;828;1800
896.619018;5;31;4294967256;1023;999;1000;853;912;903;828;1801
897.119442;5;29;4294967257;1022;998;1001;854;913;902;828;1800
897.619508;6;30;4294967256;1022;998;1000;855;912;902;829;1804
898.118846;6;29;4294967257;1022;1000;1001;854;913;904;828;1803
898.61925;5;29;4294967255;1021;1000;1000;853;915;903;828;1800
899.118025;5;30;4294967252;1023;1000;1001;854;914;905;829;1800
899.619411;5;29;4294967256;1022;1000;1000;855;914;904;829;1800
900.11835;5;29;4294967255;1023;1000;1001;854;914;905;828;1800
900.619435;6;29;4294967256;1022;1000;1001;854;914;905;828;1800
901.118349;5;29;4294967250;1023;999;1000;855;915;904;829;1801
901.619539;5;29;4294967256;1022;1000;1001;853;915;904;829;1801
902.119155;6;29;4294967258;1023;1000;1001;854;915;905;828;1801
902.618963;7;29;4294967257;1022;1000;1001;854;916;906;829;1799
903.119404;5;28;4294967256;1022;999;1001;855;916;906;829;1801
903.619197;5;28;4294967254;1023;1000;1001;854;917;907;829;1803
904.119553;6;29;4294967255;1023;1000;1001;854;916;906;830;1800
904.619532;6;28;4294967253;1022;999;1001;854;917;905;829;1802
905.119326;5;28;4294967257;1023;999;1001;853;916;909;829;1800
905.619664;5;28;4294967259;1022;1000;1001;854;917;907;830;1801
906.117366;6;28;4294967254;1023;999;1002;854;918;909;829;1801
906.619566;5;28;4294967256;1023;1001;1001;853;917;909;830;1803
907.1194;6;28;4294967256;1023;999;1001;855;917;908;830;1800
907.618892;6;28;4294967255;1023;1000;1002;855;916;910;829;1799
908.120155;5;28;4294967259;1023;1000;1001;854;917;910;830;1800
908.619212;6;27;4294967255;1023;1001;1001;855;916;909;829;1801
909.118875;5;28;4294967255;1022;1000;1001;854;916;909;830;1802
909.61906;6;28;4294967257;1023;1000;1001;854;917;910;831;1800
910.119186;5;27;4294967256;1022;1001;1002;854;916;910;830;1799
910.618931;6;27;4294967255;1023;999;1001;855;917;912;830;1803
911.118805;5;27;4294967254;1023;999;1002;854;917;911;830;1801
911.618857;5;27;4294967255;1023;1001;1003;854;918;911;831;1801
912.118921;5;27;4294967252;1023;999;1002;854;918;912;832;1800
912.619411;5;27;4294967258;1022;1000;1001;854;917;912;830;1800
913.1198;6;27;4294967254;1022;1000;1002;854;918;912;830;1800
913.618108;5;27;4294967254;1022;999;1001;854;918;913;830;1800
914.119605;5;27;4294967256;1023;999;1001;854;919;914;832;1802
914.619681;5;27;4294967254;1023;999;1002;854;918;913;831;1800
915.11982;6;26;4294967255;1022;999;1001;855;918;914;831;1802
915.619116;5;27;4294967259;1021;999;1002;854;920;913;831;1799
916.11927;5;27;4294967256;1022;1000;1001;854;920;914;831;1802
916.619431;5;26;4294967257;1023;1000;1002;855;919;915;830;1800
917.118656;5;27;4294967254;1022;999;1002;854;919;915;832;1798
917.618756;5;26;4294967255;1022;999;1002;855;919;915;833;1800
918.118759;5;26;4294967254;1022;999;1002;855;919;915;833;1799
918.619359;5;26;4294967256;1022;999;1002;854;918;915;832;1801
919.1198;5;27;4294967258;1023;1000;1003;855;920;916;831;1799
919.619118;5;26;4294967255;1022;999;1001;855;920;915;833;1800
920.118641;5;27;4294967254;1022;1000;1003;854;920;917;832;1801
920.619619;5;26;4294967253;1022;999;1003;855;921;916;833;1802
921.119131;5;26;4294967256;1022;999;1001;855;921;917;833;1799
921.619422;5;26;4294967255;1022;999;1002;854;922;918;833;1801
922.119149;5;26;4294967255;1022;999;1002;855;921;917;832;1803
922.618153;5;26;4294967254;1023;999;1002;854;922;918;832;1802
923.117746;5;25;4294967255;1022;999;1001;856;922;919;833;1802
923.618475;5;25;4294967258;1022;998;1002;855;922;918;834;1800
924.11882;5;25;4294967256;1022;999;1002;855;922;919;833;1801
924.618195;5;25;4294967255;1022;999;1002;854;922;918;833;1802
925.1184;5;26;4294967258;1022;999;1002;854;923;919;833;1803
925.618513;5;25;4294967256;1022;1000;1002;855;924;920;832;1799
926.118615;4;25;4294967252;1022;1001;1002;855;924;920;837;1800
926.619021;5;25;4294967256;1022;999;1002;854;925;920;833;1800
927.119149;6;25;4294967259;1022;1000;1001;855;926;920;833;1802
927.618909;5;24;4294967256;1022;1000;1002;856;927;921;834;1801
928.118652;5;25;4294967257;1022;998;1002;854;928;921;833;1801
928.618894;5;25;4294967252;1021;999;1002;854;927;923;834;1802
929.118791;5;24;4294967252;1022;999;1002;855;930;922;834;1803
929.618931;5;24;4294967253;1022;1000;1002;856;928;922;834;1799
930.11836;5;25;4294967254;1023;1000;1002;854;929;923;834;1800
930.618521;5;25;4294967257;1022;999;1002;854;928;923;834;1803
931.11819;5;24;4294967254;1026;999;1001;855;928;923;835;1800
931.618467;5;25;4294967257;1022;999;1002;855;927;923;834;1800
932.118379;5;24;4294967255;1023;1000;1003;854;931;923;834;1799
932.618668;5;25;4294967259;1022;1001;1003;855;928;924;835;1802
933.118462;5;24;4294967254;1022;1000;1002;854;928;924;835;1800
933.618525;5;25;4294967259;1022;1000;1002;854;928;925;834;1800
934.11865;6;24;4294967257;1022;1000;1002;857;927;924;834;1803
934.618878;5;24;4294967255;1022;1000;1002;855;927;925;835;1802
935.119183;5;24;4294967254;1022;1000;1002;855;927;925;836;1800
935.618616;5;23;4294967256;1023;1001;1002;855;928;929;834;1802
936.118578;6;24;4294967252;1022;1001;999;855;928;925;836;1803
936.6181;5;24;4294967259;1023;1000;1003;855;929;926;835;1801
937.11887;5;25;4294967258;1022;1000;1002;855;929;926;836;1802
937.6184;5;24;4294967256;1022;1001;1002;855;930;926;835;1799
938.119367;4;23;4294967256;1022;1001;1002;855;930;927;835;1800
938.618474;5;23;4294967255;1022;1001;1002;854;931;926;836;1803
939.118482;5;24;4294967253;1022;1000;1002;855;931;927;836;1803
939.619162;5;24;4294967253;1022;1001;1004;855;930;926;835;1803
940.119485;5;24;4294967257;1021;1002;1002;855;930;928;836;1802
940.618108;4;23;4294967256;1022;1001;1002;855;933;927;835;1800
941.118937;5;24;4294967254;1022;1001;1003;855;931;928;836;1801
941.619184;5;24;4294967254;1022;1001;1002;854;930;928;836;1800
942.118984;5;23;4294967254;1022;1001;1002;855;931;928;836;1800
942.618376;5;23;4294967255;1022;1000;1003;855;931;928;833;1799
943.118504;5;24;4294967258;1022;1002;1003;855;931;929;835;1800
943.619251;4;22;4294967256;1022;1001;1002;855;932;929;836;1802
944.119149;5;23;4294967256;1022;1001;1003;855;931;928;835;1797
944.619001;4;23;4294967256;1022;1001;1003;855;931;929;836;1800
945.119064;5;22;4294967255;1022;1002;1002;854;931;929;837;1801
945.61903;5;23;4294967255;1022;1001;1003;854;931;930;836;1801
946.118861;5;22;4294967252;1022;1001;1002;855;931;930;836;1802
946.618784;5;23;4294967255;1022;1001;1001;855;931;930;837;1800
947.118387;5;22;4294967258;1023;1001;1003;855;933;930;836;1800
947.617075;4;22;4294967255;1022;1000;1002;855;934;931;837;1799
948.118361;5;23;4294967256;1022;1000;1002;855;934;931;837;1802
948.618311;5;22;4294967258;1022;1001;1002;855;933;931;837;1803
949.118714;5;22;4294967255;1022;1001;1002;855;934;932;837;1801
949.619183;5;22;4294967255;1022;1001;1003;855;934;931;837;1803
950.118158;5;22;4294967256;1023;1000;1002;854;935;932;838;1803
950.619186;5;22;4294967252;1022;1002;1002;854;935;933;837;1802
951.118591;5;22;4294967252;1021;1001;1002;856;935;932;836;1800
951.61891;4;22;4294967258;1022;1000;1002;855;935;933;837;1801
952.118744;5;22;4294967254;1022;1001;1002;855;935;933;837;1800
952.619052;5;21;4294967257;1022;1001;1001;855;937;933;837;1797
953.118782;5;22;4294967250;1022;1001;1002;852;937;932;837;1802
953.618566;4;22;4294967255;1022;1001;1003;854;937;933;837;1801
954.118524;5;21;4294967251;1021;1001;1001;855;937;932;837;1799
954.618902;5;21;4294967257;1022;1002;1002;856;936;934;839;1801
955.118177;5;21;4294967253;1021;1001;1004;855;937;934;838;1803
955.618599;4;21;4294967257;1022;1000;1002;856;937;936;837;1800
956.119348;5;21;4294967256;1022;1001;1002;855;937;935;837;1802
956.618835;4;21;4294967256;1021;1002;1002;855;938;935;838;1802
957.118515;4;21;4294967254;1022;1002;1002;855;937;935;838;1799
957.618501;5;21;4294967256;1022;1001;1002;855;937;936;838;1800
958.118898;5;21;4294967255;1022;1001;1003;856;939;935;838;1800
958.618637;5;21;4294967254;1021;1000;1003;855;940;935;839;1800
959.118449;5;21;4294967257;1022;1001;1003;854;939;936;838;1803
959.618827;5;21;4294967256;1022;1002;1002;856;939;936;838;1803
960.118789;5;22;4294967256;1022;1001;1003;855;939;936;838;1800
960.618358;5;21;4294967255;1021;1001;1002;856;940;937;838;1800
961.118426;5;21;4294967259;1022;1001;1002;856;940;936;838;1801
961.618462;5;21;4294967256;1022;1002;1002;855;941;937;839;1802
962.11923;5;21;4294967252;1021;1003;1003;856;940;938;839;1800
962.61945;4;20;4294967254;1021;1001;1003;856;941;936;838;1801
963.118731;5;21;4294967257;1022;1001;1003;855;941;938;839;1801
963.619151;6;20;4294967258;1022;1002;1002;855;944;938;838;1801
964.119238;5;20;4294967252;1022;1001;1003;855;940;939;839;1803
964.619383;5;20;4294967255;1022;1001;1004;855;941;938;838;1799
965.119377;4;21;4294967255;1022;1003;1003;856;941;939;840;1800
965.618517;5;20;4294967256;1022;1001;1003;854;943;939;839;1803
966.11857;4;20;4294967254;1022;1002;1004;854;941;940;844;1801
966.618515;4;20;4294967253;1022;1001;1004;855;942;939;839;1802
967.118845;4;20;4294967256;1022;1002;1003;855;943;939;839;1802
967.618533;4;20;4294967255;1022;1001;1003;855;943;940;839;1802
968.117808;5;20;4294967257;1022;1004;1003;855;942;939;839;1800
968.618459;4;20;4294967255;1022;1003;1003;855;943;939;840;1800
969.118451;5;20;4294967256;1022;1002;1004;856;943;940;839;1802
969.61843;4;20;4294967258;1022;1003;1003;855;942;940;839;1801
970.116132;5;19;4294967256;1021;1002;1004;855;942;941;840;1802
970.618922;4;20;4294967255;1022;1001;1003;856;943;942;839;1801
971.11792;5;19;4294967258;1022;1002;1003;855;944;942;839;1800
971.618577;4;20;4294967256;1022;1002;1003;855;944;942;840;1801
972.11833;4;20;4294967253;1022;1002;1001;855;945;942;840;1804
972.620315;4;20;4294967257;1022;1004;1003;855;946;943;840;1802
973.118569;4;20;4294967253;1022;1003;1004;856;946;943;839;1799
973.618711;5;19;4294967255;1022;1002;1004;855;945;943;840;1800
974.118619;4;18;4294967254;1021;1002;1004;855;947;943;840;1800
974.618804;4;19;4294967257;1022;1002;1004;855;946;943;840;1802
975.120956;5;19;4294967255;1021;1002;1003;855;947;943;841;1801
975.618757;5;19;4294967258;1022;1003;1003;855;947;943;840;1804
976.118567;4;19;4294967255;1022;1003;1003;855;946;944;839;1802
976.618468;5;19;4294967258;1022;1003;1003;856;946;944;841;1803
977.119361;5;19;4294967257;1022;1001;1004;855;947;943;841;1799
977.617984;5;18;4294967258;1025;1004;1004;855;947;944;840;1800
978.1186;4;20;4294967255;1022;1003;1003;856;947;944;840;1800
978.62152;4;19;4294967257;1022;1003;1004;856;946;944;839;1802
979.118841;3;19;4294967256;1022;1004;1005;856;947;945;841;1800
979.618196;4;19;4294967257;1022;1003;1003;854;946;946;841;1802
980.118441;4;19;4294967255;1021;1003;1003;855;948;946;841;1798
980.618568;4;19;4294967256;1022;1003;1005;856;948;945;841;1802
981.118257;5;18;4294967256;1021;1004;1004;856;948;946;841;1802
981.617575;4;18;4294967253;1021;1003;1004;856;948;946;842;1799
982.118773;4;18;4294967254;1021;1003;1004;856;948;946;840;1803
982.618435;4;18;4294967254;1023;1003;1008;856;948;946;842;1799
983.118359;5;18;4294967256;1022;1004;1004;855;949;947;841;1801
983.618485;4;19;4294967256;1022;1005;1004;855;950;947;841;1800
984.119067;4;18;4294967257;1022;1004;1004;855;950;947;841;1803
984.618366;5;18;4294967255;1021;1003;1004;856;951;946;841;1799
985.118786;4;17;4294967253;1021;1003;1004;855;951;946;842;1799
985.618383;4;18;4294967253;1022;1002;1007;856;951;947;840;1801
986.118789;4;18;4294967257;1022;1004;1005;856;951;947;841;1801
986.619329;4;18;4294967256;1021;1003;1004;855;951;948;841;1802
987.118017;5;18;4294967256;1022;1004;1005;855;951;948;842;1800
987.618628;4;18;4294967256;1022;1002;1004;855;952;943;841;1803
988.118414;4;17;4294967257;1022;1003;1004;856;951;948;841;1802
988.618803;4;17;4294967255;1022;1003;1004;855;952;948;841;1801
989.118604;4;18;4294967256;1022;1003;1004;854;952;949;842;1800
989.61875;4;18;4294967254;1021;1004;1004;855;952;949;842;1800
990.118653;4;18;4294967256;1021;1004;1004;856;952;949;842;1803
990.61835;4;18;4294967257;1021;1002;1005;857;953;949;842;1801
991.119031;4;17;4294967256;1022;1003;1004;856;953;949;842;1804
991.61857;4;18;4294967256;1022;1003;1005;854;953;950;843;1801
992.118164;4;18;4294967253;1021;1003;1004;856;953;951;841;1801
992.619184;4;17;4294967256;1022;1003;1005;856;953;950;842;1803
993.118534;4;17;4294967257;1022;1004;1004;855;953;950;842;1801
993.618487;4;18;4294967256;1022;1004;1005;855;954;955;842;1801
994.119318;4;17;4294967253;1022;1003;1005;856;953;950;842;1801
994.619008;4;17;4294967254;1022;1003;1005;856;954;950;842;1799
995.118882;4;17;4294967255;1022;1003;1005;856;953;949;842;1803
995.618506;5;17;4294967256;1022;1003;1005;856;954;950;842;1801
996.119217;4;17;4294967256;1022;1003;1005;855;954;952;843;1800
996.618473;4;17;4294967255;1022;1004;1005;855;954;951;842;1803
997.119158;3;17;4294967257;1022;1003;1005;857;953;952;842;1804
997.619005;4;17;4294967260;1023;1004;1004;855;956;951;843;1800
998.11885;3;18;4294967255;1023;1004;1004;855;956;951;843;1803
998.618349;4;17;4294967256;1021;1004;1005;855;956;952;843;1800
999.117863;5;17;4294967255;1022;1004;1005;856;956;952;842;1800
999.618262;4;17;4294967258;1023;1004;1005;855;955;953;842;1802
1000.118962;4;17;4294967255;1022;1007;1004;855;955;953;843;1801
1000.618388;3;17;4294967255;1022;1004;1005;856;955;953;843;1799
1001.118826;4;16;4294967252;1022;1003;1007;856;954;953;843;1799
1001.618564;4;16;4294967257;1020;1004;1004;856;955;953;843;1801
1002.118879;4;17;4294967253;1021;1005;1005;856;956;953;842;1802
1002.618607;4;17;4294967256;1022;1004;1005;855;956;953;843;1800
1003.118969;4;17;4294967257;1022;1004;1006;855;956;954;843;1799
1003.61812;4;16;4294967256;1022;1005;1005;855;957;954;844;1800
1004.118812;4;17;4294967257;1021;1004;1004;856;956;954;844;1801
1004.618397;3;16;4294967255;1019;1004;1005;856;956;955;843;1801
1005.118419;3;16;4294967250;1022;1004;1004;856;956;954;843;1802
1005.618973;5;16;4294967255;1022;1004;1005;855;956;955;844;1804
1006.118595;3;16;4294967254;1021;1004;1005;856;956;955;843;1800
1006.618593;4;16;4294967257;1021;1004;1005;856;956;955;844;1800
1007.118814;4;16;4294967256;1022;1004;1004;856;956;955;843;1802
1007.618997;3;16;4294967254;1022;1004;1005;856;956;955;843;1799
1008.118781;4;16;4294967258;1021;1004;1005;856;956;957;843;1800
1008.618635;4;16;4294967255;1021;1005;1007;857;957;957;847;1799
1009.118087;3;16;4294967255;1021;1005;1005;856;957;956;843;1801
1009.618849;4;16;4294967252;1022;1004;1005;856;957;957;844;1803
1010.117537;4;16;4294967259;1022;1005;1005;856;957;956;844;1802
1010.618498;3;15;4294967256;1022;1004;1005;855;955;956;844;1801
1011.118565;4;16;4294967255;1021;1004;1006;857;958;957;843;1800
1011.619478;4;16;4294967254;1022;1005;1006;855;958;956;844;1801
1012.118551;4;16;4294967259;1021;1003;1005;855;958;957;843;1801
1012.617233;4;15;4294967255;1021;1004;1006;856;959;956;844;1802
1013.117482;4;16;4294967255;1021;1004;1004;856;959;957;848;1802
1013.618197;3;16;4294967253;1022;1004;1005;856;959;957;844;1802
1014.118079;4;16;4294967254;1022;1005;1006;856;959;957;844;1799
1014.618833;4;16;4294967259;1021;1005;1005;856;959;958;844;1799
1015.118125;4;16;4294967256;1022;1004;1006;856;958;958;844;1802
1015.618624;4;15;4294967257;1021;1005;1005;857;960;958;845;1800
1016.118598;3;16;4294967256;1022;1005;1006;857;959;958;844;1801
1016.617785;4;16;4294967256;1022;1005;1006;856;959;959;845;1800
1017.119335;4;16;4294967257;1022;1005;1005;856;960;958;845;1798
1017.618902;4;15;4294967257;1022;1005;1006;855;961;958;844;1801
1018.118154;4;15;4294967257;1022;1005;1005;855;963;959;844;1803
1018.618429;4;15;4294967256;1022;1005;1007;856;962;959;844;1800
1019.118356;3;16;4294967256;1021;1006;1002;856;960;960;845;1797
1019.61841;5;15;4294967257;1021;1005;1005;856;960;959;844;1802
1020.118833;4;16;4294967262;1021;1005;1006;856;961;959;844;1800
1020.617652;4;15;4294967253;1021;1005;1006;855;960;959;845;1803
1021.118825;3;15;4294967257;1021;1002;1006;857;961;959;845;1799
1021.61861;4;15;4294967257;1020;1004;1006;855;961;960;845;1801
1022.119094;3;15;4294967254;1022;1005;1007;856;961;963;845;1801
1022.6178;4;14;4294967258;1021;1005;1006;856;962;961;845;1801
1023.118836;4;14;4294967255;1022;1004;1007;856;961;961;844;1803
1023.618906;4;15;4294967256;1021;1005;1006;856;963;962;842;1801
1024.119033;4;14;4294967253;1022;1004;1007;856;963;961;845;1802
1024.619193;3;15;4294967255;1021;1005;1007;856;964;961;846;1803
1025.118289;3;15;4294967253;1022;1004;1007;856;964;961;846;1801
1025.619158;3;15;4294967253;1022;1005;1007;860;963;962;844;1800
1026.118536;4;15;4294967256;1022;1006;1006;856;964;962;846;1799
1026.618835;4;15;4294967253;1021;1006;1006;856;963;962;845;1801
1027.118516;3;15;4294967256;1022;1005;1007;857;964;963;845;1800
1027.618447;3;15;4294967258;1022;1005;1007;856;965;962;845;1800
1028.118836;3;15;4294967257;1022;1006;1007;857;966;963;846;1800
1028.618583;4;14;4294967256;1022;1005;1007;856;965;964;845;1800
1029.118511;3;15;4294967256;1021;1005;1007;856;965;963;846;1802
1029.619377;3;14;4294967252;1022;1006;1007;856;966;963;846;1802
1030.118474;3;15;4294967256;1023;1006;1007;856;967;963;846;1803
1030.618566;3;15;4294967257;1021;1004;1007;856;967;964;846;1801
1031.119104;3;14;4294967256;1020;1005;1007;856;967;963;846;1800
1031.619541;3;15;4294967256;1022;1007;1007;856;968;964;846;1800
1032.118835;3;15;4294967257;1025;1006;1007;856;966;965;846;1802
1032.618608;3;14;4294967254;1022;1006;1007;856;966;965;846;1800
1033.117783;3;14;4294967256;1022;1006;1007;857;968;966;846;1802
1033.617742;3;14;4294967253;1022;1006;1007;856;966;965;846;1802
1034.11882;3;14;4294967259;1022;1006;1008;856;966;965;846;1803
1034.618655;3;14;4294967255;1022;1006;1006;856;969;964;847;1803
1035.133373;3;14;4294967254;1022;1005;1007;856;968;965;846;1800
1035.618207;4;14;4294967255;1022;1006;1006;856;966;966;845;1801
1036.118595;3;14;4294967256;1022;1007;1007;856;967;965;844;1801
1036.618762;3;14;4294967258;1022;1006;1007;856;967;965;846;1800
1037.117259;3;14;4294967257;1021;1005;1007;856;967;964;847;1803
1037.618652;4;14;4294967259;1022;1007;1007;856;967;966;846;1802
1038.117308;3;13;4294967255;1021;1006;1007;856;968;965;846;1799
1038.617207;4;14;4294967253;1022;1005;1007;856;968;965;846;1799
1039.11891;3;13;4294967254;1022;1006;1007;857;968;966;847;1800
1039.616338;3;14;4294967261;1022;1005;1010;856;968;965;846;1800
1040.118186;4;13;4294967253;1022;1007;1006;856;968;966;846;1799
1040.61888;3;13;4294967255;1022;1006;1007;856;969;966;847;1799
1041.118555;2;14;4294967256;1023;1006;1006;856;968;966;847;1802
1041.619648;4;13;4294967257;1022;1006;1006;856;969;966;846;1802
1042.119163;3;13;4294967252;1022;1006;1007;856;969;967;846;1802
1042.61909;3;14;4294967255;1022;1006;1007;857;969;966;846;1798
1043.118773;4;13;4294967258;1022;1007;1006;857;968;966;847;1801
1043.618451;4;13;4294967255;1022;1006;1007;857;970;964;847;1802
1044.11875;3;13;4294967258;1022;1006;1006;857;969;965;847;1803
1044.618837;3;13;4294967258;1022;1006;1007;856;969;967;846;1803
1045.118501;4;13;4294967251;1022;1006;1007;859;970;967;847;1803
1045.618109;3;13;4294967253;1021;1006;1007;857;969;967;846;1805
1046.119873;3;13;4294967255;1021;1006;1007;856;970;968;847;1803
1046.618939;3;13;4294967258;1022;1006;1008;857;970;968;847;1802
1047.118762;3;14;4294967261;1023;1005;1007;857;968;968;847;1802
1047.61813;4;13;4294967254;1022;1006;1007;857;970;968;847;1800
1048.11877;3;13;4294967256;1022;1006;1007;856;971;968;847;1800
1048.618954;3;13;4294967255;1022;1005;1006;857;970;968;847;1798
1049.119038;3;13;4294967254;1022;1006;1007;856;970;970;847;1803
1049.619459;3;13;4294967255;1023;1006;1008;856;970;969;847;1800
1050.119107;4;13;4294967253;1021;1006;1007;856;971;968;847;1800
1050.618798;4;13;4294967257;1022;1006;1008;857;972;970;847;1799
1051.118773;3;13;4294967254;1022;1006;1007;856;972;968;848;1801
1051.618754;3;14;4294967258;1021;1007;1007;857;972;969;848;1800
1052.118188;3;12;4294967253;1022;1007;1007;856;971;970;848;1799
1052.618352;3;13;4294967259;1021;1006;1007;856;972;969;847;1801
1053.118565;2;12;4294967255;1021;1006;1007;856;973;969;848;1802
1053.618966;4;12;4294967256;1023;1007;1008;856;973;969;848;1802
1054.118783;2;13;4294967256;1022;1006;1007;856;973;971;847;1800
1054.619256;3;12;4294967257;1022;1007;1007;857;974;970;848;1800
1055.119258;3;12;4294967252;1023;1007;1008;857;974;968;848;1804
1055.619021;3;13;4294967257;1022;1007;1008;858;974;971;847;1801
1056.118937;3;12;4294967259;1021;1006;1007;856;974;971;847;1800
1056.619411;3;12;4294967255;1022;1008;1008;857;975;972;848;1800
1057.118087;3;12;4294967257;1023;1007;1009;858;973;971;847;1800
1057.618081;3;12;4294967256;1022;1008;1009;856;974;971;848;1802
1058.117492;3;12;4294967255;1022;1006;1009;858;974;972;848;1800
1058.618591;2;12;4294967254;1023;1008;1009;857;975;971;848;1800
1059.117887;3;12;4294967256;1022;1008;1009;857;975;969;849;1802
1059.618374;2;13;4294967252;1022;1007;1008;857;976;972;848;1803
1060.118792;3;13;4294967257;1022;1007;1008;856;975;972;847;1802
1060.618619;2;12;4294967258;1022;1007;1009;857;976;973;847;1803
1061.118741;3;12;4294967256;1022;1008;1009;856;976;972;852;1801
1061.619012;3;12;4294967254;1022;1008;1010;856;976;972;848;1799
1062.118363;4;12;4294967257;1022;1007;1009;856;977;974;848;1802
1062.617787;2;12;4294967255;1022;1009;1009;857;976;973;849;1800
1063.11879;3;12;4294967254;1022;1008;1009;857;976;974;847;1803
1063.618975;4;12;4294967255;1022;1008;1012;856;977;973;848;1801
1064.118944;3;12;4294967254;1023;1007;1009;856;977;973;848;1801
1064.618516;3;12;4294967255;1023;1008;1010;857;978;971;849;1803
1065.119428;3;12;4294967256;1022;1008;1009;857;978;973;850;1800
1065.619335;4;12;4294967259;1023;1007;1010;856;977;974;848;1801
1066.118419;3;12;4294967257;1023;1008;1009;856;977;975;850;1803
1066.61838;2;11;4294967256;1022;1007;1009;857;977;974;848;1800
1067.118647;3;12;4294967255;1021;1007;1009;856;977;974;848;1802
1067.619012;3;12;4294967255;1020;1008;1010;856;978;974;848;1800
1068.119319;3;11;4294967258;1022;1008;1009;857;977;975;848;1802
1068.618826;3;12;4294967255;1022;1009;1009;856;978;975;849;1800
1069.118757;3;12;4294967262;1025;1009;1009;857;979;975;849;1802
1069.619564;4;11;4294967257;1022;1009;1009;857;979;976;848;1799
1070.11886;3;11;4294967258;1021;1008;1009;856;977;975;849;1802
1070.619392;3;11;4294967255;1022;1008;1009;856;978;976;849;1802
1071.11772;3;11;4294967257;1022;1008;1009;854;978;976;849;1800
1071.618459;3;11;4294967257;1022;1006;1009;857;979;975;849;1800
1072.118866;3;10;4294967257;1022;1009;1009;856;979;976;848;1801
1072.618643;3;12;4294967260;1022;1007;1009;856;980;977;849;1800
1073.118406;3;11;4294967252;1022;1009;1009;858;980;978;850;1800
1073.619103;3;11;4294967256;1023;1008;1009;856;980;976;850;1800
1074.117936;4;10;4294967257;1022;1008;1008;857;980;977;849;1800
1074.618568;3;11;4294967256;1023;1008;1010;856;981;977;849;1803
1075.118488;3;11;4294967254;1022;1009;1010;857;981;977;849;1802
1075.618544;3;10;4294967255;1022;1008;1009;857;981;978;850;1803
1076.118056;3;11;4294967251;1022;1010;1010;857;981;977;849;1803
1076.619419;3;11;4294967253;1022;1008;1009;857;981;977;849;1800
1077.119419;2;11;4294967261;1022;1009;1009;856;982;977;849;1802
1077.619258;3;11;4294967254;1022;1010;1009;861;983;977;849;1800
1078.119135;2;11;4294967256;1023;1008;1009;856;983;978;850;1804
1078.618412;3;11;4294967254;1022;1009;1009;857;983;978;849;1800
1079.118326;3;10;4294967255;1022;1009;1009;858;982;977;849;1799
1079.618457;3;11;4294967255;1021;1009;1009;857;984;977;848;1799
1080.118844;2;11;4294967257;1022;1009;1009;859;983;977;850;1800
1080.618353;3;10;4294967254;1022;1009;1010;858;984;978;849;1800
1081.118333;3;10;4294967253;1022;1009;1009;858;984;977;850;1799
1081.618993;3;11;4294967255;1022;1009;1009;857;983;979;851;1799
1082.118366;3;10;4294967259;1021;1009;1009;860;983;978;850;1803
1082.618485;2;10;4294967256;1022;1009;1010;856;984;978;849;1802
1083.119076;2;10;4294967252;1022;1010;1009;856;984;979;853;1800
1083.618571;3;10;4294967255;1021;1009;1010;856;985;978;850;1800
1084.118749;2;11;4294967253;1022;1009;1010;856;987;979;848;1801
1084.618564;3;11;4294967253;1023;1009;1010;856;985;984;850;1800
1085.119459;2;10;4294967253;1022;1010;1010;856;985;978;850;1803
1085.618359;3;10;4294967255;1022;1009;1009;857;985;979;850;1802
1086.118232;2;11;4294967257;1022;1010;1010;857;986;978;849;1802
1086.618719;3;11;4294967255;1021;1010;1011;857;986;979;852;1801
1087.118498;3;10;4294967256;1022;1009;1012;856;986;979;851;1801
1087.618719;3;11;4294967256;1022;1010;1010;857;986;979;850;1802
1088.118192;3;10;4294967255;1022;1010;1010;857;986;981;849;1800
1088.618605;3;10;4294967253;1022;1010;1011;857;986;981;850;1803
1089.118109;2;11;4294967259;1022;1010;1010;858;986;981;851;1803
1089.618536;4;10;4294967256;1022;1011;1011;856;987;980;851;1801
1090.118581;3;10;4294967256;1022;1010;1011;857;987;981;849;1801
1090.618985;2;10;4294967256;1022;1011;1011;857;987;981;850;1800
1091.118135;3;11;4294967253;1023;1010;1011;857;987;981;851;1800
1091.618765;3;10;4294967254;1022;1010;1011;858;987;981;851;1799
1092.119114;3;10;4294967256;1022;1010;1011;857;987;982;850;1800
1092.618668;4;11;4294967253;1022;1010;1011;858;987;981;850;1800
1093.118796;2;10;4294967257;1022;1010;1012;857;989;982;851;1801
1093.619132;2;11;4294967258;1021;1011;1010;857;989;981;851;1802
1094.118922;3;10;4294967254;1022;1011;1011;858;988;982;850;1803
1094.618187;3;10;4294967252;1023;1010;1011;857;990;982;850;1799
1095.118655;2;10;4294967252;1023;1011;1012;857;989;982;851;1803
1095.618573;3;10;4294967257;1022;1012;1011;857;989;982;851;1800
1096.119472;3;9;4294967254;1021;1011;1011;857;988;984;850;1802
1096.618295;2;10;4294967255;1023;1011;1012;857;988;984;851;1801
1097.118977;3;10;4294967258;1022;1011;1011;857;989;984;850;1802
1097.618448;2;9;4294967257;1022;1012;1011;858;990;982;850;1802
1098.118161;3;10;4294967258;1022;1011;1011;857;990;984;851;1800
1098.618449;2;10;4294967257;1023;1011;1013;855;988;984;850;1801
1099.118559;3;10;4294967252;1022;1011;1011;857;989;982;850;1800
1099.618338;3;10;4294967255;1023;1011;1012;857;989;984;850;1802
1100.119161;3;9;4294967254;1023;1011;1012;856;989;983;850;1800
1100.617776;3;9;4294967255;1022;1011;1012;857;990;983;851;1800
1101.1191;3;9;4294967255;1022;1011;1012;858;989;984;851;1801
1101.617074;2;9;4294967253;1023;1012;1011;858;988;984;852;1802
1102.119206;3;9;4294967256;1022;1011;1013;857;991;984;851;1801
1102.61887;3;9;4294967256;1022;1011;1012;857;989;984;851;1800
1103.117135;3;8;4294967253;1022;1011;1012;857;990;985;850;1801
1103.619116;2;9;4294967258;1022;1011;1012;858;990;983;850;1801
1104.119146;2;9;4294967257;1022;1010;1013;858;990;984;851;1802
1104.618015;2;8;4294967259;1023;1012;1013;857;989;985;851;1800
1105.118753;2;9;4294967255;1023;1012;1012;857;991;985;851;1800
1105.618184;2;9;4294967253;1022;1011;1012;857;991;985;851;1801
1106.118345;3;10;4294967256;1022;1012;1013;857;990;984;851;1802
1106.61929;2;8;4294967256;1022;1012;1012;858;990;985;851;1802
1107.118508;2;9;4294967254;1023;1011;1012;857;990;985;850;1799
1107.618421;2;9;4294967255;1023;1012;1012;857;990;986;851;1801
1108.117512;2;9;4294967252;1023;1013;1013;858;990;985;851;1803
1108.618811;3;9;4294967253;1022;1012;1011;858;989;986;851;1800
1109.119106;2;9;4294967256;1022;1011;1012;857;990;985;852;1800
1109.619079;2;9;4294967257;1023;1013;1011;857;989;985;851;1799
1110.119235;2;9;4294967258;1023;1012;1012;858;989;984;851;1803
1110.61897;2;8;4294967260;1023;1012;1013;858;989;986;851;1801
1111.119096;2;9;4294967257;1023;1012;1012;858;990;986;851;1800
1111.619034;3;8;4294967252;1023;1012;1013;857;990;986;851;1799
1112.119248;2;8;4294967259;1022;1012;1013;857;990;986;851;1804
1112.619673;3;8;4294967254;1022;1010;1012;858;991;985;851;1801
1113.120211;3;9;4294967255;1023;1012;1012;857;990;985;852;1801
1113.619373;2;9;4294967256;1023;1013;1012;858;991;985;851;1799
1114.119058;2;8;4294967251;1022;1011;1012;858;991;986;851;1799
1114.619222;2;9;4294967254;1022;1012;1014;858;991;986;852;1800
1115.118895;2;8;4294967255;1023;1010;1012;858;992;987;851;1800
1115.618749;2;8;4294967255;1023;1012;1013;859;994;987;852;1804
1116.119175;2;9;4294967253;1023;1012;1013;858;992;987;851;1799
1116.619086;2;9;4294967256;1023;1012;1012;858;992;987;851;1799
1117.119075;3;8;4294967252;1022;1012;1012;858;993;987;851;1800
1117.619327;3;8;4294967255;1022;1012;1013;857;992;987;852;1800
1118.119431;2;8;4294967256;1022;1013;1013;858;990;987;852;1800
1118.619559;2;9;4294967252;1022;1012;1013;858;994;987;852;1799
1119.118445;2;8;4294967255;1023;1012;1013;858;994;988;852;1800
1119.619232;2;8;4294967254;1023;1013;1013;857;995;987;852;1799
1120.119385;2;9;4294967255;1023;1013;1014;857;995;988;852;1802
1120.618605;1;8;4294967258;1023;1013;1014;858;994;989;851;1800
1121.11928;2;8;4294967254;1023;1014;1014;857;995;988;851;1802
1121.619559;2;8;4294967252;1023;1014;1014;858;994;988;853;1802
1122.11984;3;8;4294967257;1023;1013;1014;859;995;989;852;1801
1122.619308;2;9;4294967254;1022;1014;1015;861;996;989;853;1800
1123.119511;2;7;4294967256;1023;1013;1014;859;996;989;852;1801
1123.618455;2;8;4294967256;1023;1013;1014;858;994;990;852;1802
1124.119674;2;8;4294967257;1023;1013;1014;857;995;990;852;1799
1124.618896;1;8;4294967256;1023;1014;1014;858;996;989;853;1800
1125.119153;2;8;4294967255;1023;1013;1014;857;996;990;852;1801
1125.619228;2;7;4294967255;1022;1012;1015;858;995;989;852;1799
1126.119527;3;8;4294967257;1023;1014;1014;857;996;989;854;1800
1126.619288;2;8;4294967253;1022;1011;1014;857;996;989;853;1799
1127.119339;2;8;4294967262;1023;1014;1013;858;995;989;853;1799
1127.618554;3;8;4294967256;1023;1013;1014;858;995;991;852;1801
1128.119538;2;8;4294967254;1022;1013;1014;858;997;989;853;1800
1128.618549;1;8;4294967255;1023;1012;1014;858;995;989;853;1803
1129.119312;1;8;4294967254;1022;1013;1014;858;996;989;853;1800
1129.617071;2;8;4294967257;1023;1014;1015;858;996;989;853;1803
1130.119243;2;8;4294967256;1023;1015;1015;858;995;989;853;1802
1130.619382;2;8;4294967255;1023;1013;1014;857;996;990;852;1799
1131.118299;2;7;4294967254;1022;1014;1014;858;996;989;852;1801
1131.618505;2;8;4294967257;1023;1013;1013;858;996;991;853;1803
1132.119397;2;8;4294967256;1023;1014;1014;858;996;991;852;1803
1132.619151;1;7;4294967256;1022;1014;1013;859;996;991;853;1802
1133.118627;2;8;4294967258;1023;1014;1015;858;997;990;853;1803
1133.619463;2;7;4294967254;1022;1012;1014;858;997;991;853;1800
1134.119496;3;8;4294967258;1022;1013;1014;858;997;991;853;1802
1134.618906;1;8;4294967255;1022;1014;1015;859;997;991;852;1804
1135.118682;3;8;4294967256;1023;1014;1014;857;997;992;853;1801
1135.619812;2;7;4294967255;1023;1014;1014;858;998;992;853;1800
1136.118344;3;8;4294967257;1023;1013;1015;858;998;990;852;1803
1136.618672;2;7;4294967257;1023;1014;1014;858;997;992;854;1803
1137.119493;1;8;4294967256;1022;1014;1014;858;997;991;852;1800
1137.618802;1;8;4294967256;1023;1014;1014;858;997;991;853;1802
1138.116966;2;7;4294967254;1023;1014;1014;858;997;992;853;1801
1138.619452;2;8;4294967256;1023;1014;1015;858;997;991;853;1800
1139.119843;1;7;4294967259;1023;1014;1016;858;997;992;852;1802
1139.619196;2;7;4294967255;1023;1013;1014;859;997;991;854;1802
1140.119834;3;8;4294967256;1023;1013;1014;858;997;991;853;1800
1140.619376;2;8;4294967255;1022;1014;1015;858;997;992;857;1801
1141.120036;2;7;4294967255;1023;1014;1018;858;997;992;853;1799
1141.619338;2;7;4294967257;1023;1013;1015;857;998;993;853;1800
1142.119383;2;7;4294967256;1023;1015;1015;858;998;993;853;1800
1142.619493;3;7;4294967255;1023;1013;1015;858;997;992;852;1802
1143.120082;2;7;4294967254;1022;1014;1014;858;997;991;852;1800
1143.619503;1;7;4294967259;1023;1014;1015;859;997;992;852;1801
1144.119464;2;7;4294967258;1024;1014;1014;857;998;992;852;1801
1144.618786;2;7;4294967255;1023;1015;1014;857;997;992;854;1800
1145.119386;2;7;4294967254;1023;1015;1015;858;998;992;853;1800
1145.619465;2;7;4294967255;1023;1015;1015;858;998;994;853;1801
1146.119229;2;7;4294967251;1023;1014;1015;858;998;994;853;1800
1146.619157;2;7;4294967261;1023;1016;1015;858;999;993;853;1798
1147.119094;1;7;4294967256;1023;1015;1015;859;999;994;853;1799
1147.619909;1;7;4294967253;1023;1015;1015;859;1000;993;853;1801
1148.119016;2;7;4294967257;1023;1016;1016;858;999;994;854;1800
1148.619475;1;8;4294967256;1023;1015;1016;858;1000;993;852;1803
1149.119453;2;7;4294967260;1023;1017;1015;858;1000;993;854;1800
1149.618622;2;7;4294967259;1023;1015;1015;858;1000;994;852;1802
1150.12044;1;7;4294967256;1023;1016;1015;858;1001;994;855;1800
1150.619458;2;7;4294967256;1022;1015;1015;859;1001;994;853;1801
1151.11936;1;7;4294967256;1023;1015;1016;858;1000;995;853;1802
1151.619206;2;7;4294967257;1023;1015;1015;858;1001;994;853;1802
1152.119218;2;7;4294967250;1023;1016;1016;857;1001;994;854;1801
1152.619136;2;7;4294967257;1023;1015;1015;858;1002;994;854;1800
1153.119399;3;7;4294967257;1023;1015;1013;857;1002;995;853;1800
1153.619333;1;7;4294967256;1023;1015;1016;858;1002;995;853;1800
1154.1196;2;7;4294967252;1023;1015;1016;858;1001;994;854;1798
1154.618064;1;7;4294967260;1023;1016;1016;858;1002;995;853;1801
1155.119604;2;7;4294967256;1022;1016;1015;858;1001;994;854;1799
1155.61948;2;7;4294967258;1022;1016;1016;859;1002;994;854;1800
1156.119028;1;6;4294967259;1023;1016;1016;858;1002;995;854;1801
1156.618939;2;6;4294967257;1023;1016;1015;859;1002;995;854;1801
1157.118854;2;7;4294967256;1023;1016;1015;858;1003;996;854;1799
1157.619459;2;7;4294967254;1023;1016;1016;858;1003;996;854;1801
1158.119542;1;7;4294967257;1023;1016;1018;859;1003;995;853;1801
1158.618416;2;7;4294967259;1023;1015;1016;858;1002;997;854;1799
1159.119516;3;7;4294967256;1023;1016;1016;858;1002;996;854;1803
1159.618551;2;7;4294967253;1022;1016;1016;858;1002;996;855;1803
1160.119555;2;6;4294967258;1023;1015;1017;858;1002;996;854;1802
1160.618469;2;6;4294967256;1023;1015;1017;861;1002;996;854;1802
1161.119468;1;7;4294967259;1022;1016;1016;859;1002;997;853;1797
1161.617798;2;6;4294967257;1023;1015;1018;858;1003;996;854;1800
1162.119329;2;6;4294967255;1022;1016;1017;859;1003;996;854;1803
1162.619343;1;6;4294967257;1023;1017;1016;858;1003;996;854;1800
1163.119317;2;6;4294967255;1023;1015;1018;859;1001;996;856;1804
1163.619045;2;7;4294967254;1023;1017;1017;858;1002;996;854;1800
1164.118188;2;6;4294967255;1023;1017;1016;858;1002;997;854;1800
1164.618885;1;7;4294967254;1023;1016;1016;858;1002;997;854;1801
1165.119733;2;6;4294967254;1022;1016;1017;858;1003;997;852;1799
1165.618979;1;6;4294967258;1023;1016;1017;858;1002;998;855;1799
1166.11961;2;6;4294967254;1022;1016;1017;859;1002;996;853;1803
1166.61894;1;6;4294967256;1023;1016;1016;859;1002;997;854;1801
1167.119379;2;7;4294967254;1021;1016;1017;858;1002;996;855;1800
1167.619515;1;5;4294967258;1023;1016;1017;859;1003;997;855;1802
1168.119033;1;6;4294967257;1023;1017;1017;859;1002;997;855;1802
1168.618834;2;6;4294967256;1023;1017;1017;859;1003;997;855;1803
1169.118908;1;6;4294967260;1022;1017;1017;859;1004;997;855;1802
1169.618548;2;6;4294967255;1022;1017;1017;858;1004;997;854;1803
1170.119122;1;5;4294967253;1022;1017;1017;858;1003;998;855;1801
1170.61892;2;6;4294967259;1022;1017;1017;859;1004;999;855;1801
1171.116408;2;6;4294967260;1023;1017;1017;858;1005;997;854;1800
1171.618164;2;6;4294967256;1023;1016;1018;859;1004;998;855;1801
1172.118534;1;6;4294967259;1023;1017;1017;859;1004;997;859;1801
1172.617319;1;6;4294967257;1023;1016;1017;859;1004;997;855;1800
1173.1194;2;6;4294967252;1023;1016;1018;859;1003;998;855;1801
1173.618401;1;6;4294967255;1023;1016;1017;859;1003;998;855;1803
1174.118575;1;6;4294967257;1023;1016;1017;858;1003;998;855;1804
1174.619467;1;6;4294967254;1023;1017;1017;858;1004;998;855;1801
1175.119151;0;6;4294967257;1027;1016;1018;858;1005;999;855;1800
1175.619521;1;6;4294967252;1023;1018;1017;858;1003;999;852;1803
1176.120109;1;6;4294967255;1022;1017;1018;860;1005;998;855;1802
1176.619027;1;6;4294967256;1022;1017;1018;858;1004;998;856;1803
1177.119115;1;5;4294967259;1023;1017;1017;858;1005;999;855;1803
1177.618533;1;6;4294967258;1022;1017;1019;859;1005;1003;855;1802
1178.119359;1;6;4294967255;1023;1018;1017;859;1004;999;854;1802
1178.619037;2;6;4294967253;1023;1018;1018;859;1004;1000;854;1802
1179.118738;1;6;4294967255;1023;1017;1016;858;1004;998;856;1801
1179.618856;1;5;4294967261;1022;1017;1017;859;1005;999;854;1800
1180.119188;1;6;4294967259;1023;1018;1018;858;1005;999;855;1800
1180.619603;1;6;4294967253;1023;1017;1017;860;1005;1000;855;1804
1181.118927;1;5;4294967255;1023;1020;1018;858;1004;1000;854;1802
1181.618467;1;6;4294967257;1023;1017;1017;859;1005;999;855;1801
1182.118141;2;5;4294967256;1023;1018;1018;859;1004;999;855;1803
1182.61939;2;5;4294967256;1023;1018;1018;859;1005;999;855;1801
1183.119139;1;5;4294967255;1022;1017;1018;859;1005;1000;855;1801
1183.619024;1;6;4294967257;1023;1018;1018;859;1005;1000;856;1800
1184.118481;1;6;4294967256;1023;1018;1018;859;1006;1000;854;1800
1184.619378;1;6;4294967256;1023;1018;1018;859;1006;999;855;1802
1185.119086;1;6;4294967258;1023;1018;1018;859;1005;1000;856;1801
1185.619276;1;5;4294967256;1023;1017;1018;858;1005;999;855;1800
1186.118426;2;5;4294967257;1022;1018;1018;858;1005;999;855;1803
1186.618132;1;5;4294967257;1023;1018;1018;862;1006;1000;856;1801
1187.119036;2;5;4294967255;1022;1018;1018;859;1006;1000;855;1801
1187.618527;1;5;4294967254;1023;1017;1017;859;1006;999;856;1800
1188.119402;1;6;4294967253;1023;1018;1018;859;1006;999;855;1799
1188.617619;1;5;4294967256;1023;1018;1017;858;1006;1000;856;1803
1189.119549;2;5;4294967255;1022;1017;1018;858;1006;1000;854;1800
1189.619473;1;5;4294967260;1024;1018;1019;858;1006;1000;855;1803
1190.119071;2;6;4294967259;1023;1017;1018;858;1006;999;855;1800
1190.618474;1;4;4294967254;1022;1017;1018;859;1006;997;856;1802
1191.119397;1;4;4294967258;1023;1017;1018;859;1005;1001;855;1802
1191.619486;1;5;4294967257;1022;1017;1019;859;1005;998;854;1800
1192.119127;1;5;4294967257;1022;1017;1018;859;1006;1000;855;1802
1192.619396;1;5;4294967253;1023;1018;1017;859;1006;1001;856;1799
1193.118948;1;5;4294967253;1023;1018;1018;860;1006;1001;856;1799
1193.61928;1;5;4294967255;1022;1018;1018;859;1007;1001;855;1800
1194.118499;2;5;4294967255;1022;1019;1017;859;1006;1000;858;1800
1194.619025;1;5;4294967254;1023;1018;1019;858;1007;1001;856;1799
1195.118308;1;5;4294967257;1024;1017;1019;859;1006;1002;855;1803
1195.618434;1;5;4294967260;1023;1018;1019;858;1007;1002;855;1799
1196.118874;1;5;4294967255;1022;1018;1019;859;1007;1001;856;1802
1196.619336;1;4;4294967255;1023;1017;1018;859;1008;1001;855;1801
1197.118359;2;5;4294967258;1023;1017;1018;858;1007;1002;855;1802
1197.618939;1;5;4294967254;1023;1019;1019;859;1007;1001;856;1801
1198.118821;2;5;4294967256;1022;1019;1017;859;1007;1002;856;1800
1198.619092;1;5;4294967257;1023;1019;1018;859;1008;1002;856;1800
1199.118874;1;5;4294967255;1022;1018;1018;859;1007;1002;856;1801
1199.619271;2;5;4294967253;1023;1018;1019;859;1007;1001;855;1801
