Zeit;TE1;TE2;Ush;TMref;TM11;TM12;UBE1;TM21;TM22;UBE2;UCE
0.575637;18;131;4294967256;1027;942;952;840;580;572;720;1800
1.099673;19;130;4294967255;1026;942;953;840;583;573;718;1803
1.626863;18;130;4294967257;1027;942;952;841;584;575;719;1801
2.151486;19;129;4294967255;1026;942;952;841;584;577;719;1802
2.676375;19;128;4294967257;1026;943;952;841;586;574;721;1799
3.201176;18;128;4294967255;1026;945;952;840;587;579;719;1800
3.713491;19;127;4294967256;1026;944;953;841;587;580;721;1802
4.211456;19;127;4294967254;1026;945;952;841;589;580;722;1799
4.71366;18;126;4294967249;1026;943;953;841;589;582;723;1803
5.213147;18;125;4294967256;1026;944;952;841;590;583;723;1803
5.713415;19;124;4294967257;1026;944;953;841;591;584;725;1800
6.213046;18;124;4294967257;1026;944;954;841;592;586;724;1803
6.713423;18;124;4294967255;1026;944;954;841;593;584;724;1802
7.213539;18;123;4294967259;1026;944;953;842;593;588;725;1802
7.713399;18;123;4294967257;1025;947;954;841;594;589;725;1800
8.212356;17;122;4294967250;1026;945;954;842;595;590;726;1803
8.713182;18;122;4294967261;1026;944;954;841;596;593;726;1799
9.213113;17;121;4294967255;1026;945;954;841;598;593;727;1801
9.713373;19;121;4294967254;1026;944;955;841;597;595;728;1801
10.213227;18;120;4294967257;1026;945;954;841;598;596;728;1801
10.713228;18;120;4294967256;1025;945;954;842;598;597;730;1800
11.21392;17;119;4294967254;1027;946;954;841;600;600;729;1801
11.713074;18;119;4294967257;1026;950;954;842;600;600;729;1802
12.213746;18;118;4294967253;1026;946;955;842;601;602;730;1800
12.713932;18;117;4294967257;1026;946;956;842;603;604;731;1800
13.213831;19;117;4294967254;1025;946;955;842;603;605;732;1803
13.712856;18;117;4294967259;1026;947;955;841;605;606;733;1802
14.2115;18;117;4294967253;1029;947;955;841;606;607;732;1800
14.713366;18;116;4294967256;1024;947;956;842;607;608;734;1800
15.211725;19;115;4294967255;1026;948;955;841;609;610;734;1801
15.713437;17;115;4294967257;1025;948;956;841;611;611;734;1800
16.212213;17;115;4294967254;1026;947;955;842;612;613;734;1803
16.713035;19;115;4703;1025;948;955;1601;609;611;724;1191
17.21244;19;114;4699;1026;947;957;1596;609;610;725;1183
17.713586;22;113;4700;1025;949;958;1591;611;613;725;1178
18.213165;25;112;4699;1026;949;957;1588;612;613;728;1176
18.712806;28;113;4701;1025;949;957;1584;613;614;726;1172
19.213518;31;112;4702;1026;949;957;1581;615;617;726;1172
19.713133;34;111;4701;1026;949;957;1578;615;617;727;1171
20.212452;37;111;4705;1027;949;957;1576;618;618;726;1168
20.712377;40;110;4701;1025;949;956;1574;619;619;729;1165
21.212306;42;109;4705;1026;948;956;1571;620;620;729;1164
21.713444;45;109;4699;1025;947;954;1569;621;621;730;1160
22.213203;47;109;4704;1025;947;955;1567;621;623;729;1157
22.713086;51;110;4699;1026;947;955;1565;622;624;731;1160
23.21392;54;108;4702;1026;947;955;1564;624;625;731;1152
23.713521;55;108;4700;1025;945;955;1562;623;627;731;1150
24.214097;59;107;4702;1026;945;953;1561;625;628;731;1147
24.713067;61;107;4701;1026;943;953;1559;626;629;731;1151
25.21389;64;106;4702;1026;943;952;1558;627;629;732;1150
25.713161;66;106;4700;1026;942;952;1556;627;632;732;1145
26.21366;69;106;4700;1026;940;951;1555;629;632;733;1147
26.711234;71;106;4700;1026;939;950;1552;630;632;734;1144
27.212938;72;105;4699;1026;938;949;1553;632;635;734;1142
27.713454;74;105;4702;1026;936;947;1551;632;636;733;1145
28.213225;78;104;4705;1027;935;946;1550;634;636;735;1139
28.713191;79;104;4701;1026;934;945;1549;634;637;735;1141
29.213452;82;103;4700;1025;931;944;1547;637;639;736;1139
29.714055;84;103;4699;1026;929;943;1547;638;640;736;1138
30.212962;85;104;4696;1027;928;942;1543;639;642;736;1138
30.712322;87;102;4695;1025;926;941;1544;639;644;737;1138
31.212488;89;102;4700;1026;923;940;1543;642;645;736;1135
31.713189;91;101;4695;1026;920;941;1543;642;646;737;1135
32.213555;93;101;4701;1026;920;936;1541;644;647;737;1136
32.712932;95;100;4699;1026;917;935;1540;644;648;739;1135
33.213276;96;100;4706;1026;915;933;1540;645;650;741;1133
33.713689;98;100;4704;1026;913;931;1538;647;650;739;1133
34.213765;100;100;4697;1026;911;929;1538;648;650;740;1133
34.713281;101;100;4703;1029;908;927;1537;650;654;739;1132
35.213382;103;99;4701;1026;905;925;1537;653;653;740;1133
35.712886;105;99;4699;1026;903;923;1536;655;655;740;1134
36.213335;106;98;4699;1026;901;922;1535;657;653;741;1132
36.713015;108;97;4700;1026;897;923;1534;658;656;742;1134
37.213419;109;98;4699;1027;895;918;1534;659;657;742;1129
37.712252;111;98;4701;1026;893;917;1533;660;659;742;1130
38.212857;113;97;4695;1026;890;914;1532;660;659;743;1128
38.712374;114;96;4705;1026;888;911;1531;663;660;744;1128
39.21164;115;96;4700;1031;886;909;1530;664;661;743;1127
39.712823;117;96;4701;1025;882;906;1530;665;662;744;1130
40.213361;118;95;4697;1026;879;905;1529;666;663;745;1127
40.712687;120;95;4697;1026;877;902;1528;668;664;744;1125
41.213336;120;95;4697;1026;874;900;1527;668;666;744;1125
41.713198;121;95;4696;1026;871;898;1527;668;667;745;1125
42.213315;123;94;4702;1026;867;896;1526;668;668;746;1127
42.712646;123;94;4696;1026;865;895;1525;669;668;746;1126
43.21281;125;94;4699;1027;863;892;1525;669;670;746;1126
43.711709;126;93;4702;1027;859;890;1525;671;669;747;1124
44.212271;128;93;4696;1026;856;889;1524;671;673;747;1125
44.713387;128;93;4700;1026;854;885;1524;674;672;748;1123
45.213234;130;92;4703;1026;850;883;1523;673;674;749;1124
45.713482;132;91;4696;1027;848;881;1522;675;675;749;1124
46.212367;132;92;4696;1027;845;879;1521;675;677;749;1124
46.712156;133;91;4699;1027;843;875;1520;676;677;748;1122
47.212917;134;92;4697;1027;839;874;1520;679;678;750;1123
47.713914;135;90;4700;1026;838;871;1520;680;684;749;1118
48.213823;136;90;4700;1026;835;869;1516;681;682;751;1123
48.712984;137;89;4698;1027;831;867;1519;681;682;751;1120
49.212964;138;90;4698;1027;829;865;1518;682;683;752;1120
49.71403;139;89;4697;1027;826;862;1517;684;685;751;1118
50.213176;140;89;4696;1026;824;859;1516;685;687;752;1118
50.713747;142;89;4696;1026;821;858;1517;687;687;753;1118
51.213169;142;88;4698;1027;819;854;1515;688;689;752;1120
51.713259;143;88;4693;1027;816;852;1514;689;689;753;1119
52.213316;145;87;4700;1026;814;850;1514;690;690;753;1119
52.712459;145;88;4700;1026;811;847;1514;692;693;754;1115
53.213443;146;87;4700;1027;808;846;1514;693;695;754;1119
53.712062;147;87;4701;1027;806;844;1513;695;691;754;1116
54.213646;148;87;4700;1027;802;844;1513;695;697;755;1117
54.713065;148;85;4699;1027;800;841;1511;697;697;755;1117
55.213097;149;86;4697;1028;796;838;1512;699;699;755;1116
55.713875;150;85;4697;1027;794;836;1512;699;699;756;1116
56.213038;151;85;4698;1027;791;835;1510;700;701;756;1112
56.713443;152;84;4699;1027;789;833;1510;700;701;757;1113
57.213487;153;84;4703;1027;786;830;1510;702;702;758;1116
57.713464;154;83;4695;1027;782;829;1509;704;704;758;1112
58.213261;155;83;4698;1027;780;827;1508;705;705;757;1113
58.712847;156;84;4698;1027;776;826;1508;706;706;757;1113
59.212134;156;83;4699;1027;775;822;1508;708;707;757;1111
59.713529;157;83;4696;1027;772;818;1506;708;709;758;1109
60.213549;158;82;4700;1027;770;819;1506;709;708;758;1111
60.713962;159;82;4699;1027;769;815;1506;710;709;759;1111
61.212593;160;82;4697;1028;763;814;1506;712;711;759;1111
61.713324;160;82;4702;1026;763;811;1506;712;712;759;1111
62.212414;161;81;4699;1027;759;808;1505;715;712;761;1112
62.713387;161;81;4702;1027;757;806;1504;715;714;761;1110
63.212287;163;81;4700;1026;752;804;1504;715;715;760;1110
63.713326;164;80;4700;1026;750;802;1504;715;716;762;1110
64.213137;164;80;4700;1028;748;798;1504;716;717;760;1110
64.713202;165;79;4697;1027;745;799;1503;718;719;762;1108
65.213365;165;80;4702;1027;742;796;1502;718;722;762;1110
65.712976;166;79;4703;1028;741;794;1501;719;719;763;1108
66.213132;167;79;4698;1027;738;791;1501;721;720;763;1107
66.712999;167;79;4698;1027;736;788;1502;720;722;764;1110
67.213025;168;78;4703;1027;734;786;1501;721;723;762;1109
67.713535;170;78;4700;1026;733;784;1500;722;723;764;1110
68.212037;169;78;4700;1027;729;782;1499;724;723;764;1107
68.713115;171;78;4703;1026;727;779;1499;725;726;764;1108
69.212489;171;78;4700;1027;725;777;1499;727;726;764;1106
69.713737;172;77;4703;1027;723;774;1498;728;725;765;1105
70.21335;173;77;4697;1026;721;772;1498;729;727;766;1106
70.712893;173;76;4695;1027;719;770;1497;730;728;764;1111
71.213637;174;76;4700;1027;716;766;1497;731;729;765;1105
71.713637;174;76;4696;1027;714;765;1497;732;729;766;1104
72.213275;176;76;4702;1026;713;763;1497;733;727;767;1105
72.712566;176;76;4698;1027;710;761;1496;733;731;767;1102
73.212685;176;76;4699;1027;707;759;1496;735;731;766;1107
73.713519;176;74;4696;1026;704;758;1496;735;733;767;1100
74.213361;177;75;4700;1026;703;756;1495;737;733;768;1103
74.71336;178;74;4699;1026;701;755;1495;737;734;768;1102
75.212343;180;74;4697;1026;698;751;1494;738;735;767;1102
75.713005;180;74;4699;1027;694;750;1494;738;736;769;1106
76.212213;181;74;4699;1027;694;748;1493;740;738;770;1099
76.713469;181;74;4696;1028;691;747;1493;744;739;769;1102
77.212575;181;73;4695;1026;690;747;1493;747;742;769;1097
77.713148;182;73;4700;1027;689;747;1493;752;744;769;1102
78.213226;182;72;4702;1027;689;747;1492;756;744;771;1096
78.712344;184;72;4698;1026;687;744;1492;757;745;771;1098
79.213085;183;72;4701;1026;686;742;1491;763;745;771;1090
79.712945;184;72;4704;1027;683;740;1490;760;746;772;1095
80.213403;185;71;4700;1028;683;737;1491;762;747;771;1095
80.712782;186;71;4697;1027;679;736;1490;764;747;771;1087
81.212552;186;71;4700;1027;678;732;1489;764;748;772;1097
81.713232;186;71;4697;1026;676;730;1490;764;748;772;1095
82.21299;188;70;4698;1026;673;729;1489;764;751;772;1089
82.712759;188;71;4699;1027;671;726;1488;764;751;772;1089
83.212853;189;69;4697;1027;670;723;1488;766;752;772;1086
83.713323;189;70;4699;1027;668;721;1489;766;752;773;1092
84.212415;190;69;4697;1027;666;718;1488;767;754;774;1100
84.713089;190;69;4698;1027;665;717;1486;767;754;770;1085
85.213336;192;70;4696;1026;663;715;1487;768;755;773;1086
85.713022;192;69;4700;1027;662;714;1488;768;755;773;1085
86.212355;191;68;4702;1027;659;711;1486;769;756;775;1086
86.711344;192;68;4698;1027;657;710;1486;769;757;774;1084
87.21332;192;68;4697;1026;657;709;1486;770;758;774;1086
87.713268;194;68;4696;1027;656;707;1486;772;758;775;1087
88.212711;194;68;4699;1026;653;705;1485;775;759;775;1085
88.713498;195;68;4697;1027;652;703;1484;778;759;775;1084
89.212947;195;67;4700;1027;651;701;1484;778;761;775;1084
89.714147;196;67;4698;1027;649;699;1485;780;761;776;1084
90.213201;197;66;4695;1026;647;699;1484;780;763;777;1085
90.713318;197;66;4699;1026;645;696;1483;781;763;777;1083
91.213106;197;66;4700;1027;643;695;1484;781;763;777;1091
91.713506;197;66;4697;1026;640;692;1483;781;764;778;1084
92.2132;199;66;4698;1026;638;691;1483;781;765;778;1085
92.713358;198;65;4697;1026;637;690;1483;780;765;778;1082
93.21284;199;65;4696;1027;635;688;1482;780;767;778;1085
93.712815;200;64;4701;1027;632;688;1480;780;767;778;1083
94.213597;200;65;4697;1026;630;685;1481;781;768;777;1081
94.713083;201;65;4702;1028;628;683;1481;779;769;778;1083
95.212648;201;65;4702;1027;625;682;1481;780;770;779;1083
95.713856;202;64;4696;1027;623;680;1480;779;770;779;1081
96.213262;203;64;4699;1026;622;679;1481;781;771;778;1084
96.712813;202;64;4700;1027;620;679;1480;780;771;779;1084
97.212415;203;64;4698;1028;618;678;1482;780;772;779;1080
97.714005;203;63;4696;1027;617;676;1480;780;772;782;1082
98.213337;205;63;4700;1027;615;674;1479;780;773;780;1081
98.713974;204;63;4695;1028;614;672;1479;780;773;781;1081
99.212901;204;63;4698;1027;612;671;1479;781;773;782;1083
99.712914;206;62;4699;1027;611;670;1479;780;775;781;1081
100.212314;206;63;4697;1027;609;669;1480;780;776;780;1080
100.712866;207;63;4699;1027;613;667;1479;781;776;781;1080
101.213462;207;63;4701;1027;607;664;1478;781;776;782;1081
101.713616;208;61;4697;1030;605;663;1477;782;777;781;1081
102.213974;208;62;4699;1027;604;662;1477;783;778;783;1080
102.712895;209;61;4697;1027;602;661;1476;785;778;783;1079
103.213461;209;62;4702;1026;600;659;1476;786;779;782;1082
103.712887;209;61;4704;1030;599;658;1477;787;779;783;1081
104.212993;209;61;4701;1026;598;658;1475;787;780;784;1081
104.713484;210;61;4697;1026;596;657;1476;786;781;783;1078
105.212772;211;61;4697;1026;596;655;1475;786;782;783;1079
105.712096;211;60;4700;1026;594;653;1474;788;783;784;1080
106.213443;211;61;4700;1025;592;653;1474;788;783;784;1078
106.710845;212;60;4695;1027;591;650;1474;788;784;784;1078
107.212456;213;60;4698;1026;589;649;1474;789;785;784;1080
107.712382;213;59;4698;1026;588;648;1474;790;785;784;1077
108.212523;213;59;4698;1027;587;646;1474;786;786;786;1078
108.713296;214;59;4696;1026;585;646;1473;791;787;784;1078
109.212267;214;59;4699;1027;584;643;1473;791;788;785;1080
109.712536;215;59;4696;1027;582;642;1473;791;788;785;1077
110.212524;216;59;4696;1026;581;640;1473;792;790;786;1078
110.713155;216;59;4700;1026;579;641;1472;794;790;786;1076
111.212464;215;58;4694;1026;577;639;1472;792;790;786;1079
111.713434;216;58;4698;1026;577;637;1472;794;790;786;1076
112.213527;218;58;4699;1026;576;636;1472;796;791;786;1077
112.714517;217;57;4697;1024;575;635;1471;797;791;787;1080
113.212936;218;58;4704;1027;575;634;1471;799;793;787;1077
113.713066;218;58;4698;1026;575;633;1471;803;793;787;1075
114.211065;218;57;4698;1026;574;632;1471;804;794;786;1076
114.713103;218;56;4700;1027;573;631;1471;805;795;787;1077
115.21236;219;57;4700;1026;571;630;1470;809;796;788;1079
115.712959;219;57;4699;1024;569;628;1470;810;797;788;1078
116.212212;219;57;4700;1026;569;628;1470;812;798;788;1074
116.713057;220;57;4701;1026;572;627;1470;814;798;789;1078
117.213119;220;55;4699;1027;566;627;1469;815;799;790;1074
117.713119;219;56;4701;1026;566;625;1469;816;799;789;1076
118.212967;220;56;4701;1027;564;625;1472;818;801;789;1075
118.713231;221;55;4700;1029;563;622;1468;819;802;788;1076
119.213264;221;54;4702;1026;563;622;1469;821;803;790;1074
119.710546;220;55;4703;1024;564;622;1469;821;804;790;1076
120.213067;222;55;4700;1026;563;621;1468;823;805;790;1075
120.713056;223;55;4698;1027;563;620;1468;825;805;791;1077
121.212736;223;55;4702;1028;562;619;1467;825;806;790;1076
121.713947;222;55;4699;1026;561;619;1468;826;807;791;1075
122.212961;223;54;4699;1026;560;620;1467;826;809;790;1075
122.710964;224;54;4701;1027;558;618;1466;827;810;790;1077
123.213026;223;55;4701;1027;557;618;1468;825;811;791;1074
123.712153;224;53;4699;1027;555;615;1466;825;812;792;1075
124.213178;225;54;4697;1027;553;615;1466;827;812;792;1075
124.713202;225;53;4700;1027;552;614;1466;826;813;792;1077
125.21289;225;53;4698;1027;552;611;1466;826;813;791;1075
125.713446;226;53;4695;1027;551;611;1466;828;813;792;1074
126.21341;226;53;4703;1027;551;609;1466;828;813;792;1073
126.713364;226;53;4700;1027;549;609;1465;830;813;790;1076
127.213648;227;52;4699;1026;548;608;1466;829;814;793;1076
127.713336;228;52;4700;1027;546;607;1465;831;815;793;1075
128.212904;227;52;4698;1027;545;607;1464;832;816;793;1074
128.712222;228;52;4698;1027;546;606;1464;831;816;792;1072
129.212142;228;52;4696;1027;542;604;1464;832;818;793;1074
129.713283;229;51;4700;1027;541;603;1464;830;817;794;1073
130.213013;229;52;4695;1027;541;603;1464;830;817;793;1076
130.713153;230;51;4698;1023;538;603;1463;830;817;794;1074
131.21311;230;51;4700;1027;537;601;1464;829;819;792;1072
131.713224;231;51;4704;1026;535;600;1463;829;818;794;1071
132.21281;231;51;4701;1027;535;599;1464;829;818;795;1072
132.711334;231;51;4694;1027;535;597;1463;828;819;794;1072
133.21291;230;50;4699;1025;535;596;1463;828;818;797;1071
133.712842;232;51;4698;1027;535;596;1462;831;822;795;1074
134.211468;232;50;4705;1025;535;595;1463;833;823;795;1071
134.713319;232;50;4700;1027;534;594;1462;833;823;795;1073
135.213114;233;50;4703;1027;533;594;1461;834;822;796;1071
135.71127;233;49;4695;1027;532;594;1462;834;823;796;1072
136.213288;233;49;4696;1027;530;593;1461;834;822;796;1071
136.712339;233;49;4698;1027;528;593;1462;834;827;796;1071
137.21242;233;49;4699;1027;527;592;1462;834;825;796;1072
137.713474;234;50;4698;1027;525;591;1461;835;825;797;1070
138.212351;234;49;4699;1026;524;587;1462;835;826;796;1070
138.710163;234;49;4694;1026;522;589;1461;835;826;794;1070
139.214528;234;49;4694;1027;521;588;1460;834;827;797;1071
139.713069;235;49;4698;1027;521;587;1461;835;828;797;1073
140.212968;235;49;4698;1027;520;585;1460;836;828;797;1070
140.712365;235;48;4698;1027;518;585;1460;836;828;797;1070
141.213339;236;48;4701;1027;516;584;1460;838;830;797;1070
141.713496;236;48;4695;1027;516;584;1459;837;829;798;1068
142.213202;237;48;4696;1027;513;582;1458;837;830;799;1070
142.712964;237;48;4698;1027;513;577;1459;840;831;798;1073
143.212145;238;47;4698;1026;512;579;1460;841;831;798;1074
143.712557;237;47;4696;1027;511;578;1458;843;831;799;1070
144.213538;238;47;4697;1027;511;577;1458;842;832;799;1070
144.712785;239;47;4699;1027;510;576;1459;843;833;799;1069
145.212359;238;47;4691;1026;509;575;1458;844;833;799;1070
145.713294;239;47;4699;1027;508;575;1458;843;835;799;1068
146.213449;239;47;4698;1027;507;572;1458;844;834;799;1069
146.71288;240;47;4700;1026;507;573;1459;844;835;799;1072
147.212797;239;46;4700;1026;505;571;1458;843;836;799;1072
147.713155;240;46;4696;1027;505;569;1456;843;835;800;1072
148.213065;240;46;4700;1026;506;569;1457;844;836;800;1069
148.713872;240;46;4698;1026;500;569;1457;844;836;800;1068
149.212453;241;46;4702;1026;501;568;1456;845;837;800;1072
149.714295;242;45;4704;1027;502;566;1456;845;838;800;1071
150.212934;241;46;4699;1026;500;564;1456;844;838;800;1069
150.711452;241;46;4702;1026;499;563;1456;845;838;801;1068
151.2129;242;45;4700;1026;499;563;1456;845;839;800;1069
151.71372;243;44;4695;1026;500;562;1455;845;839;800;1068
152.212875;243;45;4700;1027;498;561;1455;845;839;802;1070
152.712895;242;45;4700;1027;496;561;1455;844;840;801;1071
153.214031;244;45;4696;1027;496;560;1455;845;841;801;1072
153.713395;244;45;4700;1031;495;559;1455;846;843;802;1071
154.213545;243;45;4698;1027;495;558;1455;847;842;802;1069
154.713505;244;44;4701;1026;494;556;1455;846;843;801;1068
155.213727;244;44;4698;1026;492;555;1455;849;842;802;1068
155.713218;245;44;4700;1026;491;555;1454;848;844;802;1068
156.213013;245;44;4699;1027;491;553;1454;849;843;800;1070
156.713062;245;44;4699;1026;491;555;1453;849;843;802;1067
157.213143;246;43;4700;1026;490;553;1454;849;844;803;1070
157.713909;246;44;4697;1027;490;551;1454;850;845;802;1070
158.212965;246;44;4697;1027;489;551;1453;849;845;802;1069
158.712986;246;43;4699;1024;488;550;1453;850;845;802;1071
159.21344;246;43;4699;1027;487;549;1453;853;845;802;1066
159.713246;245;43;4699;1027;487;548;1453;850;845;802;1066
160.214;247;43;4702;1026;482;548;1452;851;845;804;1068
160.711615;247;42;4706;1027;485;551;1453;851;846;804;1064
161.213126;247;43;4696;1026;485;547;1454;852;847;804;1070
161.713381;248;43;4702;1026;484;546;1452;853;847;804;1069
162.21247;248;43;4699;1026;481;545;1453;854;849;804;1067
162.713651;249;42;4702;1026;481;545;1452;853;848;804;1070
163.212808;248;42;4701;1026;481;543;1452;853;850;804;1066
163.712797;248;42;4698;1026;480;543;1453;854;849;804;1068
164.213362;249;43;4701;1026;479;542;1452;855;849;804;1070
164.712233;249;42;4701;1025;479;542;1451;854;850;805;1067
165.213499;249;41;4704;1026;478;541;1452;855;850;804;1069
165.712047;250;41;4701;1026;478;540;1451;855;851;805;1068
166.212933;250;41;4694;1027;477;539;1452;855;851;805;1068
166.712478;250;41;4694;1026;476;540;1451;855;852;805;1067
167.210749;250;41;4702;1026;476;540;1451;858;852;805;1067
167.713369;251;41;4699;1027;474;538;1450;857;853;806;1066
168.213123;251;41;4698;1025;474;538;1451;858;852;806;1066
168.712762;252;41;4695;1025;474;537;1451;859;853;806;1067
169.212587;252;40;4698;1026;474;540;1450;860;853;805;1066
169.711741;251;41;4699;1025;472;535;1450;861;854;805;1071
170.213055;252;40;4699;1026;471;537;1449;861;854;806;1067
170.713199;252;40;4698;1025;469;536;1449;860;856;805;1066
171.213316;252;40;4697;1026;469;535;1449;861;855;806;1065
171.712758;252;40;4698;1023;469;534;1450;861;855;807;1066
172.212424;253;40;4697;1026;467;533;1449;862;856;806;1065
172.711094;253;40;4696;1025;467;532;1450;862;857;808;1067
173.21317;253;41;4701;1026;467;534;1449;863;857;807;1065
173.713719;253;39;4697;1026;466;532;1449;861;858;807;1067
174.212764;254;40;4699;1026;461;533;1449;862;857;808;1065
174.712744;254;40;4698;1026;464;532;1448;863;858;808;1066
175.213635;254;39;4697;1026;465;531;1449;863;858;808;1065
175.713159;255;39;4698;1026;462;532;1449;863;859;807;1065
176.213458;254;39;4697;1026;462;531;1449;860;859;807;1065
176.713318;255;39;4700;1026;461;529;1447;864;861;808;1067
177.213286;255;38;4700;1026;461;529;1449;864;861;808;1063
177.713199;254;39;4695;1026;461;528;1448;865;863;807;1065
178.212812;255;39;4696;1026;460;527;1448;866;862;808;1064
178.713082;255;38;4697;1026;459;526;1447;865;863;808;1068
179.212536;255;38;4697;1026;459;525;1448;866;864;808;1065
179.713151;256;38;4693;1026;458;524;1448;866;864;809;1065
180.213472;256;38;4695;1026;457;524;1447;868;863;809;1064
180.713238;256;38;4697;1026;457;524;1447;869;865;808;1066
181.213082;257;38;4696;1026;456;525;1446;868;864;809;1065
181.713061;257;38;4697;1026;455;523;1446;870;865;809;1064
182.213081;257;37;4699;1026;455;522;1447;870;867;809;1063
182.713078;257;38;4700;1026;455;521;1447;870;866;808;1066
183.212382;258;38;4700;1026;454;520;1447;870;866;810;1068
183.713188;258;37;4700;1026;455;520;1446;872;867;810;1066
184.21219;258;38;4698;1025;454;519;1446;871;867;811;1063
184.712108;258;37;4700;1026;454;518;1446;872;868;810;1063
185.212462;258;37;4696;1027;452;518;1445;873;868;810;1065
185.713279;258;36;4699;1026;451;518;1446;875;868;811;1066
186.212767;259;37;4699;1025;451;517;1446;873;869;810;1063
186.713297;259;38;4704;1026;451;517;1445;874;870;811;1066
187.212866;259;36;4697;1026;451;515;1445;875;870;811;1064
187.712379;259;37;4701;1026;450;515;1445;876;873;810;1065
188.214085;259;36;4701;1026;449;515;1445;877;872;810;1066
188.712758;260;36;4701;1026;449;515;1444;877;872;812;1063
189.213249;259;36;4696;1026;449;513;1446;878;873;810;1065
189.712506;259;36;4702;1026;448;513;1443;878;873;810;1063
190.213448;260;36;4698;1026;449;515;1444;880;874;811;1065
190.713275;260;36;4699;1025;448;517;1445;883;873;811;1065
191.212377;260;36;4703;1026;449;520;1444;884;875;811;1064
191.71377;261;36;4698;1026;448;519;1444;884;875;812;1063
192.215123;261;35;4696;1027;449;519;1444;884;877;812;1064
192.712396;261;34;4700;1025;449;520;1444;884;876;811;1064
193.212269;261;35;4697;1026;448;518;1443;885;876;812;1064
193.713681;261;35;4698;1026;447;517;1444;885;877;812;1065
194.213196;261;35;4699;1026;446;516;1444;886;879;812;1064
194.712977;262;36;4700;1027;447;516;1443;885;878;811;1062
195.212887;260;35;4701;1026;447;514;1444;886;880;811;1067
195.713871;261;35;4698;1025;449;513;1443;885;878;810;1062
196.212076;262;35;4698;1026;445;512;1443;886;879;814;1062
196.712817;261;34;4703;1026;445;512;1444;885;878;813;1062
197.212036;262;35;4699;1025;444;510;1443;885;879;813;1064
197.711302;263;34;4699;1026;445;511;1443;886;879;812;1065
198.212243;262;34;4698;1026;445;511;1444;887;880;812;1064
198.710318;264;34;4695;1025;443;509;1442;889;880;813;1063
199.21277;263;35;4698;1026;443;511;1443;891;881;812;1065
199.713344;263;34;4699;1026;442;512;1442;891;881;814;1065
200.213336;263;34;4696;1026;444;513;1443;892;882;814;1065
200.713636;263;34;4697;1025;444;512;1442;893;882;814;1064
201.213154;264;33;4703;1025;446;514;1443;894;884;813;1065
201.711963;264;34;4699;1025;449;521;1443;898;886;814;1062
202.213809;264;33;4696;1025;451;523;1442;899;887;811;1063
202.71302;264;33;4697;1026;451;525;1442;901;888;814;1062
203.212767;263;33;4700;1026;451;526;1441;901;887;815;1064
203.710225;263;33;4698;1026;452;525;1442;901;889;814;1062
204.21183;264;32;4701;1024;450;523;1442;901;889;814;1062
204.712605;264;33;4701;1026;449;523;1441;903;889;815;1065
205.213094;264;33;4702;1026;449;522;1442;901;889;815;1061
205.715834;264;32;4700;1027;449;519;1443;902;889;815;1063
206.213391;264;33;4698;1026;446;518;1442;902;888;815;1061
206.713178;264;33;4701;1026;446;518;1443;902;889;815;1062
207.213324;264;32;4699;1026;447;517;1441;904;889;815;1061
207.712389;265;32;4698;1026;446;517;1442;904;889;816;1062
208.211945;264;32;4698;1026;445;515;1442;903;890;815;1064
208.713312;265;32;4697;1027;444;514;1442;903;890;815;1064
209.212329;264;32;4698;1026;443;512;1441;903;890;816;1063
209.712188;264;31;4699;1027;443;512;1441;902;891;816;1062
210.213282;265;32;4695;1027;442;511;1441;903;891;816;1062
210.713374;266;31;4704;1026;441;510;1441;903;892;815;1062
211.213226;265;32;4701;1025;441;508;1442;902;890;816;1062
211.715694;265;31;4696;1026;440;507;1441;901;892;815;1062
212.213737;267;31;4700;1025;440;507;1441;901;892;816;1061
212.713354;266;31;4700;1025;439;506;1441;902;891;816;1061
213.212656;266;31;4699;1027;438;506;1440;902;891;816;1061
213.712967;267;31;4697;1026;438;504;1441;902;892;816;1062
214.212734;267;31;4701;1026;437;504;1440;902;889;816;1063
214.713196;266;31;4695;1025;436;503;1440;901;892;817;1064
215.213324;267;31;4693;1026;435;502;1440;902;892;817;1064
215.713128;267;31;4701;1025;435;501;1440;902;892;816;1060
216.21343;267;30;4696;1026;434;502;1440;903;892;818;1060
216.712601;268;31;4695;1026;434;502;1440;902;893;816;1063
217.212604;267;31;4698;1025;431;502;1440;902;894;821;1061
217.713336;267;31;4698;1026;431;503;1440;902;894;817;1062
218.214726;267;31;4698;1027;430;502;1439;904;894;817;1063
218.713101;267;31;4694;1025;430;502;1440;904;894;817;1062
219.21319;268;31;4698;1025;427;501;1439;903;895;820;1060
219.713412;268;30;4698;1026;428;500;1439;903;895;817;1061
220.210955;268;30;4701;1025;428;499;1439;904;894;818;1062
220.713604;268;30;4694;1025;428;497;1440;904;896;819;1060
221.212633;269;30;4700;1026;428;497;1439;904;895;818;1063
221.713015;269;30;4702;1026;428;495;1440;903;895;818;1060
222.213175;269;30;4695;1026;428;494;1439;904;895;818;1063
222.712895;268;30;4702;1025;429;494;1439;904;896;818;1064
223.213139;270;30;4698;1026;428;493;1438;905;896;818;1062
223.713244;270;30;4697;1026;427;494;1438;906;898;818;1058
224.213297;270;29;4698;1026;428;493;1439;906;898;818;1062
224.712598;270;29;4697;1026;427;493;1439;907;899;818;1060
225.2131;270;30;4701;1025;427;492;1438;910;898;818;1063
225.712233;270;30;4697;1026;426;492;1438;906;896;819;1062
226.213221;270;29;4702;1026;426;492;1439;907;898;818;1062
226.712341;271;29;4697;1025;426;491;1439;907;900;818;1060
227.213477;271;29;4699;1025;425;489;1439;907;899;819;1062
227.712293;271;29;4700;1026;425;489;1439;908;899;819;1063
228.212947;270;29;4700;1025;425;488;1439;908;900;819;1063
228.713196;271;29;4696;1026;425;489;1438;908;900;819;1062
229.213038;271;29;4697;1025;425;489;1438;909;898;819;1063
229.712651;272;28;4697;1024;426;487;1438;909;900;820;1057
230.213053;272;28;4692;1026;427;488;1437;910;900;823;1060
230.713001;272;29;4696;1026;425;488;1438;909;901;817;1060
231.213001;272;29;4696;1026;425;487;1438;908;901;820;1062
231.713112;272;28;4696;1026;425;486;1438;909;900;820;1060
232.213825;272;28;4697;1026;424;487;1438;909;901;820;1061
232.71311;272;28;4699;1025;423;487;1438;909;902;819;1063
233.212834;272;28;4700;1025;422;488;1438;910;901;821;1060
233.712785;272;29;4698;1025;423;489;1438;909;903;819;1062
234.212548;272;27;4699;1025;422;489;1437;909;902;821;1063
234.712971;273;28;4697;1025;421;488;1437;910;901;819;1063
235.212998;273;28;4696;1026;420;487;1437;910;901;820;1060
235.713035;273;28;4698;1025;419;486;1438;909;903;820;1062
236.212855;272;28;4696;1025;418;486;1437;910;902;821;1061
236.712569;273;27;4697;1025;420;485;1437;911;903;820;1060
237.213664;273;28;4702;1025;421;485;1437;910;903;820;1059
237.713088;273;28;4697;1025;421;483;1437;912;903;821;1060
238.213005;274;28;4697;1026;421;484;1437;912;904;820;1060
238.71093;273;27;4698;1025;423;484;1437;912;903;821;1060
239.212289;274;27;4696;1025;421;485;1436;913;903;821;1059
239.713385;272;27;4702;1025;423;483;1440;913;904;821;1059
240.213348;274;28;4699;1025;422;484;1437;915;904;820;1061
240.713159;274;27;4699;1025;422;483;1436;915;905;821;1060
241.213319;274;27;4696;1025;422;481;1437;915;905;820;1062
241.712863;274;27;4701;1026;422;481;1436;915;905;821;1061
242.21297;273;27;4701;1025;420;481;1436;915;906;821;1061
242.712285;274;27;4699;1026;418;480;1436;915;906;822;1060
243.212803;274;27;4701;1025;417;481;1437;915;907;821;1060
243.712397;275;27;4698;1025;419;481;1437;916;906;821;1059
244.213411;274;27;4700;1026;417;480;1436;916;907;821;1059
244.713316;275;26;4696;1026;416;479;1436;917;907;822;1058
245.213496;275;26;4700;1025;415;480;1437;918;907;823;1059
245.712383;274;26;4700;1024;415;479;1436;918;907;821;1060
246.213002;275;26;4698;1028;414;479;1436;918;908;821;1062
246.712468;275;26;4697;1026;414;480;1436;918;908;822;1059
247.213543;275;26;4698;1025;414;479;1436;919;908;822;1060
247.713856;276;26;4699;1026;412;480;1434;918;908;822;1059
248.213483;275;26;4699;1026;412;479;1436;919;909;822;1060
248.712474;275;26;4699;1025;413;477;1436;919;909;822;1062
249.212764;275;26;4700;1025;415;479;1436;919;910;820;1060
249.713345;275;25;4697;1026;410;478;1435;920;910;822;1059
250.212477;275;26;4703;1026;410;479;1434;921;911;822;1061
250.712913;276;26;4703;1025;411;479;1434;921;910;822;1057
251.213147;275;25;4699;1026;410;480;1435;921;910;823;1059
251.713187;276;26;4694;1026;410;480;1435;920;911;820;1059
252.2132;276;26;4698;1026;409;480;1435;922;911;822;1060
252.713026;276;25;4698;1025;410;479;1434;921;912;823;1060
253.21394;276;26;4703;1025;411;477;1435;921;912;823;1059
253.713164;276;26;4702;1026;412;478;1435;922;912;823;1059
254.213517;277;26;4699;1027;411;477;1434;924;912;823;1060
254.712009;276;25;4701;1026;412;476;1435;924;914;822;1062
255.213403;277;25;4697;1025;411;476;1435;925;913;822;1058
255.712425;277;26;4700;1025;417;476;1434;926;914;823;1062
256.213074;277;25;4702;1026;413;475;1434;925;913;823;1059
256.712957;277;26;4700;1026;413;475;1435;927;914;823;1058
257.213342;278;25;4700;1026;415;474;1434;927;914;823;1060
257.711776;277;26;4701;1025;413;474;1434;927;915;822;1058
258.212653;277;24;4697;1027;414;474;1434;929;914;824;1060
258.713145;277;25;4699;1025;416;473;1434;929;915;823;1060
259.213472;277;25;4700;1027;415;473;1434;930;915;825;1061
259.713079;278;25;4699;1025;415;474;1436;929;915;824;1056
260.212451;278;25;4703;1026;414;474;1434;931;915;823;1057
260.713522;277;24;4697;1027;413;473;1434;929;917;824;1061
261.212304;278;24;4697;1027;414;473;1434;929;917;824;1061
261.712082;278;24;4698;1026;413;475;1433;930;916;824;1057
262.212713;278;25;4699;1026;412;472;1434;929;918;823;1060
262.712434;279;25;4703;1026;412;472;1433;930;918;824;1057
263.212906;278;24;4699;1026;412;473;1434;928;918;824;1059
263.712892;279;24;4698;1026;411;472;1433;929;917;824;1059
264.212688;279;24;4699;1026;412;472;1433;927;918;823;1059
264.713137;279;24;4701;1026;411;472;1433;929;919;824;1058
265.212714;279;24;4702;1026;412;471;1433;930;922;825;1059
265.713248;279;24;4699;1026;411;471;1433;929;918;824;1057
266.21251;278;24;4697;1025;412;471;1433;930;919;825;1061
266.711148;279;24;4699;1026;410;470;1432;930;919;825;1059
267.212472;280;24;4701;1026;412;471;1433;929;919;824;1056
267.71296;279;24;4698;1025;411;469;1431;931;920;824;1057
268.212379;279;24;4698;1025;412;468;1433;931;919;825;1058
268.71258;280;23;4699;1025;413;469;1433;931;919;825;1058
269.213168;279;23;4699;1026;412;469;1433;933;917;825;1061
269.712717;280;23;4699;1025;412;468;1433;932;919;825;1058
270.212877;280;24;4700;1025;410;468;1432;933;920;825;1060
270.713274;279;24;4700;1026;409;469;1432;933;921;826;1058
271.212476;279;23;4696;1025;408;468;1434;933;920;825;1059
271.713136;281;23;4697;1025;409;469;1433;931;921;826;1061
272.2138;279;23;4697;1026;407;468;1433;931;920;826;1061
272.712702;280;24;4699;1026;408;468;1433;931;921;825;1058
273.212787;280;23;4696;1025;407;468;1433;931;921;825;1059
273.712198;280;23;4702;1025;407;467;1435;932;921;825;1057
274.212545;280;23;4698;1026;407;467;1433;931;921;825;1058
274.712412;281;23;4699;1024;407;468;1432;932;922;825;1058
275.212393;281;23;4701;1026;407;465;1432;933;923;826;1056
275.712987;280;23;4697;1025;407;466;1432;933;921;826;1059
276.213329;281;22;4697;1025;408;465;1433;934;923;826;1058
276.71342;280;23;4695;1025;408;465;1433;935;923;826;1061
277.212838;281;22;4700;1025;410;465;1432;936;923;826;1058
277.713155;280;23;4700;1024;409;465;1432;936;923;826;1060
278.213513;280;22;4703;1025;408;465;1431;937;922;826;1060
278.713073;281;22;4697;1026;409;465;1432;937;923;826;1057
279.213278;282;23;4698;1025;411;465;1432;937;924;825;1057
279.712563;281;23;4699;1024;411;464;1432;938;924;826;1059
280.212912;282;22;4700;1025;411;465;1432;939;924;827;1057
280.712422;282;22;4694;1024;412;464;1432;940;924;827;1058
281.212926;281;22;4697;1025;411;463;1433;940;925;826;1056
281.712446;282;23;4699;1024;410;464;1432;940;926;826;1059
282.213556;282;22;4695;1025;410;463;1431;941;922;826;1057
282.713292;283;22;4698;1025;412;464;1431;940;926;826;1058
283.212491;282;22;4696;1024;409;464;1432;941;927;827;1059
283.712369;282;22;4698;1025;408;463;1432;940;926;826;1057
284.212714;283;22;4697;1025;407;465;1431;940;926;826;1058
284.712806;282;22;4695;1025;406;465;1432;940;926;826;1057
285.213083;283;22;4698;1024;404;465;1432;940;926;827;1057
285.712658;282;22;4700;1024;405;467;1431;941;926;826;1057
286.212987;283;22;4697;1026;404;468;1431;939;926;826;1057
286.713063;282;21;4699;1025;404;468;1432;939;927;827;1060
287.212683;282;22;4697;1025;403;469;1431;939;927;827;1056
287.714866;283;22;4698;1023;401;469;1432;939;927;828;1058
288.212579;283;21;4700;1024;401;470;1431;939;927;826;1060
288.712733;283;22;4699;1025;398;469;1432;938;927;827;1056
289.212491;283;21;4696;1025;398;468;1435;939;927;827;1059
289.713313;282;22;4696;1025;399;469;1432;938;927;826;1057
290.213467;282;21;4695;1025;398;468;1432;937;928;826;1060
290.713081;283;21;4701;1025;397;469;1432;939;926;827;1059
291.212307;282;21;4697;1025;398;467;1431;937;927;827;1059
291.713329;281;22;4701;1024;396;467;1430;938;928;827;1056
292.213165;282;21;4697;1026;397;468;1431;938;928;827;1057
292.713017;282;22;4694;1025;397;467;1432;938;928;826;1057
293.213033;283;21;4693;1024;398;465;1432;938;927;828;1058
293.71283;283;21;4699;1025;397;465;1431;938;927;827;1057
294.213054;283;21;4701;1024;397;465;1431;937;927;827;1058
294.713518;283;21;4699;1025;398;464;1430;937;928;827;1058
295.211597;282;21;4699;1025;398;463;1431;938;927;827;1058
295.71319;283;21;4699;1024;398;463;1432;937;929;828;1057
296.213251;282;21;4697;1027;398;463;1430;937;928;828;1057
296.713227;284;21;4697;1024;398;462;1431;937;928;826;1058
297.213265;283;21;4701;1024;397;461;1431;937;929;828;1056
297.711472;283;20;4698;1024;397;461;1431;937;927;828;1057
298.212421;283;22;4698;1024;397;460;1431;938;928;827;1057
298.713546;283;21;4698;1024;396;461;1430;938;929;828;1057
299.212714;283;20;4693;1026;397;460;1431;938;928;827;1058
299.711299;283;21;4698;1025;396;460;1430;939;929;828;1060
300.212904;284;21;4702;1025;395;460;1431;938;929;828;1057
300.712909;284;21;4695;1024;396;460;1430;939;930;829;1057
301.212479;284;21;4697;1025;395;459;1431;939;930;828;1056
301.713011;284;21;4696;1025;394;459;1431;939;929;828;1059
302.213128;283;20;4696;1025;394;458;1430;939;930;828;1059
302.712791;285;21;4698;1025;394;458;1433;941;930;828;1060
303.212769;283;21;4697;1024;394;457;1430;939;930;828;1056
303.712023;284;20;4693;1025;393;457;1430;939;930;828;1057
304.212156;284;20;4695;1025;392;457;1431;939;931;828;1057
304.711941;284;21;4701;1025;394;456;1430;939;931;828;1058
305.21213;284;20;4696;1026;396;456;1430;939;932;830;1058
305.713135;285;20;4700;1025;392;456;1430;939;931;827;1055
306.213118;284;21;4699;1025;394;455;1430;939;930;828;1055
306.712526;286;20;4700;1025;392;455;1431;940;932;829;1057
307.212843;284;20;4701;1025;393;454;1430;940;931;829;1059
307.710635;285;20;4697;1025;393;456;1429;942;932;829;1058
308.212564;285;19;4699;1024;392;456;1430;940;931;829;1056
308.713868;285;20;4701;1025;394;455;1430;940;932;828;1059
309.211054;285;20;4697;1025;394;455;1430;940;932;828;1056
309.712367;286;20;4699;1025;393;455;1430;941;931;829;1057
310.211756;286;19;4699;1026;393;456;1428;941;932;828;1055
310.71075;284;20;4699;1024;393;456;1429;941;932;829;1055
311.212653;285;20;4699;1025;393;454;1430;942;933;830;1058
311.713342;285;19;4699;1025;393;456;1429;942;933;829;1056
312.212424;285;19;4699;1024;392;456;1429;942;933;829;1057
312.711921;284;19;4697;1026;391;458;1429;942;933;829;1057
313.212298;286;20;4696;1026;390;457;1430;942;933;829;1055
313.71163;285;19;4698;1026;390;457;1429;943;934;828;1060
314.212655;285;19;4704;1025;391;457;1429;942;934;830;1057
314.712245;285;20;4698;1025;392;454;1430;947;934;830;1056
315.211724;286;19;4700;1025;391;455;1429;943;934;829;1056
315.712083;286;19;4699;1025;393;453;1429;944;935;829;1057
316.212477;287;20;4701;1025;393;454;1429;945;933;830;1055
316.712103;286;19;4696;1026;392;453;1428;946;934;829;1059
317.212372;286;20;4697;1025;393;453;1429;944;935;829;1059
317.712075;287;19;4698;1025;392;452;1431;945;935;830;1056
318.211862;286;19;4703;1026;391;453;1430;945;935;829;1058
318.713597;287;19;4695;1025;390;453;1429;945;936;829;1056
319.212045;286;19;4699;1026;391;454;1428;946;934;831;1057
319.712255;287;19;4704;1025;390;453;1429;946;934;830;1057
320.212024;287;19;4696;1025;389;454;1429;946;935;830;1055
320.714583;286;20;4702;1025;390;455;1429;947;936;829;1058
321.211973;287;20;4698;1025;388;455;1428;947;935;830;1056
321.712703;286;19;4699;1025;388;456;1429;949;935;830;1056
322.212425;286;19;4702;1026;388;456;1429;948;936;830;1058
322.712529;287;19;4697;1025;388;455;1429;949;935;831;1057
323.212102;287;19;4699;1025;388;457;1428;949;936;830;1060
323.712593;287;18;4701;1025;389;456;1429;949;937;830;1056
324.212337;287;19;4695;1025;387;457;1428;948;936;831;1058
324.713276;286;19;4700;1023;387;457;1429;948;937;830;1056
325.211892;287;19;4700;1025;387;456;1429;948;937;830;1056
325.712088;286;19;4700;1025;387;457;1429;948;938;831;1056
326.21252;286;19;4697;1024;386;457;1428;948;938;830;1056
326.712343;286;19;4698;1025;386;456;1429;950;938;830;1061
327.212173;286;18;4700;1025;385;461;1428;949;938;830;1055
327.712466;285;18;4697;1025;386;462;1428;950;937;834;1058
328.212018;285;19;4699;1025;385;463;1428;950;937;830;1059
328.711981;284;18;4699;1025;384;464;1429;950;938;830;1055
329.21232;285;19;4699;1025;384;462;1430;949;939;830;1059
329.71297;284;18;4703;1024;384;460;1428;950;936;831;1058
330.212073;284;18;4698;1025;385;459;1428;950;938;831;1056
330.712008;285;18;4694;1025;384;460;1429;950;938;830;1056
331.212504;284;18;4700;1025;384;459;1428;949;938;831;1059
331.712942;284;18;4698;1025;384;458;1429;950;938;831;1058
332.212789;285;17;4694;1025;383;457;1429;950;938;831;1056
332.712049;285;18;4695;1025;383;456;1429;950;939;831;1056
333.213252;285;18;4695;1024;384;456;1428;951;938;831;1057
333.712898;286;18;4700;1025;384;454;1428;952;938;831;1056
334.212664;285;19;4702;1025;384;456;1428;951;938;831;1058
334.71325;285;18;4699;1025;382;455;1428;951;938;829;1056
335.212398;286;18;4701;1025;383;456;1428;952;939;831;1058
335.712533;286;17;4696;1025;383;460;1429;952;939;831;1056
336.212213;286;19;4697;1025;383;457;1429;952;939;831;1056
336.712344;286;18;4699;1024;384;456;1428;953;941;831;1056
337.213329;286;18;4698;1025;384;456;1429;953;940;831;1056
337.712161;285;18;4696;1025;383;457;1428;953;939;831;1058
338.212166;286;17;4699;1024;382;457;1428;953;941;830;1058
338.712551;286;18;4698;1025;383;458;1429;954;940;833;1056
339.211877;285;19;4699;1025;382;458;1430;952;940;832;1058
339.712299;286;18;4695;1026;382;458;1429;954;940;831;1055
340.212806;286;17;4696;1024;383;458;1428;951;940;831;1057
340.712573;286;18;4697;1024;382;456;1431;953;941;831;1059
341.212873;286;18;4697;1025;382;455;1429;954;941;832;1055
341.712896;285;19;4695;1025;383;454;1428;953;940;832;1058
342.212343;286;18;4701;1024;383;453;1429;954;941;832;1055
342.712162;286;18;4697;1024;384;452;1428;955;941;832;1055
343.212773;286;17;4700;1025;384;452;1429;954;941;833;1059
343.712582;286;17;4696;1025;384;453;1427;953;941;832;1058
344.212904;286;17;4703;1025;386;450;1429;954;942;832;1059
344.711444;286;17;4699;1024;387;451;1429;954;941;832;1057
345.212398;287;17;4703;1025;386;450;1429;954;941;833;1055
345.713226;285;17;4701;1024;387;451;1429;954;943;832;1057
346.212543;286;16;4700;1024;386;451;1429;954;941;832;1055
346.712351;286;17;4698;1024;385;452;1428;953;942;832;1056
347.212347;286;17;4698;1024;385;451;1428;954;942;833;1056
347.712546;286;18;4700;1024;384;451;1428;955;941;833;1058
348.212672;286;17;4700;1024;384;450;1429;953;943;833;1054
348.712319;287;18;4700;1025;385;452;1428;954;943;832;1055
349.211287;288;18;4697;1024;384;451;1428;954;944;832;1057
349.712638;287;17;4699;1024;384;449;1428;955;943;833;1057
350.212353;287;17;4700;1025;384;449;1428;955;944;832;1057
350.712162;288;16;4697;1025;383;449;1428;955;943;832;1054
351.212671;287;17;4697;1024;383;449;1428;956;942;833;1058
351.712547;287;17;4702;1024;382;448;1429;956;943;835;1056
352.212003;287;16;4702;1025;384;448;1428;953;945;832;1057
352.712214;287;17;4697;1025;385;449;1428;955;944;832;1056
353.212565;288;16;4697;1024;383;449;1428;955;944;833;1056
353.712065;286;17;4704;1023;383;447;1427;955;944;832;1059
354.212724;288;17;4698;1025;382;446;1427;955;944;832;1059
354.712377;287;17;4699;1025;382;448;1427;955;945;832;1058
355.212632;287;17;4701;1025;382;448;1428;956;950;833;1056
355.712425;288;16;4701;1024;381;449;1428;955;945;833;1055
356.212396;287;17;4695;1025;382;449;1427;959;945;833;1057
356.712541;287;16;4699;1024;380;449;1428;956;945;834;1056
357.212425;287;16;4699;1024;381;450;1428;958;946;833;1054
357.713058;287;17;4699;1025;381;449;1428;957;945;833;1058
358.212466;287;17;4701;1024;381;448;1428;957;945;834;1055
358.712881;286;16;4701;1025;382;448;1428;957;946;832;1058
359.212355;286;17;4701;1024;379;450;1427;958;945;834;1056
359.712684;287;16;4702;1025;380;451;1427;958;945;834;1057
360.212422;286;16;4702;1024;380;451;1427;958;946;833;1058
360.712303;287;16;4698;1025;379;452;1427;959;946;832;1057
361.212083;286;16;4702;1024;379;452;1427;959;945;833;1056
361.712572;287;17;4699;1023;380;451;1427;958;947;832;1058
362.213213;287;16;4696;1024;380;449;1428;958;946;833;1056
362.713023;288;16;4698;1024;381;449;1428;959;946;834;1058
363.21247;286;16;4695;1024;381;449;1427;959;947;833;1056
363.712426;287;16;4694;1023;380;447;1428;960;947;833;1057
364.21245;287;16;4695;1024;380;447;1427;959;947;834;1059
364.712556;287;16;4697;1022;380;447;1427;960;946;833;1056
365.212762;287;16;4697;1024;380;447;1427;958;947;834;1055
365.712805;287;16;4698;1023;380;447;1427;959;947;834;1056
366.212047;287;16;4698;1024;381;446;1428;959;948;833;1055
366.71249;287;16;4699;1023;380;447;1427;960;948;834;1056
367.212707;287;15;4698;1025;380;448;1427;960;946;833;1055
367.712268;288;15;4696;1025;379;448;1427;959;950;833;1058
368.213233;288;16;4699;1024;379;449;1428;959;948;834;1055
368.712428;288;16;4701;1024;380;449;1427;960;947;833;1055
369.213183;288;16;4700;1025;381;449;1427;960;948;833;1057
369.713274;288;16;4700;1024;379;449;1427;960;948;833;1057
370.212839;288;16;4697;1023;380;449;1427;960;948;835;1055
370.712306;288;16;4694;1024;381;449;1428;960;946;835;1058
371.212724;288;16;4699;1024;380;448;1426;962;948;834;1055
371.712837;287;15;4704;1024;380;449;1427;960;949;833;1056
372.213102;288;15;4697;1023;381;448;1428;960;949;834;1055
372.713009;287;15;4700;1023;380;447;1428;960;951;833;1056
373.212079;288;16;4701;1024;381;447;1427;960;950;834;1055
373.712282;287;15;4697;1025;379;449;1426;961;948;834;1056
374.213119;288;15;4697;1024;380;449;1426;960;950;833;1055
374.712012;289;15;4699;1024;378;450;1427;961;949;834;1054
375.212377;288;15;4698;1023;378;450;1427;961;949;834;1054
375.712657;289;16;4697;1023;378;450;1427;961;949;834;1056
376.21224;288;15;4698;1024;380;451;1428;962;949;833;1054
376.712485;289;15;4700;1024;377;451;1426;962;950;834;1055
377.21242;289;15;4698;1024;378;449;1427;962;950;834;1055
377.712925;288;16;4697;1024;379;449;1427;962;951;833;1058
378.212772;289;15;4697;1024;378;451;1427;962;950;834;1057
378.713337;288;16;4700;1024;378;452;1427;963;950;839;1055
379.212857;289;15;4699;1024;379;452;1426;962;951;834;1058
379.712684;288;15;4699;1024;378;453;1426;964;952;835;1055
380.212463;289;15;4697;1024;379;455;1427;964;948;834;1055
380.711953;288;15;4698;1024;379;455;1427;964;951;835;1057
381.213041;289;15;4697;1024;379;457;1426;966;951;835;1056
381.71277;288;15;4696;1024;378;458;1427;966;951;832;1055
382.212255;289;15;4700;1025;379;458;1426;964;952;835;1058
382.712745;289;15;4694;1025;380;459;1427;966;952;834;1055
383.212375;289;15;4698;1025;380;460;1428;966;952;834;1057
383.712655;289;14;4699;1024;377;460;1428;965;953;834;1055
384.212386;289;16;4700;1024;380;460;1427;966;952;835;1058
384.712728;289;15;4696;1025;381;459;1426;967;952;835;1056
385.212781;289;16;4699;1024;382;459;1427;967;953;834;1057
385.71243;289;15;4696;1024;384;458;1427;969;953;836;1056
386.213436;290;15;4698;1023;385;458;1426;968;953;834;1056
386.712415;290;14;4697;1024;387;459;1427;969;954;835;1055
387.213107;290;15;4698;1024;385;460;1427;971;954;835;1057
387.713002;289;15;4698;1024;386;461;1427;971;953;834;1058
388.213091;290;14;4697;1025;387;461;1428;971;954;835;1056
388.713457;290;14;4692;1025;387;462;1426;971;954;835;1059
389.212456;290;15;4695;1024;387;460;1427;970;954;836;1056
389.711855;289;15;4695;1024;387;458;1426;970;955;836;1057
390.21244;289;15;4698;1025;385;457;1427;970;956;834;1057
390.712956;289;14;4698;1024;383;457;1427;970;955;835;1056
391.21276;290;15;4700;1025;383;457;1427;970;955;834;1056
391.713012;288;14;4699;1024;384;457;1426;970;955;835;1054
392.212689;289;15;4697;1025;383;456;1427;969;955;836;1055
392.713455;289;14;4698;1024;384;456;1427;971;955;835;1057
393.212478;289;14;4700;1024;382;456;1428;968;955;834;1056
393.713481;289;14;4701;1025;382;456;1427;971;955;835;1056
394.21254;289;14;4697;1024;384;455;1427;968;955;835;1055
394.711899;289;14;4694;1023;382;454;1427;968;955;835;1055
395.211978;289;14;4700;1023;382;453;1427;968;955;835;1056
395.712438;288;13;4705;1024;382;453;1427;969;956;836;1057
396.21222;289;14;4697;1024;381;453;1426;968;956;836;1056
396.713178;289;14;4699;1025;382;451;1426;969;955;836;1057
397.212968;288;14;4701;1024;381;450;1427;968;956;835;1057
397.712471;288;13;4702;1024;381;450;1426;968;955;835;1055
398.212982;288;14;4696;1024;381;451;1427;969;955;835;1056
398.711633;288;14;4696;1024;380;453;1427;967;955;836;1056
399.213362;288;13;4700;1024;381;453;1427;968;955;836;1058
399.713164;289;13;4699;1024;382;454;1428;969;956;835;1055
400.213445;288;14;4699;1024;383;456;1427;970;956;836;1056
400.713218;288;14;4697;1024;384;459;1426;971;956;835;1057
401.212477;288;13;4700;1024;384;459;1426;970;957;837;1056
401.712822;288;14;4699;1024;384;459;1426;970;957;833;1055
402.213141;288;13;4704;1024;386;458;1427;970;956;833;1055
402.712117;288;13;4697;1024;388;456;1426;970;957;836;1055
403.212391;289;14;4697;1025;388;456;1427;970;957;836;1059
403.711117;289;13;4698;1024;386;455;1427;970;955;836;1055
404.213766;289;13;4697;1024;386;454;1426;970;958;836;1058
404.712813;289;13;4697;1024;386;453;1427;970;959;836;1057
405.213572;289;14;4697;1024;384;452;1427;970;958;835;1054
405.712003;290;14;4698;1024;385;452;1427;970;957;837;1053
406.212052;289;14;4699;1024;383;454;1426;971;957;836;1057
406.712655;290;13;4699;1024;384;451;1427;969;959;836;1058
407.212377;289;14;4695;1025;383;451;1427;969;958;836;1054
407.713581;290;13;4701;1024;382;450;1426;969;958;836;1058
408.211898;289;13;4698;1024;382;450;1427;970;957;839;1055
408.713092;291;13;4697;1024;381;451;1427;970;958;836;1055
409.211204;289;13;4698;1024;381;450;1426;969;957;836;1055
409.713538;290;13;4699;1023;381;450;1427;970;958;835;1056
410.213718;289;13;4700;1022;381;448;1427;969;958;836;1057
410.712658;290;13;4696;1024;380;450;1426;969;959;838;1056
411.213139;289;13;4701;1025;380;449;1427;969;957;836;1056
411.712867;290;13;4700;1023;380;450;1426;970;957;836;1055
412.213012;290;13;4702;1027;378;450;1425;970;959;836;1055
412.713414;290;13;4696;1024;378;450;1427;970;958;836;1055
413.212187;290;13;4696;1024;378;451;1427;970;958;836;1055
413.713173;289;14;4697;1024;377;451;1427;970;959;836;1058
414.213462;290;13;4699;1024;377;452;1427;970;959;837;1055
414.712359;290;14;4697;1024;378;452;1426;970;959;837;1058
415.213087;290;13;4694;1024;378;452;1426;971;958;836;1059
415.713304;290;13;4695;1024;378;452;1426;970;958;837;1055
416.212509;289;12;4697;1024;377;453;1426;971;959;836;1056
416.712892;290;13;4699;1024;376;452;1426;971;956;837;1055
417.213441;290;12;4695;1024;378;453;1426;971;959;837;1054
417.713405;289;13;4696;1024;378;453;1426;971;960;837;1053
418.211556;290;12;4697;1024;377;453;1426;971;961;836;1055
418.713199;291;13;4695;1024;379;453;1426;971;960;836;1056
419.213379;290;13;4698;1024;379;454;1426;971;959;839;1055
419.713339;290;13;4700;1024;378;453;1426;971;959;836;1057
420.213454;290;12;4695;1024;379;450;1427;972;959;836;1056
420.712399;290;13;4694;1025;379;451;1425;972;960;837;1056
421.211972;291;13;4704;1025;378;449;1427;971;961;837;1055
421.712201;290;13;4694;1021;378;449;1426;971;960;837;1058
422.213213;290;12;4695;1025;379;449;1426;972;960;837;1055
422.713231;290;13;4702;1024;378;452;1426;971;960;837;1054
423.213304;290;12;4697;1025;379;450;1426;971;960;837;1056
423.713157;290;13;4699;1024;378;450;1425;971;960;837;1056
424.213064;290;13;4697;1025;378;449;1426;971;957;837;1055
424.712414;290;13;4698;1024;377;449;1426;972;960;836;1055
425.212084;290;12;4698;1024;378;446;1425;973;960;837;1057
425.71212;289;13;4696;1024;378;448;1425;972;960;837;1056
426.213356;290;12;4700;1023;379;447;1426;973;960;837;1055
426.712947;289;12;4698;1024;378;447;1427;972;960;838;1058
427.213377;289;12;4704;1024;379;447;1426;968;959;837;1057
427.713391;289;13;4699;1024;377;447;1426;972;960;837;1058
428.213018;289;13;4699;1024;377;447;1425;972;960;836;1056
428.711996;289;13;4702;1023;380;446;1426;972;960;836;1054
429.212269;289;12;4698;1023;378;445;1427;971;961;836;1055
429.712496;289;12;4702;1023;379;445;1426;972;961;837;1057
430.213212;290;12;4697;1024;380;444;1426;971;960;838;1058
430.71332;290;12;4696;1024;380;444;1426;972;960;837;1055
431.213232;290;13;4700;1024;383;443;1427;971;960;837;1057
431.713734;290;13;4697;1024;382;443;1426;972;962;838;1055
432.213318;290;12;4697;1023;383;443;1426;971;960;838;1057
432.712118;291;12;4702;1024;382;442;1426;972;962;837;1055
433.212526;290;13;4697;1024;383;442;1427;973;961;837;1055
433.712892;290;11;4696;1024;382;439;1426;972;962;838;1057
434.212931;291;12;4697;1024;382;444;1426;972;960;837;1054
434.712322;291;12;4703;1024;382;443;1427;973;961;837;1055
435.212397;291;12;4697;1024;383;442;1426;972;961;838;1054
435.712649;291;12;4697;1024;382;443;1427;972;961;838;1055
436.212451;291;12;4702;1023;383;443;1427;972;962;837;1056
436.712862;290;12;4701;1022;382;443;1426;973;961;837;1057
437.212399;291;12;4700;1023;381;444;1426;972;962;837;1058
437.713001;290;12;4701;1023;382;444;1426;972;962;838;1055
438.212092;291;12;4701;1024;381;445;1425;972;962;837;1055
438.71248;291;13;4700;1023;380;445;1426;972;962;836;1055
439.212809;291;12;4699;1023;380;446;1426;972;962;837;1055
439.712423;291;12;4698;1024;380;445;1426;972;962;838;1055
440.212192;291;12;4698;1023;380;443;1426;972;962;837;1055
440.712998;290;11;4704;1023;381;443;1425;972;961;837;1057
441.21246;291;12;4701;1023;379;443;1426;972;961;837;1054
441.713759;291;12;4699;1024;379;444;1425;973;962;838;1058
442.212507;291;13;4696;1024;378;443;1426;973;962;837;1057
442.713447;291;12;4697;1023;378;442;1426;973;961;837;1054
443.212433;290;12;4697;1023;378;443;1427;975;961;837;1055
443.712445;291;12;4702;1024;377;443;1426;973;962;837;1058
444.213461;291;12;4699;1024;377;443;1426;972;961;838;1058
444.713046;290;12;4698;1023;377;442;1427;974;962;837;1054
445.213654;290;12;4699;1024;377;443;1426;973;962;837;1055
445.713119;291;12;4697;1024;378;442;1426;973;962;837;1056
446.211907;291;11;4700;1024;377;442;1425;973;962;838;1057
446.712601;291;12;4699;1024;377;442;1426;975;962;838;1057
447.212796;291;12;4702;1023;377;442;1427;973;963;838;1055
447.713125;291;12;4701;1023;378;443;1426;974;962;839;1055
448.212928;292;12;4697;1023;377;444;1425;974;962;838;1055
448.712629;292;12;4699;1023;378;444;1426;974;963;838;1058
449.211274;292;12;4696;1023;376;445;1425;974;962;838;1054
449.712842;291;12;4700;1023;376;446;1426;974;962;837;1056
450.213115;292;12;4699;1024;376;447;1426;974;961;837;1058
450.713441;292;12;4697;1024;376;447;1425;974;962;837;1056
451.212223;292;12;4698;1023;377;447;1426;972;962;838;1055
451.713424;291;11;4700;1024;376;448;1425;973;963;838;1055
452.212882;292;12;4699;1023;375;449;1425;972;963;838;1057
452.711896;292;11;4700;1023;376;449;1425;973;962;838;1055
453.212884;291;12;4700;1024;373;448;1425;972;962;838;1054
453.712332;292;12;4701;1024;374;449;1426;973;963;837;1058
454.213062;291;12;4703;1024;373;447;1425;973;962;838;1055
454.710494;291;12;4700;1023;374;450;1426;973;962;838;1055
455.213189;291;12;4696;1023;373;450;1426;973;963;838;1054
455.714359;290;12;4699;1023;373;452;1426;973;962;839;1055
456.210629;289;11;4701;1023;373;452;1425;973;963;837;1056
456.712835;289;12;4702;1023;377;453;1425;974;962;838;1056
457.213095;289;11;4700;1024;373;453;1425;973;962;838;1058
457.713124;290;11;4698;1023;372;452;1426;975;963;837;1053
458.212886;289;11;4696;1023;372;453;1426;974;963;838;1057
458.711997;289;11;4697;1024;373;453;1425;975;963;837;1054
459.212257;289;11;4700;1023;374;454;1426;974;964;837;1055
459.712905;289;12;4698;1023;373;454;1426;975;963;838;1055
460.21201;290;11;4698;1024;372;453;1425;975;964;838;1055
460.713291;290;11;4697;1023;372;453;1425;976;964;838;1055
461.213451;291;12;4702;1024;373;452;1426;975;964;837;1058
461.712578;290;11;4699;1023;374;450;1425;976;963;838;1055
462.213378;291;12;4701;1023;373;451;1426;976;964;838;1054
462.713417;290;11;4700;1023;373;448;1426;976;964;838;1056
463.212317;290;11;4700;1023;373;447;1426;976;964;838;1054
463.711303;291;11;4700;1023;370;447;1425;975;963;839;1055
464.213044;289;11;4700;1023;374;445;1426;975;965;842;1055
464.713114;290;12;4702;1024;373;445;1426;975;963;839;1054
465.213753;290;11;4701;1023;374;444;1426;975;963;839;1055
465.712957;291;11;4702;1023;374;443;1425;975;965;838;1055
466.212841;291;11;4701;1024;376;445;1426;975;964;838;1058
466.713481;292;11;4701;1023;375;442;1425;976;965;838;1054
467.212708;291;10;4700;1023;375;442;1425;977;964;837;1056
467.713191;291;11;4700;1024;377;442;1425;976;964;839;1054
468.213266;292;10;4697;1023;376;442;1426;975;964;838;1055
468.713501;292;11;4704;1024;376;443;1426;976;964;838;1056
469.212458;291;12;4703;1022;376;443;1425;976;964;842;1055
469.713071;292;12;4702;1023;375;444;1425;976;965;840;1056
470.212847;291;11;4699;1024;374;445;1425;976;965;838;1055
470.713353;291;11;4698;1023;376;445;1424;978;964;839;1055
471.213285;292;11;4702;1023;374;443;1426;977;965;838;1054
471.713304;291;10;4699;1023;375;443;1425;979;966;838;1055
472.212359;292;11;4700;1023;374;443;1425;976;965;839;1054
472.713546;291;11;4702;1023;375;442;1426;976;966;838;1054
473.213123;291;11;4697;1023;375;442;1426;977;966;837;1057
473.712593;291;11;4701;1023;376;441;1426;977;965;838;1055
474.213431;291;11;4699;1023;375;440;1424;977;965;839;1057
474.713234;291;11;4700;1023;377;440;1425;976;965;840;1056
475.213313;291;11;4699;1023;376;440;1425;976;965;838;1055
475.712813;291;11;4696;1023;377;440;1425;977;968;839;1055
476.212504;291;11;4696;1023;373;440;1425;976;966;839;1055
476.713813;291;11;4701;1023;376;441;1425;976;966;838;1056
477.211014;292;11;4699;1023;378;443;1424;977;966;839;1054
477.71326;292;11;4700;1023;381;442;1426;978;966;838;1054
478.213355;292;11;4697;1023;381;442;1425;980;966;843;1054
478.713052;292;11;4699;1024;383;443;1425;980;966;838;1054
479.212307;291;11;4695;1023;384;444;1425;979;966;838;1056
479.713335;292;10;4699;1022;383;444;1425;980;965;839;1056
480.212007;292;11;4696;1023;383;440;1425;980;967;838;1055
480.713037;292;11;4700;1024;384;445;1425;980;967;839;1054
481.2129;292;11;4699;1023;383;444;1425;980;967;839;1057
481.713367;292;10;4697;1023;384;443;1425;979;967;838;1055
482.213058;292;10;4699;1024;382;443;1425;979;967;838;1057
482.713131;292;11;4699;1024;383;444;1425;980;968;839;1057
483.213402;292;10;4700;1023;383;444;1425;979;968;838;1056
483.713264;292;11;4700;1024;381;444;1426;979;967;839;1054
484.213145;292;11;4698;1024;381;445;1424;978;967;838;1057
484.71404;292;10;4696;1023;380;444;1429;978;967;839;1055
485.21317;292;11;4700;1023;380;445;1425;980;967;839;1055
485.713388;292;11;4697;1023;380;445;1425;980;967;839;1054
486.213251;292;11;4699;1023;378;447;1425;980;968;839;1054
486.713413;292;10;4695;1023;379;446;1425;981;969;839;1056
487.212821;291;10;4700;1023;379;446;1425;981;968;840;1056
487.713658;293;11;4697;1023;378;447;1425;980;969;839;1058
488.2132;292;10;4697;1024;379;448;1425;980;968;840;1053
488.712532;292;11;4695;1023;377;449;1424;980;969;839;1055
489.213162;292;10;4696;1023;377;449;1424;980;969;839;1056
489.713676;292;11;4698;1023;379;450;1425;981;968;839;1054
490.213443;292;11;4699;1023;378;451;1425;980;969;838;1054
490.712998;292;10;4695;1024;380;450;1425;981;968;840;1056
491.213344;292;10;4699;1023;377;450;1424;981;968;839;1054
491.713604;292;11;4698;1024;377;450;1424;980;969;839;1054
492.213363;291;10;4693;1023;377;451;1425;980;969;839;1055
492.713944;292;10;4699;1023;377;454;1425;981;968;838;1054
493.21244;291;11;4702;1024;378;455;1425;981;969;839;1055
493.713437;291;10;4699;1023;379;456;1426;982;968;839;1056
494.213321;291;10;4700;1023;377;457;1424;982;969;838;1055
494.712987;291;10;4695;1023;377;456;1425;982;968;839;1057
495.212436;291;11;4697;1023;378;456;1426;981;968;839;1056
495.713445;291;10;4700;1024;377;456;1425;982;968;839;1057
496.212481;290;11;4699;1023;376;455;1426;981;968;838;1057
496.713579;290;11;4697;1023;377;454;1426;981;969;839;1054
497.212495;291;10;4701;1023;379;451;1426;981;966;840;1056
497.712769;291;10;4695;1024;379;450;1428;980;968;839;1054
498.212145;292;10;4696;1023;377;449;1423;981;969;839;1056
498.713138;291;11;4696;1024;378;447;1425;981;968;839;1054
499.212312;291;10;4696;1023;377;446;1426;981;969;839;1054
499.712492;291;10;4696;1023;378;446;1426;980;968;840;1056
500.213089;291;11;4700;1023;378;447;1425;981;967;839;1055
500.712681;291;11;4698;1023;378;445;1425;980;967;839;1056
501.212834;292;10;4698;1023;379;445;1425;980;970;839;1057
501.712578;292;11;4701;1023;379;443;1424;980;968;840;1054
502.212209;291;10;4700;1022;379;443;1425;980;969;839;1054
502.713354;292;10;4701;1023;379;443;1425;982;969;839;1055
503.213282;292;11;4701;1023;378;444;1425;980;968;839;1057
503.712454;292;10;4699;1023;380;443;1426;981;969;839;1054
504.213265;292;11;4704;1027;380;443;1425;980;970;839;1057
504.713106;292;10;4699;1023;381;443;1425;981;968;840;1055
505.21385;292;10;4698;1023;382;442;1425;980;969;840;1059
505.712172;292;10;4697;1022;385;443;1425;980;968;839;1057
506.212223;292;11;4698;1023;381;442;1424;981;969;839;1055
506.712954;292;10;4697;1022;383;444;1424;980;968;839;1054
507.213137;293;10;4697;1022;383;443;1424;980;968;839;1055
507.712662;293;10;4700;1023;380;442;1425;980;969;839;1056
508.212189;293;9;4697;1023;381;442;1425;980;968;840;1057
508.71327;293;11;4697;1022;380;442;1425;980;967;838;1054
509.213289;292;10;4698;1022;381;442;1424;980;969;840;1056
509.713545;292;10;4698;1023;381;443;1425;979;970;840;1054
510.212505;294;10;4694;1023;381;442;1426;979;969;840;1054
510.713143;292;10;4695;1022;380;442;1425;976;969;839;1058
511.212569;292;10;4699;1022;380;442;1425;980;969;840;1055
511.712581;293;9;4697;1022;381;442;1425;979;968;840;1058
512.213556;293;10;4697;1022;381;442;1426;980;969;839;1054
512.71389;293;10;4699;1023;380;441;1425;979;970;838;1057
513.211165;292;10;4697;1023;380;442;1425;980;969;840;1055
513.713452;293;10;4700;1023;379;441;1425;980;969;839;1054
514.21308;293;11;4697;1022;380;440;1426;980;968;839;1054
514.713725;293;10;4699;1023;381;441;1425;980;969;839;1054
515.213998;293;10;4700;1023;380;443;1425;982;969;837;1058
515.712357;292;10;4701;1022;381;445;1425;981;970;840;1055
516.212962;293;10;4703;1023;382;444;1425;982;970;839;1057
516.713696;293;10;4698;1023;382;445;1425;982;970;840;1057
517.213359;292;10;4708;1023;382;445;1425;982;969;840;1055
517.7124;292;10;4697;1023;382;445;1425;982;969;843;1055
518.212017;293;10;4700;1023;382;446;1425;981;969;840;1054
518.712814;292;10;4700;1024;381;446;1425;981;966;839;1057
519.212998;292;10;4698;1022;379;445;1425;982;970;839;1055
519.713531;292;10;4698;1023;376;446;1425;981;969;839;1057
520.213135;292;10;4696;1023;379;445;1425;980;970;839;1055
520.712699;292;10;4695;1023;378;444;1425;981;970;839;1057
521.212227;292;9;4694;1022;378;445;1423;981;971;839;1057
521.712423;292;10;4701;1023;380;443;1425;981;974;840;1055
522.212932;292;9;4699;1023;380;442;1426;980;970;839;1056
522.712873;293;9;4701;1023;380;442;1425;981;970;840;1057
523.212399;292;10;4697;1022;379;442;1424;979;969;840;1057
523.71356;292;9;4698;1023;379;440;1425;979;970;838;1057
524.21275;293;10;4697;1023;379;441;1425;979;970;840;1055
524.71302;292;9;4699;1023;380;440;1424;978;970;839;1057
525.212333;293;9;4699;1023;380;441;1425;979;969;840;1058
525.713449;293;9;4702;1022;381;441;1425;979;969;839;1055
526.212896;292;10;4699;1021;382;441;1424;979;968;840;1057
526.713553;292;10;4694;1022;381;441;1425;979;969;839;1055
527.212724;293;10;4700;1023;381;442;1424;979;970;840;1057
527.712969;293;9;4700;1022;380;441;1425;979;969;840;1055
528.213694;293;9;4698;1022;380;441;1425;978;970;839;1056
528.71391;293;10;4699;1022;378;442;1424;979;969;839;1056
529.210769;293;10;4700;1022;379;441;1425;979;969;844;1054
529.712337;293;9;4699;1022;380;442;1424;980;970;839;1056
530.213121;293;9;4699;1023;379;443;1426;979;970;839;1056
530.713553;292;10;4699;1021;378;442;1424;980;969;840;1057
531.2139;292;10;4700;1021;378;442;1425;978;969;840;1056
531.713192;293;10;4699;1023;378;441;1425;979;969;839;1055
532.212685;293;10;4704;1021;377;440;1425;979;970;839;1054
532.713763;292;10;4700;1022;377;442;1425;978;970;840;1054
533.212971;292;9;4698;1023;377;441;1425;979;971;840;1054
533.71347;292;9;4701;1022;376;441;1426;978;970;840;1054
534.212993;292;11;4701;1022;376;441;1425;979;968;839;1056
534.713185;292;10;4699;1022;376;441;1425;978;969;840;1055
535.213857;292;10;4697;1022;376;441;1425;979;970;840;1056
535.712989;292;10;4697;1022;377;442;1425;978;970;839;1055
536.213221;293;9;4701;1022;376;441;1424;977;970;840;1054
536.713245;293;9;4699;1023;376;442;1425;979;970;840;1054
537.212792;293;9;4696;1023;377;442;1425;979;970;840;1057
537.713747;292;9;4695;1022;377;442;1425;979;969;840;1054
538.212677;292;10;4699;1023;377;443;1424;979;969;840;1057
538.713204;293;10;4702;1022;377;443;1425;980;970;839;1056
539.213542;293;10;4696;1022;376;440;1425;979;970;840;1054
539.713788;293;10;4697;1023;377;442;1424;978;970;840;1055
540.213281;293;10;4697;1023;376;442;1425;979;969;840;1054
540.713726;293;10;4701;1022;377;442;1425;980;969;840;1056
541.212467;293;10;4698;1023;376;443;1424;978;970;840;1057
541.713843;292;9;4699;1023;376;444;1425;978;970;840;1057
542.213157;292;10;4698;1022;374;441;1425;979;970;840;1056
542.712925;293;10;4698;1021;374;442;1425;979;970;840;1057
543.212859;292;9;4697;1023;374;443;1425;979;970;839;1055
543.71354;292;10;4695;1022;373;444;1424;980;969;840;1058
544.213481;293;10;4696;1021;373;445;1424;979;970;840;1055
544.713254;293;9;4699;1023;375;446;1424;979;970;837;1053
545.212899;293;9;4695;1023;376;447;1424;980;971;839;1055
545.713995;293;9;4701;1020;376;444;1424;979;969;840;1055
546.213264;293;10;4696;1023;376;444;1422;980;970;838;1055
546.713255;293;10;4699;1022;377;445;1424;980;971;840;1058
547.213211;293;9;4700;1022;376;442;1425;980;971;839;1057
547.713161;292;10;4697;1022;377;441;1425;979;970;839;1056
548.212247;293;10;4697;1022;377;441;1425;979;971;840;1055
548.712662;293;9;4697;1022;378;441;1425;979;971;839;1054
549.213433;293;9;4699;1022;377;441;1424;981;970;840;1055
549.713103;293;10;4701;1023;376;441;1425;980;970;838;1053
550.213263;293;11;4695;1023;376;441;1425;981;970;840;1056
550.712781;293;9;4700;1023;376;440;1425;982;971;840;1054
551.213828;294;9;4699;1023;376;440;1424;981;970;839;1055
551.713444;294;10;4698;1023;376;441;1425;981;972;840;1055
552.213409;293;10;4699;1022;376;441;1425;981;970;841;1053
552.713225;294;9;4698;1023;375;443;1424;981;970;839;1055
553.213376;293;9;4697;1022;374;444;1424;981;973;840;1057
553.712748;293;9;4696;1022;371;444;1424;980;971;839;1054
554.21314;294;9;4700;1022;373;444;1424;982;971;839;1055
554.713549;293;9;4698;1023;373;445;1425;983;970;839;1054
555.213138;292;10;4695;1022;373;444;1425;982;971;839;1056
555.713402;293;9;4696;1022;373;442;1425;982;970;841;1054
556.212963;293;10;4697;1024;372;443;1425;982;971;840;1055
556.712345;292;10;4698;1023;373;443;1424;981;970;839;1055
557.212825;293;9;4699;1023;372;441;1422;982;970;839;1055
557.712579;292;10;4701;1022;372;441;1425;981;971;840;1057
558.212001;292;10;4699;1022;372;441;1425;981;971;839;1055
558.712232;292;9;4698;1023;371;440;1424;982;971;840;1055
559.212842;293;9;4698;1022;371;439;1424;982;969;841;1053
559.713236;293;10;4697;1022;370;438;1425;980;971;839;1057
560.21243;292;10;4699;1022;371;439;1425;981;971;840;1055
560.712442;291;9;4697;1022;371;440;1424;983;970;840;1054
561.212445;292;10;4699;1023;370;441;1425;982;970;840;1055
561.713007;292;9;4694;1023;371;440;1423;982;971;845;1054
562.212307;292;9;4699;1023;369;440;1424;981;971;840;1055
562.71325;292;9;4697;1023;372;441;1424;981;970;840;1056
563.211455;292;10;4698;1022;369;440;1424;982;970;840;1056
563.713344;292;9;4695;1022;370;439;1424;983;970;840;1056
564.212464;293;10;4700;1023;371;439;1424;982;970;840;1054
564.713524;292;9;4695;1022;373;438;1424;982;969;843;1057
565.212098;292;9;4696;1023;372;438;1425;982;971;839;1056
565.712483;292;9;4700;1023;372;439;1425;983;970;840;1056
566.213252;292;9;4698;1023;371;440;1426;982;970;840;1057
566.713642;291;9;4701;1023;370;441;1424;983;970;840;1054
567.21302;293;9;4696;1022;371;442;1424;983;970;840;1055
567.713021;293;10;4694;1022;371;443;1425;983;970;840;1056
568.212942;292;9;4694;1023;371;441;1425;986;970;840;1057
568.712735;292;9;4699;1023;370;442;1424;982;970;841;1055
569.21385;292;9;4703;1022;370;440;1425;983;970;840;1057
569.712942;292;9;4696;1023;371;440;1425;983;971;840;1056
570.2128;293;9;4694;1023;371;440;1424;982;970;840;1057
570.712811;292;9;4700;1023;371;439;1425;982;971;839;1055
571.213535;293;9;4699;1025;372;438;1425;982;971;840;1057
571.713561;293;9;4697;1022;371;438;1424;983;970;843;1055
572.213481;293;9;4699;1023;372;437;1424;982;970;841;1056
572.713231;293;10;4700;1023;371;437;1421;982;971;840;1057
573.213391;293;9;4702;1023;374;436;1425;982;971;840;1058
573.712804;294;10;4699;1023;372;436;1424;982;970;839;1057
574.213459;293;9;4697;1022;373;437;1424;981;971;841;1057
574.712374;293;10;4698;1022;372;437;1424;982;971;840;1056
575.213048;293;9;4695;1023;371;436;1424;981;970;839;1057
575.713088;293;9;4699;1022;370;437;1423;982;970;840;1054
576.21347;293;9;4695;1022;370;438;1424;982;970;840;1054
576.712977;294;9;4699;1022;371;438;1424;984;970;840;1057
577.212249;292;10;4698;1023;370;437;1424;981;972;839;1057
577.712636;293;10;4701;1023;370;437;1423;981;970;840;1054
578.212913;293;9;4698;1022;369;436;1422;981;971;840;1058
578.712974;293;9;4696;1022;370;437;1424;982;970;840;1054
579.213085;293;10;4698;1023;368;437;1424;981;971;841;1057
579.712746;293;9;4702;1023;369;438;1425;981;970;840;1054
580.213178;293;10;4698;1023;370;439;1424;982;971;840;1056
580.713604;293;9;4700;1022;368;439;1424;981;972;840;1055
581.213471;293;9;4701;1023;370;439;1424;981;971;836;1055
581.713303;293;9;4697;1023;368;439;1424;982;971;840;1054
582.213643;293;8;4695;1023;368;439;1424;981;971;840;1056
582.710871;294;9;4701;1023;368;438;1424;982;970;839;1056
583.213318;293;10;4698;1023;370;439;1423;982;971;841;1055
583.712934;293;10;4694;1022;369;438;1423;982;971;840;1055
584.213345;293;8;4695;1022;368;438;1423;982;977;840;1054
584.713149;294;9;4694;1022;369;438;1423;983;971;839;1054
585.212348;293;10;4698;1022;367;438;1424;982;972;839;1053
585.712236;293;9;4696;1022;370;437;1422;982;972;840;1054
586.213272;293;9;4697;1022;369;436;1424;983;971;841;1053
586.711996;293;9;4696;1022;369;436;1423;983;971;840;1055
587.213332;294;10;4696;1021;370;435;1425;982;971;841;1054
587.712482;293;9;4696;1022;369;436;1425;983;971;841;1056
588.212734;294;9;4696;1023;369;436;1424;983;972;840;1056
588.713334;293;9;4695;1022;369;435;1424;982;970;844;1056
589.211169;294;9;4698;1022;369;435;1423;982;971;840;1055
589.713292;293;10;4701;1021;370;434;1424;982;971;841;1054
590.213386;294;9;4699;1021;368;433;1424;983;971;840;1054
590.713391;294;10;4693;1023;368;434;1424;982;971;840;1055
591.213278;294;9;4704;1023;367;435;1423;982;971;841;1054
591.713504;294;10;4700;1023;367;435;1424;983;971;841;1055
592.212409;294;9;4697;1022;368;435;1424;982;972;840;1056
592.711076;294;9;4697;1022;367;434;1424;983;971;841;1056
593.213068;294;9;4699;1023;365;434;1424;983;972;840;1053
593.712868;294;9;4698;1023;370;435;1423;984;971;840;1057
594.213196;294;9;4699;1023;370;432;1424;984;971;841;1053
594.713862;295;9;4699;1021;371;432;1422;984;972;840;1054
595.212121;293;9;4699;1023;372;431;1424;985;971;840;1053
595.711153;294;9;4702;1021;374;431;1423;986;972;840;1055
596.211412;294;9;4700;1023;374;431;1424;986;972;840;1054
596.713344;294;10;4701;1022;374;432;1424;985;973;841;1056
597.212813;295;9;4698;1022;374;433;1423;986;972;841;1057
597.713294;294;9;4702;1021;374;433;1423;985;972;840;1054
598.212994;294;9;4703;1022;374;433;1423;985;970;841;1056
598.713377;294;9;4701;1022;375;432;1427;986;972;841;1051
599.213382;293;9;4700;1022;373;432;1424;986;972;840;1055
599.713227;294;9;4696;1021;373;432;1423;986;972;840;1054
600.211965;295;9;4701;1022;373;433;1423;985;972;839;1053
600.712958;295;9;4698;1023;374;433;1424;984;974;840;1057
601.21346;294;9;4699;1022;374;433;1424;984;973;839;1053
601.7138;296;9;4294967254;1022;373;432;514;988;976;850;1801
602.21276;294;9;4294967260;1021;373;432;526;988;976;851;1800
602.715136;292;9;4294967262;1021;372;432;535;988;976;850;1803
603.214053;291;8;4294967256;1021;373;433;541;987;975;850;1800
603.712903;288;9;4294967254;1021;373;434;547;987;975;851;1804
604.213901;286;8;4294967255;1021;372;435;551;987;976;851;1802
604.713199;284;9;4294967254;1022;372;435;556;987;975;851;1801
605.213449;280;9;4294967243;1021;373;434;561;988;975;852;1804
605.713162;278;9;4294967252;1022;374;436;564;988;975;852;1800
606.213097;275;9;4294967255;1022;374;435;568;987;975;851;1801
606.713208;274;8;4294967260;1022;373;434;573;988;975;851;1803
607.21373;270;9;4294967255;1022;373;436;575;987;975;851;1801
607.713504;267;10;4294967252;1021;369;436;578;988;976;851;1802
608.213052;265;9;4294967255;1022;373;438;579;988;976;851;1800
608.7131;263;9;4294967254;1022;373;439;583;989;975;851;1800
609.213896;260;9;4294967256;1022;371;440;585;990;975;851;1804
609.713078;258;8;4294967253;1022;373;441;589;989;975;851;1800
610.21325;257;9;4294967256;1022;373;442;591;988;975;850;1803
610.713228;254;9;4294967257;1023;373;443;594;987;976;851;1803
611.212964;251;9;4294967256;1021;372;443;596;988;975;852;1803
611.713903;249;9;4294967251;1021;376;446;598;989;975;851;1800
612.213007;248;9;4294967257;1022;374;445;600;989;975;851;1801
612.713121;246;10;4294967255;1022;376;447;602;988;975;851;1803
613.210866;243;8;4294967254;1023;375;447;604;987;976;851;1802
613.713128;242;9;4294967257;1022;378;449;606;989;976;851;1803
614.21324;240;9;4294967257;1022;378;449;607;989;976;851;1802
614.713337;237;9;4294967254;1023;378;450;610;989;976;852;1803
615.213301;235;9;4294967256;1022;379;450;611;989;975;851;1803
615.713448;234;9;4294967256;1023;381;449;612;991;975;852;1802
616.21232;232;8;4294967255;1022;381;449;614;990;975;850;1801
616.712549;230;9;4294967259;1021;383;448;616;989;975;851;1804
617.212367;229;9;4294967253;1021;384;449;617;988;975;851;1802
617.712421;228;9;4294967255;1021;384;450;620;988;975;851;1802
618.211176;225;9;4294967255;1022;388;449;620;988;976;851;1803
618.71345;225;9;4294967254;1022;386;450;622;988;980;851;1801
619.212815;223;9;4294967256;1021;386;451;623;989;976;851;1799
619.713082;221;9;4294967256;1022;389;449;625;987;977;851;1801
620.212061;219;9;4294967255;1022;389;452;627;987;976;850;1801
620.713231;218;9;4294967256;1022;390;452;628;988;973;851;1801
621.212427;217;8;4294967256;1022;392;454;630;988;977;854;1802
621.713146;216;9;4294967258;1022;392;454;631;988;976;852;1801
622.21351;214;8;4294967254;1022;394;455;632;987;977;851;1801
622.71332;213;9;4294967254;1022;395;457;634;988;976;852;1802
623.213413;212;8;4294967254;1022;398;457;634;987;977;851;1802
623.713402;210;9;4294967255;1022;398;457;636;987;977;851;1802
624.213404;209;9;4294967256;1022;401;458;638;988;976;851;1801
624.713297;207;9;4294967255;1022;402;459;639;988;977;851;1800
625.212647;205;8;4294967257;1022;405;460;640;987;976;851;1804
625.713215;206;8;4294967256;1021;406;461;641;988;976;850;1801
626.213183;203;8;4294967256;1023;408;462;641;988;976;851;1804
626.713481;203;9;4294967256;1022;410;462;643;987;977;851;1802
627.212548;201;9;4294967253;1022;411;463;644;987;976;852;1801
627.71309;201;8;4294967255;1021;412;464;645;988;977;851;1802
628.213109;199;9;4294967254;1022;415;465;644;988;976;852;1804
628.713302;197;9;4294967257;1022;415;467;648;988;977;852;1803
629.211924;196;8;4294967255;1022;417;468;649;991;978;851;1802
629.711941;196;8;4294967254;1022;417;469;649;988;978;851;1801
630.213428;194;9;4294967254;1022;420;469;651;988;977;851;1800
630.712758;193;8;4294967256;1022;422;472;652;989;977;851;1802
631.212643;192;8;4294967258;1022;423;472;653;989;978;852;1800
631.712922;191;9;4294967257;1022;425;474;654;990;978;851;1803
632.213475;190;9;4294967255;1022;426;476;654;989;978;851;1804
632.712192;189;8;4294967258;1022;428;476;656;989;978;852;1801
633.214275;190;8;4294967251;1022;430;478;657;989;978;851;1801
633.7124;187;9;4294967258;1023;432;479;658;989;978;851;1802
634.212743;186;8;4294967254;1022;433;480;659;988;978;851;1804
634.711752;186;8;4294967252;1022;434;482;661;989;977;852;1803
635.213102;185;9;4294967256;1023;436;482;661;989;977;851;1801
635.713441;183;9;4294967256;1022;438;485;661;988;978;851;1802
636.213847;182;8;4294967254;1023;438;487;663;988;978;851;1802
636.711622;182;9;4294967255;1023;440;489;663;989;978;851;1802
637.213215;181;9;4294967256;1023;441;490;664;988;977;851;1802
637.710919;180;8;4294967259;1022;442;490;665;989;977;851;1801
638.214103;179;9;4294967256;1022;445;494;666;989;978;851;1803
638.712947;178;9;4294967255;1022;446;494;667;989;978;851;1802
639.213101;177;9;4294967255;1022;448;496;669;986;977;851;1803
639.711157;176;9;4294967253;1022;449;498;669;990;978;851;1805
640.212456;175;8;4294967257;1022;450;500;669;989;979;851;1801
640.713041;175;9;4294967255;1022;452;500;671;990;978;850;1802
641.211261;174;8;4294967256;1022;453;502;672;990;978;851;1801
641.711697;174;8;4294967256;1022;453;502;671;989;979;852;1801
642.212983;172;9;4294967255;1021;455;505;672;989;977;851;1803
642.713458;171;8;4294967253;1022;457;506;674;990;978;851;1799
643.212733;170;9;4294967261;1023;459;507;675;990;978;852;1800
643.713208;170;8;4294967258;1022;460;509;675;989;979;852;1799
644.21205;169;9;4294967253;1022;463;511;677;989;979;851;1801
644.712856;168;9;4294967255;1022;464;512;677;990;978;852;1801
645.212934;168;9;4294967256;1022;466;514;679;989;979;851;1801
645.713343;167;9;4294967256;1022;468;515;679;990;980;855;1800
646.213174;166;8;4294967254;1022;468;518;679;990;978;855;1801
646.713094;164;8;4294967260;1022;471;520;681;990;978;852;1802
647.213076;164;8;4294967260;1022;472;521;681;991;978;851;1802
647.713234;163;8;4294967256;1022;474;523;682;989;978;852;1801
648.212419;163;8;4294967256;1022;474;524;683;990;978;852;1806
648.713252;162;8;4294967258;1022;476;525;684;991;979;851;1801
649.211199;161;8;4294967258;1022;477;526;684;990;978;852;1801
649.713001;161;9;4294967258;1022;479;528;685;990;978;852;1803
650.212277;160;8;4294967255;1027;481;530;686;990;978;853;1803
650.713381;159;8;4294967258;1022;483;531;686;989;978;851;1802
651.212301;158;8;4294967257;1022;484;532;687;988;979;852;1804
651.712406;159;9;4294967262;1022;486;533;689;988;978;851;1803
652.213296;158;9;4294967255;1022;487;536;689;988;979;852;1803
652.714037;157;9;4294967253;1022;488;537;690;987;979;851;1800
653.212524;156;9;4294967259;1021;491;539;690;987;978;852;1803
653.713978;155;8;4294967261;1023;492;540;691;987;978;850;1801
654.213328;154;8;4294967258;1022;495;542;691;987;978;851;1801
654.713578;154;9;4294967252;1022;496;543;692;987;978;852;1802
655.213026;154;9;4294967257;1022;497;544;693;986;978;852;1801
655.712636;153;8;4294967258;1022;500;546;694;987;978;852;1800
656.21307;152;9;4294967257;1022;503;547;695;987;978;852;1802
656.713528;151;9;4294967256;1021;502;549;696;986;978;851;1803
657.213103;151;8;4294967257;1022;503;550;696;990;979;850;1803
657.712464;150;9;4294967251;1021;505;553;697;987;976;851;1800
658.212072;149;9;4294967258;1022;507;554;698;986;978;851;1800
658.71327;148;10;4294967257;1022;507;556;698;986;981;852;1801
659.211388;148;9;4294967256;1022;510;559;699;987;978;852;1799
659.71322;148;9;4294967254;1022;511;560;700;986;979;851;1800
660.212473;147;8;4294967256;1022;512;562;700;987;979;851;1801
660.713192;146;9;4294967255;1022;514;563;701;986;979;851;1801
661.212561;145;8;4294967259;1022;515;564;702;987;979;851;1800
661.713339;144;9;4294967255;1022;517;565;702;986;974;852;1803
662.213016;143;8;4294967258;1021;518;566;703;988;978;851;1801
662.713485;143;9;4294967256;1021;519;568;703;987;978;852;1803
663.213855;143;8;4294967255;1021;521;569;704;987;978;851;1801
663.713362;141;9;4294967256;1022;522;570;704;990;978;852;1803
664.213748;142;8;4294967251;1022;522;571;707;987;979;851;1800
664.713384;140;9;4294967255;1021;525;574;706;988;978;852;1801
665.211806;139;9;4294967254;1021;525;573;707;987;978;851;1803
665.713073;140;8;4294967257;1022;528;574;708;988;979;851;1801
666.212958;139;9;4294967259;1021;530;576;708;987;978;852;1800
666.712991;138;8;4294967254;1022;531;577;709;983;978;852;1804
667.212936;138;9;4294967256;1022;532;579;710;987;978;851;1804
667.712388;138;8;4294967256;1022;534;581;710;987;978;852;1803
668.211229;137;9;4294967254;1021;536;581;711;989;978;851;1804
668.713295;136;9;4294967257;1022;535;583;712;988;978;852;1798
669.212656;136;8;4294967254;1021;539;584;712;988;979;852;1800
669.713111;136;9;4294967255;1021;540;586;713;987;979;852;1802
670.213251;135;8;4294967257;1022;542;589;714;987;979;852;1802
670.7124;134;9;4294967256;1022;543;589;714;987;978;852;1801
671.213284;133;8;4294967257;1021;544;591;714;987;979;852;1803
671.713364;133;8;4294967256;1022;546;592;715;988;977;852;1801
672.213063;132;9;4294967259;1022;548;593;715;988;978;850;1800
672.712707;132;8;4294967255;1022;550;595;716;987;978;852;1803
673.213067;132;8;4294967257;1022;552;597;716;987;979;851;1803
673.712093;131;8;4294967256;1022;555;601;717;987;978;852;1802
674.212012;131;8;4294967255;1022;557;600;717;989;978;852;1803
674.713362;129;8;4294967259;1022;562;603;718;988;979;851;1799
675.212213;129;9;4294967252;1023;559;603;719;989;978;852;1800
675.712302;129;9;4294967254;1022;559;606;719;989;979;852;1801
676.212034;128;8;4294967255;1022;560;606;721;989;979;850;1800
676.712945;128;9;4294967256;1022;562;608;721;989;979;851;1803
677.213263;127;8;4294967254;1022;563;608;721;989;980;850;1801
677.711829;127;9;4294967253;1022;564;609;722;989;979;852;1800
678.212672;127;9;4294967257;1022;566;610;722;988;978;851;1804
678.71308;126;8;4294967253;1022;566;611;721;989;978;852;1803
679.213744;125;8;4294967254;1022;568;612;723;988;978;852;1801
679.711741;124;8;4294967258;1022;570;613;724;987;978;852;1800
680.210805;125;8;4294967249;1022;572;613;725;989;979;851;1802
680.713418;124;8;4294967253;1022;574;615;724;989;978;851;1801
681.212963;123;9;4294967256;1021;575;616;725;989;979;851;1802
681.712864;123;9;4294967253;1023;577;619;726;989;979;851;1802
682.212777;122;8;4294967256;1022;579;620;727;988;979;852;1802
682.712872;121;8;4294967258;1022;581;621;728;988;976;852;1800
683.213289;121;9;4294967258;1023;583;623;728;988;980;852;1803
683.713359;121;8;4294967259;1023;581;624;729;989;979;852;1801
684.213479;120;8;4294967256;1022;582;627;728;989;975;852;1801
684.713299;119;8;4294967253;1022;583;626;730;988;980;851;1801
685.21222;119;8;4294967256;1022;584;629;730;988;979;852;1802
685.713559;119;8;4294967256;1023;585;629;730;988;979;852;1800
686.212323;118;8;4294967256;1020;587;631;730;989;980;851;1801
686.712443;119;8;4294967255;1022;588;631;731;989;975;852;1800
687.212454;117;8;4294967254;1021;589;631;732;990;979;852;1799
687.713083;117;8;4294967252;1022;592;633;733;989;979;852;1800
688.213393;116;8;4294967255;1022;594;633;732;990;979;852;1800
688.713312;116;9;4294967250;1023;595;634;733;988;980;851;1801
689.213312;116;9;4294967256;1022;597;635;734;989;984;852;1802
689.713236;115;8;4294967261;1022;598;636;734;989;979;852;1801
690.213174;115;8;4294967255;1022;600;637;735;989;979;851;1800
690.713593;114;9;4294967258;1023;601;638;736;989;979;850;1806
691.212473;114;8;4294967257;1022;602;639;736;989;979;850;1800
691.712374;114;8;4294967258;1022;604;640;736;989;980;852;1801
692.213223;114;8;4294967256;1021;605;642;736;989;981;851;1800
692.71312;113;8;4294967260;1022;606;642;737;990;981;852;1801
693.21267;113;9;4294967253;1023;607;644;737;989;979;852;1801
693.712505;112;8;4294967255;1022;609;645;739;990;979;852;1802
694.213123;112;8;4294967257;1022;611;647;736;991;980;851;1800
694.713214;110;8;4294967258;1022;612;647;739;991;980;852;1803
695.212769;111;8;4294967253;1022;614;649;739;990;979;852;1800
695.71335;110;9;4294967257;1022;617;649;741;991;980;852;1803
696.213055;110;9;4294967253;1023;618;652;741;994;980;852;1802
696.713172;110;8;4294967253;1023;620;652;741;991;980;852;1802
697.213051;109;8;4294967252;1022;621;655;741;991;980;852;1801
697.71359;108;8;4294967258;1022;622;655;742;991;979;854;1801
698.213637;108;9;4294967256;1022;624;660;742;991;980;852;1800
698.714052;107;9;4294967253;1022;625;658;743;990;981;852;1802
699.212947;107;8;4294967259;1023;626;658;744;991;980;852;1799
699.713017;107;8;4294967257;1021;628;661;744;991;982;852;1801
700.21334;106;9;4294967256;1023;629;661;744;991;981;852;1801
700.712446;106;9;4294967255;1023;631;662;744;991;982;852;1803
701.212931;105;8;4294967256;1022;631;663;744;992;982;852;1800
701.712803;105;8;4294967253;1022;633;665;745;991;981;852;1800
702.21123;105;8;4294967256;1022;634;666;746;992;981;852;1801
702.713069;105;9;4294967251;1022;634;668;746;991;981;851;1800
703.21298;104;8;4294967255;1023;635;668;747;991;982;852;1802
703.713135;104;8;4294967256;1022;636;670;747;991;983;852;1803
704.213255;103;7;4294967256;1022;638;670;747;992;984;852;1800
704.713305;103;9;4294967254;1023;639;672;748;991;982;853;1799
705.212786;103;8;4294967255;1023;640;673;748;991;981;852;1801
705.714189;102;9;4294967255;1023;640;674;749;990;982;852;1800
706.212918;100;8;4294967255;1023;641;676;749;990;981;852;1799
706.713429;102;8;4294967253;1023;643;677;750;990;982;853;1802
707.213202;101;8;4294967256;1022;645;678;750;990;982;852;1802
707.712978;101;8;4294967254;1022;644;681;750;990;981;852;1801
708.213329;100;8;4294967256;1022;646;681;751;990;981;852;1802
708.713227;100;8;4294967256;1024;646;682;751;990;982;852;1803
709.211687;100;8;4294967254;1023;647;683;753;989;983;851;1800
709.713499;98;8;4294967256;1023;648;684;752;989;982;852;1803
710.213163;98;7;4294967256;1023;647;685;753;989;983;852;1804
710.712522;98;9;4294967253;1023;650;686;753;991;982;853;1802
711.212282;98;8;4294967256;1023;651;687;754;990;981;851;1803
711.713023;98;9;4294967256;1023;653;689;754;989;982;852;1803
712.212691;97;8;4294967255;1023;654;690;754;990;982;853;1801
712.713167;97;8;4294967255;1022;655;690;755;989;983;851;1800
713.212078;96;8;4294967256;1023;656;692;755;990;981;852;1800
713.712252;96;8;4294967253;1023;659;692;756;989;983;852;1803
714.212541;96;9;4294967258;1022;659;693;756;989;982;852;1803
714.713026;96;8;4294967256;1022;661;693;757;988;982;852;1802
715.213137;95;8;4294967258;1022;661;696;757;989;982;851;1801
715.713106;95;8;4294967259;1023;663;696;757;990;982;852;1800
716.213049;94;8;4294967255;1022;664;698;758;989;982;852;1801
716.713356;94;8;4294967255;1023;665;699;758;989;982;852;1802
717.212433;93;8;4294967254;1022;668;699;758;990;982;851;1802
717.712536;93;8;4294967254;1023;668;701;759;989;982;852;1801
718.213187;92;8;4294967256;1023;669;701;759;988;983;853;1801
718.713062;93;8;4294967255;1022;670;703;759;989;982;852;1801
719.212139;92;9;4294967250;1023;668;704;760;989;982;853;1800
719.713482;92;8;4294967255;1022;673;704;760;989;983;852;1801
720.213548;91;8;4294967256;1022;675;705;760;989;983;852;1802
720.713397;91;8;4294967257;1023;675;706;761;989;982;852;1802
721.211547;91;8;4294967256;1023;675;708;761;990;982;853;1800
721.713265;91;8;4294967254;1022;677;708;762;989;983;852;1803
722.21283;90;9;4294967259;1022;678;710;762;989;982;852;1803
722.713408;90;8;4294967256;1023;678;710;762;989;983;852;1802
723.212814;90;7;4294967256;1022;679;712;762;990;983;853;1797
723.71259;89;8;4294967254;1023;682;712;764;989;982;852;1801
724.212801;89;9;4294967253;1023;683;713;764;990;982;852;1799
724.713174;89;8;4294967255;1023;684;714;764;990;983;853;1800
725.213176;88;8;4294967257;1023;685;715;764;989;983;851;1800
725.713362;88;8;4294967258;1023;685;718;765;989;982;852;1801
726.212374;88;8;4294967256;1023;688;717;765;989;983;853;1801
726.713222;87;8;4294967251;1023;689;718;764;989;983;852;1803
727.212995;86;8;4294967255;1023;690;719;766;989;982;853;1799
727.713145;87;8;4294967255;1023;692;720;766;989;983;853;1801
728.213165;87;9;4294967262;1023;692;721;767;988;983;852;1801
728.712889;85;8;4294967259;1022;694;722;766;988;984;852;1800
729.212796;86;8;4294967256;1022;694;723;767;989;983;853;1803
729.712846;85;8;4294967261;1023;695;723;767;989;983;852;1800
730.213193;85;8;4294967256;1022;696;726;768;989;983;853;1799
730.713198;85;7;4294967252;1023;697;726;767;990;983;853;1802
731.21233;84;8;4294967255;1023;699;728;768;990;982;853;1800
731.713358;84;7;4294967255;1023;700;728;769;990;982;852;1802
732.211239;84;8;4294967250;1023;700;731;770;991;983;852;1804
732.713437;83;8;4294967254;1024;701;731;769;990;984;852;1800
733.213299;83;8;4294967255;1023;703;731;770;991;984;853;1800
733.71288;83;8;4294967252;1022;706;732;769;990;983;852;1801
734.212555;82;8;4294967254;1023;706;733;770;990;984;852;1800
734.711091;82;7;4294967257;1023;707;734;770;991;984;852;1801
735.212784;82;7;4294967256;1022;709;735;770;990;983;852;1801
735.712091;81;8;4294967252;1023;709;736;771;991;983;852;1799
736.212463;81;8;4294967253;1023;710;736;770;991;984;853;1802
736.713055;81;8;4294967254;1022;712;737;772;991;984;853;1802
737.212782;80;8;4294967257;1023;713;738;772;992;984;851;1800
737.712992;80;8;4294967255;1023;714;739;772;991;983;854;1801
738.212597;80;8;4294967256;1023;714;740;773;991;984;852;1802
738.712375;80;8;4294967261;1023;714;740;773;992;982;852;1799
739.213375;80;8;4294967256;1023;715;742;773;993;984;853;1802
739.712838;79;8;4294967255;1022;715;743;773;991;984;852;1802
740.212412;79;7;4294967255;1023;715;743;774;991;983;852;1802
740.713408;78;8;4294967254;1022;717;744;776;993;983;853;1801
741.212114;79;8;4294967253;1023;717;746;775;992;984;853;1800
741.712695;79;8;4294967248;1023;719;747;775;991;984;852;1801
742.212969;78;8;4294967255;1023;718;748;775;993;984;852;1803
742.712352;77;7;4294967252;1023;719;748;776;991;984;853;1803
743.212982;77;8;4294967252;1022;719;749;777;992;984;852;1802
743.713032;77;7;4294967254;1022;721;751;777;992;983;853;1802
744.212794;76;7;4294967255;1023;723;752;776;992;984;852;1803
744.712672;76;8;4294967254;1023;724;753;776;992;985;852;1799
745.212563;77;8;4294967256;1022;723;754;777;992;984;852;1801
745.712374;76;8;4294967256;1022;727;755;777;991;984;853;1801
746.212214;76;8;4294967255;1024;727;756;778;993;985;853;1799
746.712167;75;7;4294967253;1023;729;757;778;993;984;852;1800
747.2126;75;8;4294967255;1022;732;757;778;994;985;853;1802
747.712929;75;8;4294967253;1023;731;758;778;994;986;854;1801
748.212784;74;8;4294967254;1023;734;760;778;995;985;852;1800
748.712368;73;8;4294967256;1023;737;761;780;997;985;852;1801
749.212366;74;7;4294967254;1023;738;761;780;995;986;853;1800
749.712256;73;8;4294967255;1023;738;762;780;996;986;852;1801
750.212129;73;8;4294967254;1023;740;764;780;995;985;853;1800
750.712889;73;9;4294967253;1023;736;765;781;996;985;856;1802
751.213002;73;7;4294967256;1024;742;765;780;996;987;853;1802
751.713011;72;7;4294967260;1023;741;766;780;996;986;852;1800
752.212782;73;7;4294967257;1023;742;767;781;997;985;853;1801
752.712016;72;8;4294967259;1022;744;769;782;996;985;853;1803
753.212343;71;7;4294967255;1023;745;769;780;997;986;853;1799
753.712477;72;8;4294967254;1023;747;769;782;998;986;853;1800
754.212217;71;7;4294967258;1023;748;770;782;998;987;852;1800
754.712372;70;7;4294967255;1023;750;771;783;999;987;853;1800
755.212905;71;8;4294967255;1023;752;773;783;998;986;853;1798
755.711828;71;8;4294967253;1023;753;773;783;999;986;853;1801
756.212083;70;7;4294967252;1023;754;773;783;999;987;853;1800
756.712188;70;8;4294967258;1023;755;774;783;1000;986;853;1803
757.212396;69;8;4294967258;1023;757;775;785;999;987;853;1801
757.712256;69;7;4294967258;1023;757;775;785;1000;988;853;1801
758.212149;69;7;4294967260;1023;758;777;784;1000;987;852;1800
758.712597;70;7;4294967257;1023;760;779;790;1001;987;853;1803
759.212524;69;7;4294967252;1023;760;780;785;1000;988;852;1800
759.712516;69;7;4294967257;1023;761;780;785;1001;988;854;1801
760.212511;68;8;4294967257;1024;762;782;786;1001;988;853;1800
760.712985;68;7;4294967255;1023;763;782;786;1000;986;853;1801
761.212638;67;8;4294967254;1023;764;783;786;1001;988;853;1799
761.712451;68;8;4294967254;1023;765;784;788;1001;988;853;1802
762.213014;68;8;4294967257;1023;766;784;787;1001;989;852;1797
762.711882;67;7;4294967256;1023;767;786;788;1001;987;855;1802
763.212115;67;7;4294967257;1024;770;787;788;1001;989;852;1800
763.712487;67;7;4294967258;1023;767;788;788;1002;989;852;1801
764.211932;67;8;4294967256;1023;769;789;787;1003;989;857;1803
764.712165;66;7;4294967255;1023;770;792;788;1002;989;853;1800
765.212584;66;7;4294967255;1023;772;791;789;1002;989;853;1803
765.71302;66;8;4294967258;1024;771;792;789;1002;989;853;1803
766.212103;65;7;4294967255;1024;773;793;789;1003;989;850;1799
766.712712;65;7;4294967256;1023;773;794;789;1002;989;854;1799
767.212675;65;7;4294967258;1024;775;794;790;1003;990;853;1800
767.712484;64;7;4294967254;1024;776;795;789;1003;988;854;1801
768.212576;65;7;4294967256;1024;776;796;791;1003;989;852;1801
768.712397;64;8;4294967254;1024;776;797;790;1003;990;854;1799
769.212869;63;8;4294967256;1024;778;798;791;1003;990;853;1803
769.712749;64;7;4294967255;1024;780;798;790;1004;990;853;1801
770.212282;63;7;4294967255;1024;779;799;792;1004;990;853;1802
770.712132;64;7;4294967256;1024;781;800;789;1003;990;853;1800
771.21213;63;7;4294967255;1024;780;802;792;1003;990;853;1801
771.712516;63;7;4294967258;1023;782;802;792;1004;994;853;1802
772.212646;63;7;4294967256;1024;784;804;792;1004;990;852;1802
772.711948;62;7;4294967257;1023;785;804;793;1005;990;854;1801
773.213103;62;7;4294967258;1023;786;804;794;1004;990;852;1800
773.712449;62;8;4294967256;1024;787;805;793;1004;991;853;1800
774.212528;61;6;4294967257;1025;787;805;793;1004;989;854;1803
774.712078;61;7;4294967255;1024;789;806;794;1005;990;853;1800
775.212483;61;7;4294967258;1024;789;807;794;1005;990;853;1801
775.711682;61;7;4294967257;1024;790;807;794;1004;991;854;1799
776.212193;61;8;4294967253;1024;790;808;794;1004;989;853;1800
776.712554;60;6;4294967260;1023;792;809;795;1004;990;854;1799
777.213176;60;7;4294967255;1024;792;808;794;1005;991;854;1799
777.712635;60;7;4294967255;1024;791;810;795;1004;990;855;1799
778.213247;59;7;4294967258;1024;794;815;795;1004;990;853;1799
778.712277;59;7;4294967251;1024;793;811;796;1005;991;853;1803
779.212087;59;7;4294967256;1024;794;812;795;1005;991;853;1804
779.712034;60;7;4294967254;1024;795;812;797;1004;992;853;1803
780.212415;59;7;4294967253;1024;796;813;796;1004;992;853;1803
780.712091;59;7;4294967256;1024;793;815;796;1005;991;853;1800
781.212184;59;8;4294967257;1025;798;816;797;1006;992;854;1801
781.712448;58;8;4294967252;1024;798;816;797;1003;991;854;1800
782.212684;58;7;4294967257;1023;798;816;798;1003;991;853;1801
782.712293;58;7;4294967257;1024;799;815;798;1003;992;854;1799
783.212034;57;7;4294967254;1024;800;819;798;1003;992;854;1804
783.712323;57;7;4294967257;1024;800;819;797;1004;992;854;1800
784.212088;57;7;4294967254;1024;800;819;798;1004;992;853;1803
784.711717;57;7;4294967256;1024;801;820;798;1003;992;854;1803
785.21181;57;7;4294967254;1024;802;819;798;1004;992;853;1800
785.712332;56;7;4294967257;1024;802;820;798;1004;991;854;1800
786.212302;56;7;4294967257;1024;804;821;798;1003;992;852;1803
786.712283;56;6;4294967255;1024;804;821;799;1003;992;853;1800
787.212085;56;7;4294967258;1024;805;821;799;1003;991;854;1800
787.71297;56;7;4294967257;1024;806;823;800;1003;992;854;1803
788.212968;56;7;4294967255;1024;806;824;800;1003;991;854;1800
788.712299;56;6;4294967256;1024;806;824;799;1004;991;854;1799
789.212546;55;7;4294967255;1024;809;825;802;1003;991;853;1802
789.712985;55;7;4294967260;1024;810;825;799;1003;993;853;1801
790.212668;55;7;4294967259;1024;809;821;803;1003;993;853;1803
790.71244;54;7;4294967255;1024;810;826;799;1003;992;853;1801
791.212097;55;6;4294967259;1024;813;826;801;1003;992;854;1801
791.712252;55;6;4294967256;1024;811;826;801;1004;993;854;1803
792.212753;54;6;4294967257;1024;812;830;801;1002;992;854;1800
792.712071;54;7;4294967255;1024;813;829;800;1004;992;854;1800
793.212215;54;6;4294967258;1024;813;830;802;1004;993;854;1802
793.71286;54;7;4294967256;1024;815;830;801;1003;992;855;1801
794.212323;53;7;4294967258;1025;814;831;803;1002;993;854;1801
794.713111;53;6;4294967258;1025;815;832;803;1003;992;854;1799
795.212685;53;6;4294967259;1024;815;832;803;1004;992;855;1804
795.712069;52;7;4294967256;1025;816;833;803;1002;998;853;1800
796.212306;52;7;4294967253;1025;816;834;802;1002;993;854;1801
796.713155;52;7;4294967256;1025;818;835;803;1003;992;854;1802
797.21235;53;6;4294967259;1025;817;836;803;1002;993;854;1799
797.712656;52;7;4294967258;1024;817;836;803;1003;993;854;1800
798.212703;52;7;4294967255;1025;818;837;805;1002;993;854;1802
798.712361;52;7;4294967254;1025;819;838;804;1003;993;854;1803
799.212448;52;7;4294967254;1024;819;838;804;1002;993;854;1803
799.712449;51;6;4294967254;1024;820;838;805;1002;993;853;1803
800.212328;51;6;4294967250;1026;820;839;804;1001;993;855;1800
800.712653;51;7;4294967256;1023;820;840;805;1002;992;855;1800
801.212508;51;6;4294967255;1025;820;840;804;1001;994;854;1803
801.712315;50;6;4294967257;1025;821;841;805;1001;993;854;1800
802.212573;51;7;4294967258;1024;822;841;805;1000;994;854;1802
802.712399;51;7;4294967257;1024;822;837;805;1001;993;853;1801
803.212075;50;6;4294967253;1025;823;842;806;1002;994;854;1802
803.712502;50;7;4294967255;1024;823;843;806;1001;992;853;1801
804.212178;50;6;4294967258;1026;824;842;806;1000;993;854;1801
804.712722;49;6;4294967252;1024;824;843;805;1001;992;854;1804
805.212663;49;6;4294967256;1024;824;842;806;1000;993;854;1805
805.712804;49;6;4294967255;1024;829;844;807;999;993;853;1800
806.211599;49;6;4294967258;1024;827;845;806;1000;992;854;1802
806.7122;49;7;4294967257;1025;827;845;806;1000;993;854;1801
807.212425;48;7;4294967259;1025;827;846;807;999;989;854;1800
807.712355;48;6;4294967256;1024;828;846;807;1000;992;855;1803
808.2124;48;6;4294967256;1024;828;846;807;1000;992;854;1801
808.712768;48;7;4294967259;1024;827;847;808;999;991;853;1803
809.212139;49;6;4294967255;1024;830;847;808;999;992;854;1802
809.712499;49;7;4294967256;1024;829;848;807;999;993;853;1802
810.212974;48;6;4294967255;1024;831;848;808;998;992;855;1800
810.712914;49;6;4294967257;1025;832;848;808;998;993;854;1801
811.21244;48;7;4294967254;1024;831;849;808;999;993;854;1804
811.712681;48;6;4294967255;1024;832;848;809;998;993;855;1801
812.212461;47;7;4294967256;1024;831;850;809;997;992;854;1802
812.712294;48;6;4294967258;1024;833;849;810;997;992;854;1803
813.212408;48;7;4294967254;1025;834;850;809;997;993;853;1801
813.711893;48;7;4294967255;1024;835;851;809;997;994;853;1801
814.212315;47;7;4294967257;1025;835;850;809;999;992;854;1800
814.712354;46;6;4294967255;1024;835;851;810;997;992;855;1801
815.212238;45;6;4294967251;1025;835;853;808;997;992;855;1801
815.712997;46;7;4294967253;1024;836;852;811;998;992;854;1799
816.212336;46;6;4294967255;1025;836;854;810;996;992;854;1801
816.712497;46;6;4294967256;1025;837;853;811;996;993;854;1800
817.21227;46;6;4294967255;1024;836;853;811;997;993;854;1802
817.712425;45;7;4294967255;1024;838;855;811;997;991;854;1802
818.212934;46;6;4294967256;1023;838;854;810;997;992;855;1802
818.712487;45;6;4294967260;1024;838;855;811;997;993;854;1800
819.212325;46;6;4294967256;1023;839;856;811;997;992;855;1801
819.711815;45;6;4294967256;1025;839;856;811;998;992;854;1799
820.212816;46;6;4294967256;1025;841;856;811;998;993;855;1800
820.712597;45;6;4294967255;1024;841;858;811;997;993;854;1802
821.2123;45;6;4294967253;1024;841;858;812;998;992;854;1803
821.711291;45;7;4294967256;1025;840;859;811;997;992;855;1799
822.212269;45;6;4294967250;1024;842;859;812;997;992;855;1804
822.712298;44;6;4294967258;1024;844;860;812;997;993;854;1800
823.212918;44;6;4294967254;1024;843;860;812;997;993;855;1799
823.712379;45;7;4294967252;1024;844;860;812;997;992;854;1803
824.212055;43;7;4294967259;1025;845;860;813;996;993;854;1803
824.711287;44;7;4294967256;1024;846;861;813;997;992;851;1801
825.212288;44;7;4294967254;1023;846;861;813;996;993;855;1803
825.71213;43;6;4294967253;1025;846;863;812;998;993;855;1800
826.212325;43;7;4294967258;1024;847;863;814;996;994;854;1800
826.712035;43;6;4294967256;1024;847;863;813;997;992;854;1801
827.212671;43;6;4294967258;1024;848;864;814;996;993;855;1802
827.71224;42;7;4294967255;1024;848;863;814;998;993;855;1798
828.212355;42;6;4294967256;1024;848;864;815;997;992;854;1803
828.713082;43;6;4294967256;1024;849;864;814;998;992;855;1801
829.21272;43;6;4294967256;1023;849;865;814;996;993;855;1800
829.713133;43;7;4294967257;1024;851;866;815;998;990;854;1802
830.212572;43;6;4294967255;1024;851;866;814;996;994;854;1800
830.716235;43;6;4294967253;1025;851;866;815;998;994;855;1801
831.213206;42;6;4294967259;1024;851;867;815;997;993;854;1802
831.712405;42;6;4294967259;1024;852;867;816;996;993;855;1802
832.212391;42;6;4294967257;1024;853;868;815;997;993;854;1800
832.709917;42;7;4294967256;1023;854;870;816;995;993;855;1802
833.212419;42;6;4294967255;1023;856;870;815;997;990;854;1800
833.713377;41;7;4294967257;1024;856;870;815;998;992;856;1800
834.213063;41;6;4294967259;1024;856;872;815;998;993;855;1796
834.712279;41;6;4294967253;1024;856;871;816;998;993;855;1800
835.212525;41;6;4294967255;1023;858;871;815;998;993;854;1802
835.712444;40;6;4294967257;1024;858;871;816;999;993;856;1803
836.21242;40;6;4294967257;1024;858;872;816;999;995;854;1799
836.712484;40;6;4294967257;1024;860;872;816;999;992;856;1803
837.212287;40;6;4294967256;1025;859;872;816;998;993;854;1801
837.712909;40;6;4294967258;1025;860;874;817;998;994;851;1801
838.21248;40;6;4294967255;1023;860;874;816;1000;993;855;1801
838.71333;39;6;4294967252;1024;860;875;817;999;994;854;1803
839.212506;39;6;4294967253;1024;861;874;818;998;994;853;1800
839.713228;40;7;4294967258;1023;862;875;817;998;993;854;1799
840.213139;39;7;4294967257;1023;862;876;817;999;993;855;1801
840.712444;39;6;4294967255;1023;863;877;818;999;994;855;1800
841.213443;40;6;4294967257;1023;863;876;817;997;994;854;1800
841.712734;39;6;4294967252;1024;864;877;818;999;993;854;1800
842.212383;39;6;4294967255;1023;865;878;818;999;994;855;1801
842.712407;39;6;4294967255;1024;866;878;818;1000;994;855;1802
843.212492;38;7;4294967260;1023;867;879;818;1000;993;854;1801
843.713333;38;7;4294967253;1025;867;880;818;1001;993;854;1802
844.213572;39;6;4294967253;1025;868;881;819;1001;995;855;1803
844.712342;39;6;4294967256;1025;868;881;819;1000;994;854;1800
845.21244;39;7;4294967256;1024;868;881;819;1001;993;854;1803
845.712181;38;6;4294967256;1024;869;881;818;1001;994;855;1800
846.212308;38;6;4294967257;1025;871;882;819;1000;995;857;1802
846.711949;38;6;4294967259;1024;869;882;820;1000;994;854;1803
847.21314;38;6;4294967253;1024;871;884;819;1001;994;854;1800
847.71249;37;6;4294967257;1024;871;883;817;1000;995;854;1802
848.212709;38;6;4294967256;1024;871;885;819;1000;995;855;1799
848.712085;38;7;4294967256;1025;872;885;819;1001;995;855;1801
849.212428;38;6;4294967257;1023;872;886;820;1000;995;855;1802
849.71308;38;6;4294967256;1024;872;885;819;1000;994;854;1800
850.212304;37;6;4294967259;1024;872;885;820;1000;994;854;1801
850.712476;37;6;4294967254;1024;873;886;819;1000;994;855;1800
851.212313;38;6;4294967257;1024;873;887;820;999;995;855;1801
851.712928;37;5;4294967254;1024;873;885;820;1000;995;855;1800
852.213231;36;6;4294967260;1024;875;888;820;999;996;854;1801
852.712644;35;6;4294967258;1024;875;888;820;999;994;854;1799
853.213366;36;6;4294967257;1024;875;889;820;999;995;855;1800
853.713376;37;6;4294967256;1023;876;886;821;1000;995;854;1801
854.2127;36;6;4294967252;1023;876;890;818;999;994;856;1800
854.711849;35;6;4294967255;1024;877;890;820;1000;995;854;1803
855.211877;37;6;4294967256;1025;875;891;821;1000;996;855;1799
855.712358;35;6;4294967257;1024;876;891;821;999;995;854;1801
856.21265;35;6;4294967254;1025;877;893;821;999;994;856;1798
856.712822;36;6;4294967257;1024;878;891;821;1003;995;855;1800
857.211885;36;6;4294967253;1023;879;892;822;999;995;854;1803
857.712661;35;6;4294967256;1024;879;892;822;1000;995;855;1801
858.212864;36;6;4294967257;1024;880;893;822;1000;995;854;1801
858.712956;36;6;4294967256;1024;881;893;823;999;995;854;1801
859.212094;35;6;4294967257;1024;882;893;822;999;995;855;1802
859.712379;35;7;4294967253;1024;881;893;823;1000;995;855;1801
860.213547;35;6;4294967259;1024;882;894;823;999;996;855;1801
860.712373;34;6;4294967252;1024;883;895;822;1001;995;854;1797
861.212677;34;5;4294967253;1024;883;895;823;999;995;855;1801
861.713003;35;6;4294967254;1023;883;895;824;1000;995;855;1800
862.213255;34;6;4294967256;1024;884;897;823;1000;995;854;1801
862.712683;33;6;4294967253;1024;883;897;824;1001;995;855;1803
863.213167;34;6;4294967251;1024;885;898;823;1000;995;855;1800
863.713036;33;6;4294967255;1024;885;898;824;1001;996;855;1801
864.213353;34;6;4294967257;1023;885;899;824;1000;996;855;1799
864.713081;33;6;4294967251;1024;884;897;824;1000;996;855;1799
865.212673;33;6;4294967253;1024;886;899;824;1000;996;854;1801
865.712369;33;6;4294967257;1024;886;899;825;1000;996;856;1804
866.213127;33;5;4294967256;1024;886;898;824;1000;996;855;1800
866.712444;32;6;4294967252;1023;887;899;823;1001;995;855;1803
867.212061;33;6;4294967254;1024;887;899;824;1001;996;854;1801
867.712774;33;7;4294967255;1024;888;900;824;1000;996;854;1800
868.212842;32;6;4294967255;1024;889;900;824;1000;996;856;1803
868.712261;33;6;4294967256;1024;889;896;825;1000;996;856;1804
869.212918;33;6;4294967258;1024;890;901;825;1000;997;854;1801
869.714068;32;6;4294967254;1024;890;901;824;1001;995;855;1802
870.212167;33;6;4294967251;1024;890;903;825;1001;995;855;1800
870.711845;32;6;4294967255;1024;890;901;826;1000;996;854;1801
871.212548;33;6;4294967254;1024;892;903;825;1001;995;856;1801
871.712658;32;6;4294967256;1024;888;904;825;1001;996;853;1802
872.212407;32;6;4294967255;1024;892;904;825;1000;995;855;1801
872.712416;32;6;4294967255;1024;892;904;825;1001;995;856;1800
873.213063;33;6;4294967254;1024;893;903;826;1000;996;856;1800
873.713061;32;5;4294967252;1025;892;904;826;1001;996;855;1802
874.212362;31;6;4294967255;1024;894;903;826;1002;996;855;1800
874.712805;31;6;4294967256;1024;894;903;826;1001;996;855;1802
875.212284;31;6;4294967258;1024;894;907;826;1000;996;856;1804
875.711683;31;6;4294967256;1024;893;905;826;1001;996;855;1803
876.213002;31;6;4294967254;1024;894;905;826;1000;997;856;1800
876.71255;31;6;4294967253;1024;894;906;825;1000;996;855;1802
877.21365;32;5;4294967258;1024;896;906;827;1001;997;856;1800
877.712229;31;5;4294967254;1024;896;906;827;1000;996;856;1803
878.212946;31;6;4294967254;1023;895;906;827;1001;996;856;1801
878.712382;31;6;4294967257;1023;897;905;827;1001;997;856;1800
879.21323;31;6;4294967253;1023;897;907;826;1002;997;857;1802
879.712329;30;5;4294967256;1023;896;908;827;999;997;855;1800
880.212588;31;6;4294967258;1023;897;907;827;1001;997;856;1800
880.712429;30;6;4294967255;1023;898;907;826;1002;996;856;1800
881.212322;30;6;4294967258;1023;898;908;828;1001;996;854;1800
881.712878;31;5;4294967255;1023;898;909;828;1000;996;856;1798
882.212282;30;6;4294967253;1023;899;908;827;1001;997;856;1802
882.711778;30;6;4294967251;1023;900;906;827;1002;996;856;1803
883.212581;30;5;4294967254;1023;899;909;827;1001;996;856;1804
883.712278;30;6;4294967253;1023;899;911;828;1001;997;855;1798
884.2134;30;6;4294967255;1023;900;910;827;1001;994;855;1800
884.711415;29;6;4294967255;1023;899;910;828;999;997;855;1802
885.21338;30;5;4294967252;1022;900;910;828;1001;996;856;1801
885.712092;29;5;4294967258;1023;900;910;828;1001;996;855;1800
886.212417;29;6;4294967252;1022;902;911;828;1001;997;855;1801
886.712452;29;5;4294967255;1023;901;911;828;1002;997;856;1800
887.212389;29;6;4294967256;1023;902;911;829;1002;996;856;1799
887.714803;29;6;4294967256;1023;901;911;828;1002;997;855;1800
888.21292;29;5;4294967256;1023;904;912;828;1001;997;855;1802
888.712319;29;6;4294967259;1023;904;912;829;1001;998;855;1800
889.212596;29;5;4294967256;1022;904;913;829;1001;997;856;1802
889.71308;29;6;4294967257;1023;904;913;829;1003;998;855;1800
890.212437;28;6;4294967256;1023;906;913;829;1001;998;856;1803
890.712332;29;6;4294967254;1024;905;913;829;1001;997;855;1799
891.213033;29;5;4294967255;1023;905;913;830;1001;997;855;1802
891.712813;28;5;4294967258;1024;906;914;829;1001;997;856;1801
892.212799;29;5;4294967257;1022;906;914;830;1001;997;856;1803
892.711714;29;6;4294967259;1023;907;914;830;1001;997;855;1800
893.213262;28;5;4294967257;1023;907;914;829;1002;998;856;1800
893.712651;28;5;4294967257;1023;906;915;830;1001;998;856;1802
894.212549;28;5;4294967258;1023;907;915;829;1001;996;856;1801
894.712462;28;6;4294967251;1023;908;915;831;1002;997;855;1800
895.212458;28;5;4294967260;1023;909;915;830;1003;997;856;1801
895.712933;28;5;4294967257;1023;908;916;829;1002;997;855;1800
896.213121;28;6;4294967253;1023;910;916;830;1003;998;855;1801
896.712534;27;5;4294967255;1023;909;918;830;1002;999;855;1800
897.21217;28;5;4294967257;1023;909;917;831;1002;999;855;1802
897.712656;28;6;4294967257;1023;910;918;831;1003;998;856;1803
898.21217;27;5;4294967254;1024;910;919;831;1003;998;856;1800
898.712262;27;5;4294967258;1023;912;919;831;1003;998;856;1801
899.212035;27;5;4294967258;1024;912;920;831;1003;999;857;1803
899.712266;27;6;4294967256;1023;907;920;831;1004;999;856;1802
900.21298;27;5;4294967256;1024;913;920;831;1003;998;856;1801
900.712346;27;5;4294967260;1023;913;920;831;1004;998;856;1800
901.212178;27;5;4294967257;1024;912;921;831;1004;997;856;1800
901.712679;26;5;4294967255;1023;914;921;831;1004;997;856;1802
902.212479;26;5;4294967255;1023;914;922;832;1004;998;855;1799
902.71208;27;6;4294967254;1024;915;922;833;1004;999;856;1801
903.212199;26;6;4294967255;1023;915;922;830;1005;999;857;1803
903.712332;27;6;4294967256;1023;915;922;832;1004;998;856;1801
904.21308;26;6;4294967256;1023;916;922;832;1004;998;856;1802
904.712839;26;6;4294967254;1023;917;922;832;1004;999;857;1800
905.212581;25;6;4294967255;1023;916;922;832;1003;999;855;1801
905.712745;26;5;4294967255;1023;917;923;832;1005;998;856;1800
906.213127;25;5;4294967255;1024;917;923;832;1004;998;856;1801
906.712653;26;5;4294967259;1024;917;923;833;1005;999;854;1801
907.212521;26;5;4294967253;1024;918;924;833;1004;1000;856;1800
907.712601;25;5;4294967255;1024;917;923;833;1004;995;856;1800
908.212651;25;5;4294967254;1023;918;925;833;1004;1000;855;1800
908.712722;26;5;4294967258;1024;918;926;833;1004;1000;856;1802
909.212316;26;6;4294967259;1023;919;926;832;1004;999;856;1801
909.712944;26;5;4294967256;1024;919;926;833;1005;999;856;1800
910.212368;26;5;4294967256;1024;920;926;832;1005;1000;856;1802
910.712261;25;5;4294967254;1024;919;926;833;1005;999;856;1800
911.21309;24;5;4294967254;1023;922;927;833;1006;999;856;1803
911.713807;25;5;4294967257;1025;921;927;833;1005;1000;856;1800
912.212405;24;6;4294967254;1024;921;928;834;1005;999;855;1799
912.712272;24;5;4294967254;1024;922;928;833;1005;999;856;1801
913.212055;24;5;4294967256;1024;922;929;833;1006;1000;856;1802
913.712027;25;5;4294967253;1024;922;928;834;1006;1000;857;1802
914.212476;24;5;4294967257;1024;925;928;834;1006;999;856;1800
914.711401;25;5;4294967257;1025;923;929;835;1006;1001;855;1801
915.212985;24;6;4294967253;1023;922;929;833;1005;1000;856;1803
915.712491;24;5;4294967262;1024;923;930;834;1007;1000;857;1802
916.212412;24;5;4294967256;1023;923;930;834;1006;1000;857;1800
916.712235;24;5;4294967259;1023;924;930;834;1005;1000;856;1801
917.212934;24;5;4294967254;1023;924;931;834;1005;1000;857;1804
917.712485;24;4;4294967258;1023;925;930;835;1005;1001;856;1801
918.212603;25;4;4294967253;1024;925;930;835;1006;1001;855;1801
918.712515;24;5;4294967257;1024;925;931;834;1005;1001;857;1802
919.211963;23;5;4294967253;1024;926;930;834;1006;1000;856;1800
919.710636;24;4;4294967254;1023;925;932;835;1005;1000;856;1801
920.21265;23;5;4294967260;1023;926;932;835;1005;1002;856;1802
920.712936;24;5;4294967253;1024;926;932;834;1006;1000;856;1799
921.212674;24;6;4294967254;1024;926;932;835;1006;1000;856;1801
921.713601;25;5;4294967257;1024;926;932;835;1006;1000;856;1802
922.213213;23;5;4294967255;1024;926;934;835;1005;1001;856;1803
922.712045;23;5;4294967258;1024;927;933;836;1005;1001;856;1801
923.21307;23;5;4294967253;1024;927;933;836;1005;1001;856;1800
923.713818;23;5;4294967258;1023;928;933;835;1006;1001;856;1800
924.213271;23;5;4294967258;1023;927;934;835;1006;1001;856;1801
924.713049;23;5;4294967256;1023;927;934;835;1007;1001;856;1800
925.2137;23;4;4294967255;1024;928;935;835;1008;1001;856;1801
925.7137;23;5;4294967253;1024;928;934;836;1007;1001;856;1802
926.213204;23;4;4294967256;1024;929;934;834;1007;1000;856;1801
926.713086;22;5;4294967258;1023;930;935;836;1007;1001;856;1801
927.213894;23;5;4294967255;1024;930;934;835;1007;1000;857;1799
927.713284;22;5;4294967254;1024;929;935;835;1006;1002;855;1800
928.213194;22;6;4294967252;1023;930;936;837;1007;1002;856;1800
928.71335;23;4;4294967258;1023;930;936;837;1006;1002;857;1803
929.212386;23;5;4294967254;1023;930;936;837;1006;1002;856;1800
929.713785;23;4;4294967252;1023;930;937;836;1007;1002;856;1802
930.213069;22;5;4294967257;1025;931;936;836;1007;1002;856;1800
930.713081;22;5;4294967256;1024;930;937;836;1007;1001;856;1801
931.213086;22;5;4294967255;1024;931;937;836;1006;1002;857;1802
931.713355;22;5;4294967256;1024;932;937;836;1007;1002;856;1799
932.212723;22;4;4294967251;1023;931;939;837;1007;1002;857;1803
932.71344;23;4;4294967256;1024;931;938;837;1007;1002;857;1799
933.213404;22;5;4294967254;1024;932;939;837;1007;1003;857;1800
933.713579;22;5;4294967258;1024;932;942;836;1006;1002;857;1799
934.212854;21;4;4294967258;1024;933;939;837;1006;1002;856;1799
934.713388;21;4;4294967256;1023;933;939;836;1007;1002;857;1800
935.213277;22;4;4294967261;1023;933;940;837;1006;1002;857;1803
935.713899;21;4;4294967258;1024;933;938;837;1006;1001;857;1803
936.213106;21;5;4294967251;1024;934;940;836;1007;1002;856;1799
936.713475;21;5;4294967253;1024;933;938;837;1007;1001;858;1800
937.213035;20;5;4294967255;1024;934;940;837;1008;1001;856;1802
937.71341;22;5;4294967255;1024;934;940;837;1009;1002;857;1799
938.213732;21;5;4294967255;1023;933;941;837;1007;1002;856;1799
938.713075;21;5;4294967258;1024;934;941;838;1006;1000;856;1803
939.213654;21;5;4294967254;1024;934;937;838;1006;1002;856;1799
939.71339;21;5;4294967257;1024;937;939;837;1007;1002;856;1802
940.213036;20;5;4294967259;1023;935;941;838;1005;1003;857;1802
940.713441;21;5;4294967256;1025;935;942;837;1007;1003;857;1804
941.213097;21;4;4294967253;1023;936;943;838;1006;1002;857;1801
941.713848;21;4;4294967256;1024;936;943;839;1008;1002;857;1800
942.213104;21;5;4294967259;1024;935;942;837;1006;1002;856;1800
942.713021;21;4;4294967256;1024;936;942;837;1006;1003;856;1800
943.213256;21;4;4294967254;1024;936;943;838;1007;1001;857;1802
943.7134;21;5;4294967255;1024;936;943;838;1009;1002;857;1801
944.212577;20;4;4294967257;1024;936;943;839;1007;1001;856;1803
944.7133;21;5;4294967257;1024;937;943;838;1006;1003;857;1799
945.212886;21;4;4294967255;1024;937;944;838;1007;1002;857;1799
945.712984;20;4;4294967256;1024;939;943;838;1006;1002;857;1803
946.213299;21;5;4294967256;1024;941;943;839;1006;1002;856;1800
946.713337;21;5;4294967251;1022;938;943;839;1006;1003;856;1803
947.21314;21;4;4294967257;1024;939;942;838;1007;1003;853;1802
947.713056;20;4;4294967254;1023;939;944;838;1006;1002;858;1802
948.21316;20;4;4294967259;1024;939;944;838;1007;1004;857;1799
948.712858;20;4;4294967258;1023;939;945;838;1006;1003;856;1800
949.213339;19;4;4294967257;1023;939;945;839;1006;1003;857;1798
949.712888;20;4;4294967254;1023;937;945;839;1007;1002;857;1800
950.21334;20;4;4294967257;1024;939;945;839;1008;1000;857;1802
950.713934;20;5;4294967253;1024;941;946;838;1006;1003;857;1799
951.212557;20;4;4294967260;1024;940;949;839;1006;1003;857;1802
951.711729;21;4;4294967255;1024;940;947;840;1006;1003;860;1800
952.213131;20;4;4294967257;1024;941;947;839;1008;1003;858;1803
952.713476;20;5;4294967259;1023;942;947;839;1007;1003;856;1801
953.212929;20;4;4294967251;1024;941;947;840;1007;1002;857;1803
953.713228;19;4;4294967253;1024;942;947;839;1008;1003;857;1800
954.213202;19;5;4294967255;1023;941;948;840;1007;1003;856;1800
954.713452;20;4;4294967257;1023;942;948;840;1007;1003;857;1802
955.213376;20;4;4294967256;1023;943;947;839;1007;1004;857;1801
955.712313;19;4;4294967256;1024;943;949;839;1007;1004;856;1799
956.212225;19;4;4294967257;1023;943;949;839;1009;1003;856;1801
956.713056;20;4;4294967254;1024;945;949;841;1008;1004;857;1801
957.213338;20;5;4294967256;1024;945;949;839;1012;1003;857;1803
957.713133;19;5;4294967259;1023;945;950;839;1009;1003;856;1800
958.213432;19;4;4294967255;1024;945;951;840;1010;1004;858;1801
958.713139;18;4;4294967257;1024;945;951;840;1009;1003;856;1802
959.213266;19;4;4294967256;1024;946;951;840;1009;1004;856;1800
959.713413;19;3;4294967256;1024;946;952;840;1009;1003;858;1802
960.213124;19;4;4294967257;1024;947;952;841;1008;1005;857;1801
960.712455;19;4;4294967254;1025;947;953;840;1011;1004;857;1800
961.212913;18;4;4294967259;1024;947;952;840;1009;1005;857;1799
961.713567;19;4;4294967259;1024;947;954;840;1008;1004;858;1800
962.212574;18;4;4294967256;1024;948;953;841;1009;1006;856;1799
962.713266;19;4;4294967256;1024;948;953;840;1009;1005;857;1801
963.213452;19;4;4294967258;1024;949;954;840;1009;1004;862;1800
963.713407;19;4;4294967252;1024;949;956;841;1009;1004;857;1800
964.213875;19;4;4294967255;1024;949;955;841;1010;1004;857;1800
964.713035;19;4;4294967259;1025;950;957;841;1011;1005;857;1802
965.213019;18;4;4294967257;1024;949;955;841;1010;1005;857;1803
965.713256;18;4;4294967261;1025;950;957;840;1011;1005;857;1800
966.212803;17;4;4294967252;1024;951;956;841;1011;1004;857;1801
966.712865;17;4;4294967257;1024;950;956;841;1010;1006;857;1804
967.213294;18;4;4294967255;1024;951;956;842;1011;1005;857;1804
967.713062;18;4;4294967255;1024;951;956;841;1011;1005;857;1800
968.213669;18;5;4294967253;1024;951;957;841;1011;1006;857;1801
968.712417;17;4;4294967257;1024;951;956;841;1011;1006;857;1800
969.213474;18;4;4294967250;1024;951;957;841;1009;1005;858;1803
969.713283;18;4;4294967256;1024;952;956;842;1011;1005;858;1802
970.213654;17;4;4294967256;1024;952;957;841;1011;1005;858;1804
970.713278;17;4;4294967256;1025;951;957;842;1011;1006;857;1800
971.212893;18;3;4294967259;1025;953;958;841;1010;1005;857;1801
971.713003;17;4;4294967251;1024;953;958;842;1011;1005;857;1800
972.213356;18;4;4294967255;1024;951;958;842;1010;1006;857;1800
972.713348;16;4;4294967257;1025;953;958;842;1012;1006;857;1801
973.21352;17;5;4294967256;1025;952;959;842;1010;1006;857;1801
973.713001;17;4;4294967256;1024;953;959;842;1011;1005;857;1800
974.213414;17;4;4294967258;1024;953;958;841;1010;1005;857;1801
974.713814;18;4;4294967255;1024;954;959;841;1011;1005;858;1800
975.212984;18;4;4294967254;1024;952;959;842;1011;1006;857;1801
975.713923;17;4;4294967257;1024;953;958;843;1010;1006;857;1802
976.213294;17;4;4294967254;1024;953;959;843;1011;1004;858;1802
976.713551;17;4;4294967258;1024;953;959;842;1009;1005;858;1800
977.213053;17;4;4294967257;1024;954;959;841;1010;1006;857;1800
977.712518;17;4;4294967255;1025;954;959;842;1011;1005;857;1800
978.212477;17;4;4294967258;1025;954;959;843;1011;1006;857;1801
978.713093;17;3;4294967256;1024;953;960;842;1010;1007;858;1800
979.21205;16;4;4294967256;1024;954;961;843;1010;1005;858;1800
979.712829;17;4;4294967257;1024;954;960;842;1010;1006;858;1802
980.213734;17;4;4294967258;1024;954;960;842;1010;1005;858;1801
980.713738;16;5;4294967254;1024;954;961;845;1009;1007;857;1803
981.21281;16;5;4294967254;1022;955;960;843;1010;1007;857;1800
981.713237;17;4;4294967258;1025;954;960;843;1009;1007;857;1799
982.213119;17;3;4294967255;1025;956;960;843;1010;1006;858;1800
982.713075;17;4;4294967255;1024;955;961;842;1009;1007;857;1801
983.213633;16;4;4294967263;1025;956;961;843;1009;1006;857;1802
983.713449;16;4;4294967257;1024;955;961;842;1010;1006;857;1802
984.212886;16;4;4294967254;1024;955;961;844;1010;1006;858;1802
984.713647;16;4;4294967255;1024;955;962;843;1009;1005;858;1801
985.212425;16;4;4294967255;1024;957;961;842;1010;1006;858;1801
985.713387;17;4;4294967258;1024;957;962;843;1009;1006;857;1800
986.212863;16;4;4294967255;1023;956;962;843;1010;1005;857;1800
986.713211;16;4;4294967263;1023;955;962;843;1008;1006;858;1799
987.21322;17;4;4294967256;1024;957;963;843;1009;1005;857;1802
987.713421;16;4;4294967257;1024;957;962;843;1009;1009;858;1800
988.212457;16;3;4294967256;1024;957;963;843;1009;1006;857;1802
988.71287;16;3;4294967255;1024;957;963;843;1009;1005;858;1803
989.213057;15;4;4294967254;1023;958;963;844;1008;1007;858;1802
989.713023;16;3;4294967257;1024;959;963;844;1009;1005;855;1801
990.213435;15;3;4294967258;1023;958;964;844;1009;1006;857;1802
990.713058;16;4;4294967257;1025;959;962;844;1008;1005;858;1800
991.213813;16;4;4294967258;1024;958;963;844;1009;1006;858;1800
991.713271;16;3;4294967252;1024;958;965;845;1009;1007;857;1803
992.212731;17;3;4294967256;1024;959;963;844;1009;1007;857;1800
992.712975;15;4;4294967257;1024;959;964;844;1009;1005;858;1804
993.212554;14;4;4294967258;1024;959;964;844;1009;1006;857;1801
993.713208;16;3;4294967256;1024;960;964;844;1009;1005;858;1802
994.213394;16;3;4294967255;1025;959;965;844;1009;1006;858;1801
994.712848;15;4;4294967258;1024;960;964;844;1005;1006;858;1802
995.212425;15;4;4294967256;1024;959;964;845;1009;1006;857;1801
995.713714;15;3;4294967257;1024;961;965;844;1009;1007;858;1803
996.213038;16;3;4294967258;1025;960;965;845;1009;1007;858;1801
996.713345;16;4;4294967255;1024;960;966;843;1010;1007;857;1800
997.213161;15;4;4294967255;1024;961;965;844;1009;1007;858;1802
997.713301;15;4;4294967256;1025;962;966;845;1009;1006;858;1800
998.212737;15;4;4294967258;1024;961;965;844;1009;1005;858;1799
998.713292;14;4;4294967254;1024;963;966;844;1010;1007;858;1806
999.213701;14;4;4294967257;1024;963;965;844;1009;1007;858;1800
999.713816;14;4;4294967254;1024;962;967;844;1010;1006;858;1800
1000.213412;15;3;4294967258;1024;962;966;844;1010;1006;857;1803
1000.713497;15;3;4294967256;1023;963;966;844;1010;1006;857;1802
1001.213081;14;3;4294967257;1024;963;966;845;1010;1007;857;1803
1001.713053;14;4;4294967258;1024;963;966;844;1009;1006;858;1799
1002.213574;14;3;4294967257;1024;963;966;844;1010;1007;858;1799
1002.713028;14;4;4294967250;1024;960;967;846;1009;1006;856;1803
1003.213364;15;4;4294967254;1023;963;967;844;1010;1006;857;1800
1003.712336;14;4;4294967255;1025;963;966;845;1009;1006;858;1801
1004.212817;14;4;4294967254;1024;963;967;845;1010;1006;858;1800
1004.713279;15;3;4294967252;1025;964;967;845;1009;1007;858;1802
1005.213665;14;4;4294967257;1024;963;967;845;1010;1006;858;1803
1005.713544;15;4;4294967255;1024;963;968;845;1010;1006;858;1802
1006.211202;14;4;4294967256;1025;963;969;845;1010;1006;858;1798
1006.713323;14;4;4294967255;1024;964;967;844;1010;1007;858;1800
1007.212931;15;4;4294967254;1025;966;968;845;1010;1008;857;1800
1007.71234;14;4;4294967254;1024;964;968;845;1010;1007;858;1799
1008.214013;14;4;4294967254;1024;963;968;845;1011;1006;858;1801
1008.712672;13;4;4294967255;1024;964;969;845;1010;1006;859;1802
1009.213419;14;3;4294967257;1024;964;969;845;1011;1007;858;1800
1009.711232;14;3;4294967258;1023;965;968;846;1009;1007;858;1802
1010.213726;14;4;4294967252;1024;966;969;846;1010;1007;858;1800
1010.712484;14;3;4294967255;1024;965;969;845;1010;1007;858;1801
1011.213838;14;3;4294967256;1025;966;969;845;1012;1006;858;1800
1011.712209;14;4;4294967252;1024;966;969;846;1010;1007;859;1800
1012.213349;14;3;4294967257;1024;965;969;845;1010;1007;857;1800
1012.712891;14;3;4294967256;1024;966;970;846;1010;1007;857;1800
1013.213318;14;3;4294967252;1024;966;969;846;1009;1007;858;1800
1013.711278;14;3;4294967258;1025;966;969;846;1011;1007;859;1799
1014.212909;14;4;4294967254;1023;965;970;846;1011;1007;858;1801
1014.712595;14;4;4294967255;1024;965;971;846;1010;1008;857;1802
1015.213156;14;4;4294967254;1024;967;971;846;1010;1008;858;1800
1015.711553;13;3;4294967252;1024;967;971;846;1012;1007;858;1800
1016.212725;15;4;4294967256;1024;967;971;846;1010;1007;857;1803
1016.713503;13;3;4294967258;1024;966;971;846;1010;1007;857;1798
1017.2126;13;3;4294967254;1025;967;972;847;1010;1008;857;1800
1017.713309;13;3;4294967255;1024;967;972;847;1010;1008;858;1799
1018.213802;14;4;4294967256;1024;967;971;847;1011;1008;857;1800
1018.71314;14;3;4294967250;1024;968;972;846;1011;1007;857;1801
1019.2139;13;3;4294967256;1023;967;972;846;1011;1008;858;1801
1019.71331;14;4;4294967254;1023;971;972;847;1011;1007;859;1801
1020.21345;13;3;4294967257;1024;968;973;846;1012;1007;858;1799
1020.712491;13;4;4294967253;1024;969;972;847;1012;1007;858;1801
1021.213287;13;4;4294967252;1024;968;972;846;1011;1008;858;1800
1021.713502;13;3;4294967256;1024;968;973;847;1011;1008;858;1799
1022.211415;12;3;4294967261;1024;969;973;846;1011;1008;858;1798
1022.713277;13;3;4294967260;1024;969;972;846;1012;1008;858;1800
1023.213079;13;3;4294967253;1024;970;972;847;1012;1008;858;1803
1023.713451;13;3;4294967258;1025;970;972;847;1012;1006;857;1803
1024.213102;13;3;4294967254;1024;970;973;846;1012;1008;858;1801
1024.713069;12;3;4294967256;1023;970;972;846;1012;1009;858;1801
1025.213539;12;4;4294967253;1024;970;973;847;1012;1008;858;1802
1025.712983;12;3;4294967254;1023;970;973;847;1013;1008;858;1799
1026.21372;13;3;4294967258;1023;970;973;847;1012;1008;857;1801
1026.712419;12;3;4294967256;1023;970;974;846;1013;1008;858;1800
1027.213435;13;3;4294967255;1024;971;974;846;1012;1009;859;1802
1027.71334;13;3;4294967254;1024;971;973;847;1012;1009;859;1800
1028.212897;12;3;4294967256;1023;971;974;846;1011;1009;858;1802
1028.713377;13;3;4294967251;1025;969;974;848;1011;1010;860;1802
1029.213139;13;3;4294967256;1023;972;973;847;1011;1009;858;1803
1029.713272;12;3;4294967260;1025;971;974;847;1012;1008;857;1802
1030.213457;13;3;4294967254;1024;971;975;847;1012;1010;858;1802
1030.713959;13;4;4294967256;1024;972;975;847;1012;1009;857;1802
1031.212756;13;4;4294967255;1025;972;973;847;1012;1008;858;1802
1031.712728;12;3;4294967256;1025;972;972;848;1011;1009;858;1800
1032.212273;13;4;4294967258;1024;972;975;847;1012;1009;858;1801
1032.712799;12;3;4294967254;1024;975;975;848;1012;1009;859;1801
1033.213348;13;3;4294967255;1023;973;975;847;1012;1009;858;1802
1033.714021;12;3;4294967258;1024;973;975;848;1011;1009;858;1802
1034.213212;11;3;4294967254;1024;972;976;848;1014;1008;859;1800
1034.712824;12;2;4294967256;1023;972;977;847;1012;1009;858;1798
1035.213412;12;3;4294967256;1024;971;977;847;1012;1009;857;1801
1035.712906;12;3;4294967256;1023;972;976;847;1012;1009;859;1799
1036.212839;11;3;4294967258;1023;973;976;847;1012;1009;858;1800
1036.71359;12;3;4294967256;1023;973;976;848;1013;1009;858;1800
1037.212456;12;3;4294967257;1025;974;976;848;1014;1009;858;1802
1037.712643;12;2;4294967253;1024;973;977;848;1012;1009;857;1800
1038.211927;12;2;4294967259;1024;973;978;848;1012;1010;858;1802
1038.712127;11;3;4294967254;1024;974;977;848;1012;1010;859;1800
1039.213378;12;3;4294967253;1024;975;977;848;1012;1010;855;1801
1039.713189;12;3;4294967259;1025;975;977;848;1014;1009;858;1803
1040.21205;12;3;4294967255;1024;971;978;848;1013;1010;857;1799
1040.713445;12;3;4294967255;1024;975;977;848;1013;1010;859;1802
1041.213012;11;3;4294967256;1024;976;978;848;1013;1009;858;1800
1041.713586;11;3;4294967254;1025;976;978;848;1013;1010;858;1801
1042.210988;12;3;4294967256;1021;976;978;848;1014;1009;858;1800
1042.713257;11;3;4294967255;1024;976;978;848;1013;1010;859;1801
1043.213665;12;3;4294967255;1023;976;978;849;1014;1010;858;1801
1043.712136;11;3;4294967254;1024;976;978;848;1014;1009;859;1799
1044.212294;12;3;4294967255;1024;977;979;848;1014;1011;858;1802
1044.712734;11;3;4294967257;1024;976;979;848;1015;1009;859;1801
1045.212919;11;2;4294967251;1024;977;979;848;1015;1008;859;1801
1045.713419;11;3;4294967252;1024;976;979;848;1015;1009;858;1801
1046.212829;12;3;4294967256;1024;976;979;848;1016;1010;859;1804
1046.713245;11;3;4294967256;1024;978;979;848;1015;1009;859;1805
1047.213114;11;3;4294967255;1024;977;980;848;1015;1010;859;1802
1047.713168;12;3;4294967252;1025;978;980;848;1015;1011;858;1800
1048.212429;11;3;4294967255;1024;978;980;847;1015;1010;859;1802
1048.713145;11;2;4294967255;1024;978;979;848;1015;1009;859;1800
1049.212316;11;2;4294967256;1024;978;980;849;1015;1014;858;1800
1049.713928;11;3;4294967252;1024;979;980;848;1015;1011;858;1802
1050.213469;12;3;4294967254;1024;978;980;848;1016;1011;861;1802
1050.713329;11;3;4294967261;1024;979;980;848;1015;1011;858;1801
1051.212337;11;2;4294967258;1025;978;981;849;1015;1012;858;1799
1051.713461;10;2;4294967255;1024;979;980;849;1015;1010;859;1800
1052.213013;11;3;4294967253;1025;979;981;849;1016;1010;859;1800
1052.713203;10;3;4294967256;1024;979;981;849;1015;1011;859;1803
1053.213181;10;2;4294967256;1024;980;982;849;1016;1012;859;1802
1053.712377;11;3;4294967253;1021;979;983;849;1016;1011;858;1803
1054.212683;11;2;4294967257;1024;980;982;848;1017;1011;858;1801
1054.712629;10;3;4294967252;1024;980;983;849;1017;1012;857;1801
1055.212499;11;2;4294967253;1023;980;983;849;1017;1013;855;1801
1055.712734;11;3;4294967255;1024;980;982;848;1016;1011;858;1801
1056.212785;11;3;4294967254;1024;980;981;850;1016;1011;859;1800
1056.71332;10;3;4294967254;1024;980;983;849;1017;1011;859;1800
1057.210865;10;3;4294967257;1025;981;983;849;1017;1011;858;1800
1057.713307;10;3;4294967254;1024;979;984;849;1017;1011;859;1799
1058.213388;10;3;4294967253;1024;981;983;849;1017;1011;860;1803
1058.71338;10;3;4294967255;1024;981;983;849;1018;1014;858;1801
1059.213031;11;3;4294967254;1025;982;983;849;1017;1012;859;1801
1059.713385;10;3;4294967255;1025;982;983;849;1017;1012;858;1800
1060.212064;9;3;4294967256;1025;979;983;849;1017;1011;858;1801
1060.713326;10;2;4294967256;1025;981;983;849;1017;1011;859;1798
1061.213236;10;3;4294967256;1025;980;984;849;1018;1012;860;1803
1061.713843;11;3;4294967250;1026;984;984;850;1017;1011;859;1799
1062.213255;10;2;4294967259;1025;981;984;849;1017;1011;859;1802
1062.71342;11;2;4294967258;1025;981;984;849;1017;1012;858;1802
1063.213331;10;3;4294967254;1025;982;985;850;1017;1011;859;1800
1063.713367;10;3;4294967254;1025;982;985;850;1016;1012;859;1802
1064.211791;10;3;4294967259;1025;981;985;850;1017;1012;861;1802
1064.713461;9;3;4294967259;1026;982;985;849;1018;1012;859;1804
1065.212948;10;3;4294967254;1025;982;985;850;1016;1011;857;1801
1065.712503;10;3;4294967254;1025;982;985;849;1017;1012;859;1802
1066.212234;10;2;4294967255;1025;982;986;850;1018;1011;859;1799
1066.71334;10;2;4294967259;1025;983;985;850;1017;1012;859;1802
1067.213398;11;2;4294967257;1026;984;986;850;1018;1013;857;1801
1067.713012;9;2;4294967255;1025;983;987;850;1019;1012;859;1800
1068.213754;10;3;4294967260;1025;984;988;850;1021;1013;859;1803
1068.712152;10;2;4294967256;1024;984;986;849;1018;1012;859;1803
1069.213708;9;2;4294967258;1024;984;987;850;1018;1012;859;1802
1069.712579;10;3;4294967254;1026;985;988;849;1020;1013;859;1801
1070.213413;9;2;4294967255;1025;985;987;850;1018;1012;859;1801
1070.713862;9;2;4294967253;1025;984;987;850;1019;1013;859;1801
1071.213292;9;3;4294967255;1025;985;987;848;1019;1013;858;1803
1071.71298;10;2;4294967254;1025;985;988;850;1019;1012;858;1799
1072.213033;9;3;4294967257;1025;987;988;850;1020;1013;860;1801
1072.712529;9;3;4294967259;1025;985;988;850;1018;1014;859;1800
1073.213197;9;2;4294967255;1025;986;988;850;1019;1010;859;1800
1073.71315;10;2;4294967255;1025;985;988;850;1019;1013;859;1802
1074.213379;10;3;4294967258;1026;985;988;851;1018;1013;858;1802
1074.712291;9;2;4294967255;1025;986;988;850;1019;1013;858;1800
1075.213528;9;2;4294967260;1026;986;988;850;1019;1012;859;1801
1075.710615;9;2;4294967257;1025;986;989;850;1019;1013;859;1800
1076.213268;9;3;4294967255;1025;987;988;850;1019;1013;859;1800
1076.71306;9;2;4294967255;1025;987;988;851;1019;1013;858;1799
1077.213984;10;3;4294967256;1024;987;989;849;1020;1013;859;1801
1077.712768;9;3;4294967255;1025;987;988;850;1018;1013;859;1802
1078.213232;10;3;4294967257;1025;987;988;851;1019;1013;858;1802
1078.712997;9;2;4294967254;1024;988;988;852;1019;1014;859;1803
1079.213291;9;3;4294967255;1025;988;988;851;1019;1013;858;1800
1079.713944;9;2;4294967254;1025;989;989;851;1020;1014;859;1800
1080.213075;8;2;4294967259;1025;984;988;850;1019;1012;859;1801
1080.713651;9;2;4294967254;1025;988;989;851;1019;1014;859;1801
1081.21264;10;2;4294967255;1026;989;989;852;1019;1014;859;1802
1081.713274;9;2;4294967260;1025;989;990;850;1020;1014;859;1801
1082.213395;9;3;4294967259;1025;989;990;850;1021;1014;859;1800
1082.713721;9;3;4294967257;1025;989;991;851;1021;1011;859;1801
1083.213412;8;2;4294967256;1025;989;991;851;1021;1014;863;1800
1083.712689;9;2;4294967256;1026;989;992;851;1020;1014;860;1804
1084.212008;9;2;4294967256;1028;990;991;852;1021;1014;859;1801
1084.713188;8;3;4294967255;1025;989;991;851;1020;1014;860;1800
1085.21332;9;2;4294967255;1025;990;991;850;1020;1014;859;1801
1085.71296;8;3;4294967254;1025;988;990;851;1020;1014;859;1802
1086.213088;8;2;4294967256;1025;989;990;851;1020;1013;859;1800
1086.713001;8;3;4294967259;1025;989;991;852;1020;1014;859;1802
1087.213754;8;3;4294967253;1024;990;991;851;1020;1014;859;1800
1087.713393;9;2;4294967258;1025;989;991;851;1019;1014;859;1803
1088.213007;8;2;4294967261;1025;990;992;850;1020;1013;859;1801
1088.713319;9;3;4294967256;1025;990;991;851;1020;1014;859;1800
1089.212419;8;2;4294967254;1025;990;994;851;1020;1014;860;1798
1089.713429;8;2;4294967256;1025;991;993;852;1020;1014;859;1800
1090.213134;8;2;4294967254;1026;990;993;850;1021;1014;859;1801
1090.713119;9;2;4294967253;1025;991;992;851;1021;1014;860;1802
1091.213493;8;2;4294967254;1025;991;992;851;1020;1015;860;1800
1091.713197;8;3;4294967255;1025;991;992;852;1021;1014;859;1800
1092.213974;9;2;4294967259;1025;991;992;851;1021;1014;860;1799
1092.713257;9;2;4294967255;1025;991;992;852;1021;1015;860;1802
1093.213183;9;2;4294967259;1024;991;993;851;1021;1016;859;1799
1093.713351;8;3;4294967257;1025;991;992;851;1020;1014;859;1801
1094.21229;8;2;4294967256;1024;991;993;851;1021;1018;859;1799
1094.71285;8;3;4294967254;1024;991;993;852;1020;1014;859;1803
1095.213431;7;2;4294967254;1026;992;992;852;1020;1016;858;1800
1095.713676;8;1;4294967257;1026;991;993;851;1021;1015;859;1803
1096.213345;8;1;4294967256;1026;993;992;852;1020;1015;860;1800
1096.712933;7;3;4294967257;1025;993;993;852;1021;1014;859;1802
1097.212398;8;2;4294967258;1025;993;994;852;1021;1014;860;1803
1097.7123;8;3;4294967257;1025;993;993;852;1021;1015;859;1802
1098.21293;8;2;4294967258;1028;993;993;852;1020;1016;860;1799
1098.711561;8;2;4294967254;1025;992;993;852;1022;1015;860;1798
1099.213469;7;2;4294967255;1024;992;994;852;1023;1014;859;1801
1099.711644;7;2;4294967255;1025;993;994;852;1021;1015;857;1799
1100.211583;7;2;4294967255;1025;993;994;851;1021;1015;859;1800
1100.713093;8;2;4294967256;1026;992;994;852;1021;1015;859;1800
1101.213213;8;2;4294967256;1025;993;993;851;1021;1015;859;1802
1101.712381;8;2;4294967259;1024;993;995;852;1021;1015;860;1797
1102.21187;7;1;4294967257;1026;993;994;852;1021;1015;859;1801
1102.712453;8;2;4294967257;1026;997;995;852;1021;1015;859;1800
1103.212548;8;3;4294967254;1025;993;994;852;1021;1015;859;1803
1103.713807;8;2;4294967253;1025;992;994;852;1021;1014;860;1802
1104.210943;8;2;4294967258;1025;993;995;852;1021;1015;861;1801
1104.712927;7;2;4294967258;1025;993;994;852;1022;1015;860;1801
1105.213405;8;3;4294967256;1025;993;994;857;1020;1015;860;1802
1105.713302;8;2;4294967255;1024;993;994;853;1020;1015;860;1801
1106.212481;7;2;4294967257;1025;993;994;853;1020;1015;860;1800
1106.712433;7;2;4294967259;1025;993;994;853;1020;1016;859;1800
1107.212495;8;2;4294967254;1025;992;995;852;1020;1016;861;1800
1107.714204;7;2;4294967261;1025;994;994;853;1021;1015;859;1799
1108.213345;7;2;4294967257;1025;993;995;852;1020;1016;859;1800
1108.713065;6;1;4294967261;1026;994;995;853;1020;1016;859;1800
1109.213291;7;2;4294967257;1025;992;995;852;1021;1015;860;1800
1109.712859;7;2;4294967251;1024;993;996;852;1021;1016;861;1800
1110.212983;7;1;4294967255;1025;994;994;853;1020;1015;860;1800
1110.713157;7;2;4294967255;1025;992;995;853;1021;1015;860;1801
1111.212602;8;2;4294967252;1025;994;995;853;1020;1015;860;1800
1111.713447;8;1;4294967256;1026;994;995;853;1020;1016;860;1801
1112.211488;7;2;4294967253;1024;992;997;852;1019;1016;860;1798
1112.7131;7;2;4294967254;1024;994;996;852;1019;1016;860;1803
1113.21227;7;1;4294967255;1025;993;995;854;1019;1016;860;1799
1113.713219;7;2;4294967255;1023;993;995;852;1019;1016;859;1800
1114.21326;7;1;4294967254;1025;994;996;853;1019;1015;860;1803
1114.713207;7;2;4294967258;1025;993;995;853;1019;1016;860;1802
1115.213224;8;2;4294967254;1025;994;996;853;1019;1017;860;1802
1115.71434;7;3;4294967254;1025;994;997;853;1019;1017;860;1803
1116.212694;6;1;4294967253;1025;993;996;852;1019;1016;859;1801
1116.713237;7;2;4294967253;1026;994;996;853;1019;1016;860;1800
1117.213073;7;2;4294967256;1025;994;996;853;1020;1015;860;1802
1117.713518;7;1;4294967254;1025;994;998;853;1020;1015;860;1800
1118.213282;7;2;4294967255;1024;995;997;853;1019;1016;861;1803
1118.713136;6;1;4294967258;1025;994;996;854;1020;1017;860;1801
1119.213633;7;2;4294967256;1024;995;997;853;1020;1016;861;1799
1119.712418;7;3;4294967258;1025;995;996;854;1020;1016;860;1801
1120.213061;7;2;4294967256;1025;995;997;851;1021;1015;860;1801
1120.71307;7;2;4294967254;1026;995;996;854;1020;1017;860;1801
1121.213501;7;2;4294967257;1025;995;997;853;1020;1017;860;1803
1121.712855;7;2;4294967256;1026;995;997;853;1020;1016;860;1803
1122.213071;7;2;4294967255;1025;995;997;853;1020;1017;859;1800
1122.713256;6;2;4294967259;1026;995;997;853;1019;1015;860;1800
1123.213487;6;2;4294967258;1025;996;998;853;1020;1016;859;1800
1123.713725;7;2;4294967255;1024;996;997;853;1020;1017;860;1802
1124.212377;7;2;4294967254;1025;996;997;853;1020;1019;860;1802
1124.713334;7;2;4294967256;1024;997;997;857;1021;1015;860;1801
1125.213503;7;2;4294967254;1026;996;997;853;1020;1018;860;1802
1125.713404;6;1;4294967255;1025;997;997;853;1021;1016;859;1799
1126.211007;6;2;4294967258;1026;997;998;854;1020;1017;860;1803
1126.713114;6;2;4294967255;1025;996;997;854;1020;1018;861;1800
1127.212968;6;2;4294967256;1024;997;998;852;1022;1016;860;1801
1127.713936;7;1;4294967255;1025;997;998;853;1020;1017;861;1799
1128.213045;7;1;4294967259;1025;997;998;854;1021;1017;861;1799
1128.711867;7;2;4294967256;1025;998;998;854;1021;1017;860;1802
1129.213206;6;2;4294967261;1025;997;999;854;1022;1017;860;1803
1129.713285;6;2;4294967260;1025;998;998;853;1021;1016;860;1799
1130.212302;6;2;4294967256;1024;997;999;853;1022;1016;860;1802
1130.712877;6;2;4294967254;1025;998;999;854;1022;1017;860;1802
1131.214063;6;2;4294967254;1024;998;999;853;1022;1017;860;1800
1131.713086;7;1;4294967254;1025;999;999;854;1021;1017;860;1800
1132.212064;6;2;4294967255;1025;998;1000;854;1020;1017;860;1801
1132.712829;6;1;4294967260;1025;998;999;854;1022;1016;860;1800
1133.212996;6;1;4294967258;1026;998;1000;853;1021;1016;860;1800
1133.713306;6;1;4294967256;1025;999;1000;854;1021;1018;859;1802
1134.212394;7;2;4294967254;1024;998;999;852;1021;1017;860;1801
1134.713008;6;2;4294967257;1025;998;1000;854;1020;1013;859;1801
1135.212367;6;2;4294967257;1025;999;1000;854;1020;1017;859;1802
1135.712157;6;1;4294967256;1025;999;999;853;1021;1017;860;1802
1136.212855;6;2;4294967258;1025;999;1000;854;1021;1017;859;1800
1136.712873;6;2;4294967259;1025;998;1000;855;1020;1017;859;1803
1137.213125;6;1;4294967254;1025;999;1000;855;1021;1016;860;1800
1137.712452;6;1;4294967255;1025;999;1002;854;1021;1018;860;1800
1138.213594;7;2;4294967255;1024;1000;1001;854;1022;1016;860;1800
1138.713527;6;2;4294967256;1025;999;1001;853;1022;1017;860;1803
1139.212998;7;1;4294967253;1025;1000;1001;855;1022;1017;860;1802
1139.713293;6;2;4294967255;1025;1000;1001;854;1022;1018;859;1802
1140.213866;6;2;4294967252;1024;999;1001;854;1022;1017;860;1800
1140.713315;6;2;4294967256;1025;1000;1001;853;1023;1017;861;1800
1141.213371;6;2;4294967257;1024;1000;1001;854;1022;1017;861;1802
1141.712919;6;1;4294967258;1025;1002;1001;854;1022;1018;859;1800
1142.213248;6;2;4294967256;1025;1001;1001;854;1023;1017;860;1800
1142.712506;6;2;4294967257;1025;1002;1001;855;1024;1016;860;1802
1143.213355;7;2;4294967257;1025;1002;1002;854;1023;1017;861;1802
1143.712874;6;2;4294967258;1025;1001;1002;854;1023;1018;859;1803
1144.213403;6;2;4294967255;1025;1001;1002;854;1023;1017;861;1799
1144.712672;5;1;4294967257;1025;1001;1003;854;1023;1017;860;1803
1145.213101;5;1;4294967256;1025;1002;1002;854;1023;1018;860;1801
1145.71283;5;2;4294967256;1028;1001;1003;855;1023;1018;864;1803
1146.213336;5;1;4294967253;1025;1001;1003;851;1023;1018;860;1802
1146.713394;5;1;4294967252;1025;1001;1002;855;1023;1018;860;1799
1147.213217;5;1;4294967253;1025;1002;1003;854;1023;1017;861;1800
1147.712881;6;2;4294967256;1025;1002;1002;854;1023;1018;858;1801
1148.21245;6;1;4294967257;1026;1002;1002;855;1023;1019;860;1800
1148.713376;6;1;4294967257;1026;1001;1003;854;1024;1018;860;1799
1149.213074;6;2;4294967261;1025;1002;1004;854;1023;1019;860;1800
1149.712413;5;2;4294967255;1025;1002;1002;855;1023;1018;860;1803
1150.212895;6;1;4294967256;1025;1002;1003;855;1023;1019;860;1801
1150.713123;6;2;4294967258;1024;1001;1003;855;1023;1019;860;1802
1151.212899;6;2;4294967254;1025;1002;1003;855;1024;1018;861;1801
1151.713169;6;1;4294967257;1026;1003;1004;854;1024;1019;860;1800
1152.212971;6;2;4294967255;1025;1002;1003;856;1023;1018;860;1800
1152.71356;5;1;4294967249;1025;1003;1003;855;1024;1018;861;1802
1153.213318;5;2;4294967254;1025;1003;1004;855;1023;1019;860;1800
1153.712952;5;2;4294967259;1025;1002;1003;855;1024;1018;860;1799
1154.213015;6;1;4294967257;1025;1003;1002;854;1023;1019;860;1799
1154.7125;6;2;4294967256;1025;1002;1003;855;1023;1019;860;1801
1155.213171;5;1;4294967256;1025;1003;1004;855;1024;1016;860;1800
1155.713741;5;2;4294967261;1026;1002;1005;854;1023;1020;860;1801
1156.21225;5;2;4294967253;1025;1003;1004;854;1024;1018;861;1802
1156.713022;5;2;4294967256;1025;1003;1004;854;1026;1018;861;1800
1157.213477;5;1;4294967256;1025;1003;1004;855;1023;1018;861;1799
1157.713448;6;1;4294967250;1023;1003;1004;854;1023;1018;860;1800
1158.212141;5;2;4294967252;1025;1002;1003;855;1023;1019;860;1800
1158.712375;6;1;4294967257;1025;1002;1004;854;1023;1018;861;1800
1159.213019;6;2;4294967255;1026;1002;1003;855;1024;1018;861;1801
1159.712819;5;1;4294967255;1025;1003;1003;855;1023;1020;862;1801
1160.213051;6;2;4294967258;1026;1003;1003;856;1023;1019;860;1803
1160.711119;4;1;4294967257;1025;1003;1005;855;1024;1018;861;1800
1161.213179;5;1;4294967260;1025;1003;1005;855;1025;1019;860;1801
1161.712259;5;1;4294967256;1026;1003;1003;854;1024;1018;861;1803
1162.212666;4;1;4294967255;1026;1003;1004;855;1023;1019;861;1801
1162.713656;5;1;4294967256;1025;1003;1004;856;1024;1019;860;1800
1163.212712;5;2;4294967255;1025;1003;1005;855;1023;1019;861;1802
1163.713706;5;1;4294967256;1025;1003;1005;856;1023;1018;860;1801
1164.212752;5;1;4294967252;1025;1003;1005;855;1024;1018;860;1800
1164.71246;5;1;4294967256;1026;1002;1004;855;1023;1019;861;1800
1165.213421;4;1;4294967254;1025;1002;1005;855;1022;1022;861;1803
1165.713063;4;1;4294967257;1024;1003;1005;856;1022;1018;861;1800
1166.213128;4;2;4294967255;1025;1004;1004;855;1023;1019;861;1800
1166.713418;5;1;4294967256;1025;1004;1004;856;1023;1019;861;1803
1167.212204;4;1;4294967255;1026;1003;1005;855;1022;1019;860;1800
1167.713229;5;1;4294967255;1026;1003;1005;855;1023;1020;864;1800
1168.213492;5;1;4294967258;1025;1003;1005;855;1023;1019;861;1800
1168.71349;6;1;4294967257;1026;1004;1005;855;1024;1020;860;1801
1169.213392;5;1;4294967253;1025;1004;1005;855;1024;1020;861;1801
1169.713302;6;1;4294967260;1025;1004;1004;855;1021;1019;860;1801
1170.213412;5;0;4294967255;1025;1004;1005;856;1022;1019;860;1800
1170.713248;5;1;4294967260;1026;1004;1005;855;1023;1019;861;1802
1171.213591;4;2;4294967259;1025;1004;1004;857;1023;1019;860;1803
1171.712569;5;1;4294967258;1025;1004;1005;855;1023;1019;861;1799
1172.211479;5;1;4294967257;1025;1004;1005;856;1023;1019;860;1800
1172.712938;5;1;4294967258;1025;1005;1005;855;1022;1020;861;1803
1173.213224;5;1;4294967262;1025;1004;1005;855;1023;1020;861;1801
1173.712699;5;1;4294967255;1025;1005;1005;856;1023;1020;860;1803
1174.213383;5;1;4294967256;1025;1005;1006;855;1024;1019;861;1800
1174.713267;4;1;4294967256;1025;1004;1006;855;1023;1017;860;1803
1175.212973;5;1;4294967256;1026;1006;1006;855;1023;1020;860;1803
1175.713808;4;1;4294967255;1025;1006;1006;856;1023;1020;860;1800
1176.213215;4;1;4294967253;1026;1006;1006;855;1024;1019;861;1801
1176.713062;4;1;4294967258;1025;1006;1006;855;1019;1020;860;1802
1177.213192;4;1;4294967256;1026;1006;1008;856;1024;1019;861;1800
1177.712528;5;1;4294967256;1025;1005;1007;856;1025;1020;860;1800
1178.213774;4;1;4294967258;1025;1006;1007;855;1024;1019;861;1799
1178.713293;5;1;4294967257;1025;1007;1007;856;1024;1020;861;1799
1179.213059;4;1;4294967251;1026;1006;1005;855;1024;1020;860;1803
1179.713552;5;1;4294967252;1025;1005;1007;856;1024;1020;861;1803
1180.212623;4;1;4294967251;1025;1006;1007;855;1024;1020;861;1800
1180.71334;5;1;4294967255;1025;1006;1007;855;1025;1020;861;1799
1181.213079;4;1;4294967254;1025;1006;1007;856;1023;1019;860;1800
1181.713322;4;1;4294967255;1025;1005;1007;856;1023;1021;860;1802
1182.213431;5;2;4294967254;1026;1006;1007;856;1023;1020;860;1798
1182.71349;4;1;4294967256;1025;1005;1008;856;1023;1019;861;1801
1183.212964;4;1;4294967255;1026;1006;1008;856;1023;1020;860;1800
1183.712716;5;1;4294967254;1025;1006;1008;857;1023;1019;860;1798
1184.213433;5;1;4294967258;1025;1007;1007;856;1023;1019;861;1800
1184.713123;5;1;4294967257;1026;1006;1007;856;1022;1020;861;1802
1185.213504;4;1;4294967254;1025;1006;1007;857;1023;1020;860;1800
1185.711239;5;1;4294967256;1025;1006;1008;856;1023;1019;860;1800
1186.212877;4;1;4294967263;1025;1006;1008;856;1023;1019;861;1801
1186.713093;4;1;4294967257;1025;1006;1007;855;1023;1019;860;1803
1187.213075;4;1;4294967258;1025;1007;1008;856;1022;1021;861;1802
1187.712785;5;2;4294967259;1025;1006;1008;856;1022;1020;860;1800
1188.21233;5;1;4294967254;1025;1006;1007;856;1022;1020;860;1800
1188.712842;4;1;4294967257;1026;1007;1008;855;1022;1019;860;1803
1189.213137;4;1;4294967258;1026;1006;1007;857;1024;1019;862;1802
1189.711791;4;1;4294967260;1025;1007;1008;857;1022;1020;860;1800
1190.213401;5;1;4294967258;1026;1006;1008;857;1022;1020;861;1801
1190.712415;4;1;4294967256;1025;1007;1009;856;1022;1020;861;1802
1191.212535;4;1;4294967257;1025;1006;1008;856;1021;1020;860;1802
1191.712539;4;1;4294967256;1026;1006;1008;856;1022;1020;862;1800
1192.209814;5;1;4294967252;1026;1006;1007;856;1022;1021;862;1800
1192.712442;3;1;4294967260;1024;1007;1009;856;1022;1015;861;1801
1193.212723;4;1;4294967252;1025;1007;1008;855;1022;1019;861;1803
1193.713111;4;1;4294967255;1025;1006;1008;857;1022;1019;860;1801
1194.209943;5;1;4294967258;1025;1006;1008;856;1021;1019;862;1800
1194.713411;4;1;4294967258;1026;1007;1008;857;1022;1021;861;1800
1195.213098;4;1;4294967256;1025;1005;1011;856;1021;1020;861;1800
1195.710827;5;1;4294967253;1025;1006;1009;856;1021;1016;861;1800
1196.213349;4;1;4294967255;1025;1010;1008;856;1022;1019;862;1801
1196.709828;4;1;4294967258;1025;1006;1008;856;1022;1020;861;1803
1197.212044;4;1;4294967256;1025;1006;1008;856;1022;1018;861;1800
1197.712307;4;1;4294967255;1025;1006;1008;855;1021;1019;861;1801
1198.212662;4;1;4294967254;1024;1006;1007;857;1022;1019;864;1802
1198.712872;4;2;4294967253;1024;1007;1007;856;1022;1020;861;1801
1199.213304;4;1;4294967258;1024;1007;1008;856;1022;1021;861;1800
